"""Customer Provided Item"" cannot be Purchase Item also","""Položka poskytnutá zákazníkom"" nemôže byť tiež položkou nákupu",
"""Customer Provided Item"" cannot have Valuation Rate","""Položka poskytnutá zákazníkom"" nemôže mať oceňovaciu sadzbu",
"""Is Fixed Asset"" cannot be unchecked, as Asset record exists against the item","""Je dlhodobým majetkom"" nemožno odškrtnúť, pretože k položke existuje záznam o majetku",
'Based On' and 'Group By' can not be same,'Based On' a 'Group By' nemôžu byť rovnaké,
'Days Since Last Order' must be greater than or equal to zero,"""Dni od poslednej objednávky"" musia byť väčšie alebo rovné nule",
'Entries' cannot be empty,'Entries' nemôže byť prázdny,
'From Date' is required,"Vyžaduje sa položka ""Od dátumu"".",
'From Date' must be after 'To Date',"""Od dátumu"" musí nasledovať za ""Do dátumu"".",
'Has Serial No' can not be 'Yes' for non-stock item,"""Má sériové číslo"" nemôže byť ""Áno"" pre neskladovú položku",
'Opening',"""Otvorenie",
'To Case No.' cannot be less than 'From Case No.',"""Do prípadu č."" nemôže byť menšia ako ""Z prípadu č."".",
'To Date' is required,"Vyžaduje sa položka ""K dátumu"".",
'Total','Celkom',
'Update Stock' can not be checked because items are not delivered via {0},"""Aktualizovať zásoby"" nie je možné skontrolovať, pretože položky nie sú dodávané prostredníctvom {0}",
'Update Stock' cannot be checked for fixed asset sale,"""Aktualizovať zásoby"" nie je možné zaškrtnúť pri predaji dlhodobého majetku",
1 exact match.,1 presná zhoda.,
90-Above,90-nad,
A Customer Group exists with same name please change the Customer name or rename the Customer Group,"Existuje skupina zákazníkov s rovnakým názvom, prosím, zmeňte názov zákazníka alebo premenujte skupinu zákazníkov",
A Default Service Level Agreement already exists.,Predvolená dohoda o úrovni služieb už existuje.,
A Lead requires either a person's name or an organization's name,"Lead vyžaduje buď meno osoby, alebo názov organizácie",
A customer with the same name already exists,Zákazník s rovnakým názvom už existuje,
A question must have more than one options,Otázka musí mať viac ako jednu možnosť,
A qustion must have at least one correct options,Otázka musí mať aspoň jednu správnu možnosť,
A4,A4,
API Endpoint,Koncový bod API,
API Key,Kľúč API,
Abbr can not be blank or space,Abbr nemôže byť prázdne alebo s medzerou,
Abbreviation already used for another company,"Skratka, ktorá sa už používa pre inú spoločnosť",
Abbreviation cannot have more than 5 characters,Skratka nemôže mať viac ako 5 znakov,
Abbreviation is mandatory,Skratka je povinná,
About the Company,O spoločnosti,
About your company,O vašej spoločnosti,
Above,Nad,
Academic Term,Akademický termín,
Academic Term:,Akademický termín:,
Academic Year,Akademický rok,
Academic Year:,Akademický rok:,
Accepted + Rejected Qty must be equal to Received quantity for Item {0},Prijaté + odmietnuté množstvo sa musí rovnať prijatému množstvu pre položku {0},
Access Token,Prístupový token,
Accessable Value,Prístupná hodnota,
Account,Účet,
Account Number,Číslo účtu,
Account Number {0} already used in account {1},Číslo účtu {0} sa už používa na účte {1},
Account Pay Only,Iba platba na účet,
Account Type,Typ účtu,
Account Type for {0} must be {1},Typ účtu pre {0} musí byť {1},
"Account balance already in Credit, you are not allowed to set 'Balance Must Be' as 'Debit'","Zostatok na účte je už v kredite, nemôžete nastaviť 'Balance Must Be' ako 'Debit'.",
"Account balance already in Debit, you are not allowed to set 'Balance Must Be' as 'Credit'","Zostatok na účte je už na ťarchu, nemôžete nastaviť ""Zostatok musí byť"" ako ""Kredit"".",
Account number for account {0} is not available.<br> Please setup your Chart of Accounts correctly.,"Číslo účtu pre účet {0} nie je k dispozícii.<br> Prosím, nastavte správne svoju účtovnú osnovu.",
Account with child nodes cannot be converted to ledger,Účet s podriadenými uzlami nie je možné previesť do účtovnej knihy,
Account with child nodes cannot be set as ledger,Účet s podriadenými uzlami nie je možné nastaviť ako účtovnú knihu,
Account with existing transaction can not be converted to group.,Účet s existujúcou transakciou nie je možné previesť do skupiny.,
Account with existing transaction can not be deleted,Účet s existujúcou transakciou nie je možné vymazať,
Account with existing transaction cannot be converted to ledger,Účet s existujúcou transakciou nie je možné previesť do hlavnej knihy,
Account {0} does not belong to company: {1},Účet {0} nepatrí spoločnosti: {1},
Account {0} does not belongs to company {1},Účet {0} nepatrí spoločnosti {1},
Account {0} does not exist,Účet {0} neexistuje,
Account {0} does not exists,Účet {0} neexistuje,
Account {0} does not match with Company {1} in Mode of Account: {2},Účet {0} sa nezhoduje so spoločnosťou {1} v režime účtu: {2},
Account {0} has been entered multiple times,Účet {0} bol zadaný viackrát,
Account {0} is added in the child company {1},Účet {0} sa pridá do dcérskej spoločnosti {1},
Account {0} is frozen,Účet {0} je zmrazený,
Account {0} is invalid. Account Currency must be {1},Účet {0} je neplatný. Mena účtu musí byť {1},
Account {0}: Parent account {1} can not be a ledger,Účet {0}: Nadradený účet {1} nemôže byť účtovnou knihou,
Account {0}: Parent account {1} does not belong to company: {2},Účet {0}: Materský účet {1} nepatrí spoločnosti: {2},
Account {0}: Parent account {1} does not exist,Účet {0}: Nadradený účet {1} neexistuje,
Account {0}: You can not assign itself as parent account,Účet {0}: Nemôžete sa priradiť ako nadradený účet,
Account: {0} can only be updated via Stock Transactions,Účet: {0} možno aktualizovať len prostredníctvom transakcií so zásobami,
Account: {0} with currency: {1} can not be selected,Účet: {0} s menou: {1} nie je možné vybrať,
Accountant,Účtovník,
Accounting,Účtovníctvo,
Accounting Entry for Asset,Účtovný zápis pre majetok,
Accounting Entry for Stock,Účtovný zápis pre zásoby,
Accounting Entry for {0}: {1} can only be made in currency: {2},Účtovný zápis pre {0}: {1} sa môže vykonať len v mene: {2},
Accounting Ledger,Účtovná kniha,
Accounting journal entries.,Zápisy do účtovného denníka.,
Accounts,Účty,
Accounts Manager,Manažér účtovníctva,
Accounts Payable,Záväzky voči účtovníctvu,
Accounts Payable Summary,Súhrn záväzkov,
Accounts Receivable,Pohľadávky,
Accounts Receivable Summary,Prehľad pohľadávok,
Accounts User,Účty Používateľ,
Accounts table cannot be blank.,Tabuľka účtov nemôže byť prázdna.,
Accumulated Depreciation,Kumulované odpisy,
Accumulated Depreciation Amount,Kumulovaná suma odpisov,
Accumulated Depreciation as on,Naakumulované odpisy ku dňu,
Accumulated Monthly,Kumulované mesačné,
Accumulated Values,Kumulované hodnoty,
Accumulated Values in Group Company,Kumulované hodnoty v spoločnosti skupiny,
Achieved ({}),Dosiahnuté ({}),
Action,Akcia,
Action Initialised,Inicializovaná akcia,
Actions,Akcie,
Active,Aktívne,
Activity Cost exists for Employee {0} against Activity Type - {1},Náklady na činnosť existujú pre zamestnanca {0} voči typu činnosti - {1},
Activity Cost per Employee,Náklady na činnosť na zamestnanca,
Activity Type,Typ činnosti,
Actual Cost,Skutočné náklady,
Actual Delivery Date,Skutočný dátum dodania,
Actual Qty,Skutočné množstvo,
Actual Qty is mandatory,Skutočný počet kusov je povinný,
Actual Qty {0} / Waiting Qty {1},Skutočné množstvo {0} / Čakacie množstvo {1},
Actual Qty: Quantity available in the warehouse.,Skutočné množstvo: Dostupné množstvo na sklade.,
Actual qty in stock,Skutočné množstvo na sklade,
Actual type tax cannot be included in Item rate in row {0},Skutočný typ dane nemožno zahrnúť do sadzby položky v riadku {0},
Add,Pridať,
Add / Edit Prices,Pridanie / úprava cien,
Add Comment,Pridať komentár,
Add Customers,Pridať zákazníkov,
Add Employees,Pridať zamestnancov,
Add Item,Pridať položku,
Add Items,Pridávanie položiek,
Add Leads,Pridanie vedenia,
Add Multiple Tasks,Pridanie viacerých úloh,
Add Sales Partners,Pridanie predajných partnerov,
Add Serial No,Pridať sériové číslo,
Add Students,Pridať študentov,
Add Suppliers,Pridať dodávateľov,
Add Time Slots,Pridanie časových slotov,
Add Timesheets,Pridať časové hárky,
Add Timeslots,Pridať časové intervaly,
Add Users to Marketplace,Pridanie používateľov na trhovisko,
Add a new address,Pridanie novej adresy,
Add cards or custom sections on homepage,Pridanie kariet alebo vlastných sekcií na domovskú stránku,
Add more items or open full form,Pridať ďalšie položky alebo otvoriť celý formulár,
Add notes,Pridajte poznámky,
Add the rest of your organization as your users. You can also add invite Customers to your portal by adding them from Contacts,Pridajte zvyšok organizácie ako používateľov. Na portál môžete pridať aj pozvánku Zákazníci pridaním z Kontaktov,
Add/Remove Recipients,Pridanie/odstránenie príjemcov,
Added,Pridané,
Added {0} users,Pridané {0} používateľov,
Additional Salary Component Exists.,Dodatočná zložka mzdy existuje.,
Address,Adresa,
Address Line 2,Adresný riadok 2,
Address Name,Názov adresy,
Address Title,Adresa Názov,
Address Type,Typ adresy,
Administrative Expenses,Administratívne výdavky,
Administrative Officer,Administratívny pracovník,
Administrator,Správca,
Admission,Prijatie,
Admission and Enrollment,Prijatie a zápis,
Admissions for {0},Prijatie pre {0},
Admit,Pripustiť,
Admitted,Prijaté,
Advance Amount,Výška zálohy,
Advance Payments,Zálohové platby,
Advance account currency should be same as company currency {0},Mena zálohového účtu by mala byť rovnaká ako mena spoločnosti {0},
Advance amount cannot be greater than {0} {1},Výška zálohy nemôže byť vyššia ako {0} {1},
Advertising,Reklama,
Aerospace,Letecký priemysel,
Against,Proti,
Against Account,Proti účtu,
Against Journal Entry {0} does not have any unmatched {1} entry,Proti položke v denníku {0} neexistuje žiadna nezhodná položka {1},
Against Journal Entry {0} is already adjusted against some other voucher,Oproti položke v denníku {0} sa už upravuje nejaký iný poukaz,
Against Supplier Invoice {0} dated {1},Voči dodávateľskej faktúre {0} zo dňa {1},
Against Voucher,Proti poukazu,
Against Voucher Type,Proti typu poukazu,
Age,Vek,
Age (Days),Vek (dni),
Ageing Based On,Starnutie na základe,
Ageing Range 1,Rozsah starnutia 1,
Ageing Range 2,Rozsah starnutia 2,
Ageing Range 3,Rozsah starnutia 3,
Agriculture,Poľnohospodárstvo,
Agriculture (beta),Poľnohospodárstvo (beta),
Airline,Letecká spoločnosť,
All Accounts,Všetky účty,
All Addresses.,Všetky adresy.,
All Assessment Groups,Všetky hodnotiace skupiny,
All BOMs,Všetky kusovníky,
All Contacts.,Všetky kontakty.,
All Customer Groups,Všetky skupiny zákazníkov,
All Day,Celý deň,
All Departments,Všetky oddelenia,
All Healthcare Service Units,Všetky jednotky zdravotnej starostlivosti,
All Item Groups,Všetky skupiny položiek,
All Products,Všetky produkty,
All Products or Services.,Všetky produkty alebo služby.,
All Student Admissions,Prijímanie všetkých študentov,
All Supplier Groups,Všetky skupiny dodávateľov,
All Supplier scorecards.,Všetky hodnotiace karty dodávateľov.,
All Territories,Všetky územia,
All Warehouses,Všetky sklady,
All communications including and above this shall be moved into the new Issue,Všetka komunikácia vrátane a nad rámec tejto položky sa presunie do nového vydania,
All items have already been transferred for this Work Order.,Všetky položky už boli prenesené pre túto pracovnú objednávku.,
All other ITC,Všetky ostatné ITC,
All the mandatory Task for employee creation hasn't been done yet.,Všetky povinné úlohy na vytvorenie zamestnanca ešte neboli vykonané.,
Allocate Payment Amount,Prideliť sumu platby,
Allocated Amount,Pridelená suma,
Allocating leaves...,Prideľovanie listov...,
Already record exists for the item {0},Pre položku {0} už existuje záznam,
"Already set default in pos profile {0} for user {1}, kindly disabled default","Už nastavené predvolené nastavenie v profile pos {0} pre používateľa {1}, láskavo vypnite predvolené nastavenie",
Alternate Item,Alternatívna položka,
Alternative item must not be same as item code,Alternatívna položka nesmie byť rovnaká ako kód položky,
Amended From,Zmenené od,
Amount,Suma,
Amount After Depreciation,Suma po odpisoch,
Amount of Integrated Tax,Výška integrovanej dane,
Amount of TDS Deducted,Výška odpočítanej dane TDS,
Amount should not be less than zero.,Suma by nemala byť nižšia ako nula.,
Amount to Bill,Suma na účet,
Amount {0} {1} against {2} {3},Suma {0} {1} proti {2} {3},
Amount {0} {1} deducted against {2},Suma {0} {1} odpočítaná od {2},
Amount {0} {1} transferred from {2} to {3},Suma {0} {1} prevedená z {2} na {3},
Amount {0} {1} {2} {3},Suma {0} {1} {2} {3},
Amt,Amt,
"An Item Group exists with same name, please change the item name or rename the item group","Existuje skupina položiek s rovnakým názvom, zmeňte názov položky alebo premenujte skupinu položiek",
An academic term with this 'Academic Year' {0} and 'Term Name' {1} already exists. Please modify these entries and try again.,"Akademický semester s týmto ""Akademický rok"" {0} a ""Názov semestra"" {1} už existuje. Prosím, upravte tieto položky a skúste to znova.",
An error occurred during the update process,Počas procesu aktualizácie došlo k chybe,
"An item exists with same name ({0}), please change the item group name or rename the item","Existuje položka s rovnakým názvom ({0}), zmeňte názov skupiny položiek alebo položku premenujte",
Analyst,Analytik,
Annual Billing: {0},Ročné vyúčtovanie: {0},
Another Budget record '{0}' already exists against {1} '{2}' and account '{3}' for fiscal year {4},"Voči {1} už existuje ďalší rozpočtový záznam ""{0}"". ""{2}"" a účet ""{3}"" pre rozpočtový rok {4}",
Another Period Closing Entry {0} has been made after {1},Ďalší záznam o ukončení obdobia {0} bol vykonaný po {1},
Another Sales Person {0} exists with the same Employee id,Existuje ďalší predajca {0} s rovnakým ID zamestnanca,
Antibiotic,Antibiotikum,
Apparel & Accessories,Oblečenie a príslušenstvo,
Applicable For,Platí pre,
"Applicable if the company is SpA, SApA or SRL","Uplatňuje sa, ak je spoločnosť SpA, SApA alebo SRL",
Applicable if the company is a limited liability company,"Uplatňuje sa, ak je spoločnosť spoločnosťou s ručením obmedzeným",
Applicable if the company is an Individual or a Proprietorship,"Uplatňuje sa, ak je spoločnosť fyzickou osobou alebo vlastníkom",
Application of Funds (Assets),Použitie finančných prostriedkov (aktív),
Applied,Aplikované,
Appointment Confirmation,Potvrdenie vymenovania,
Appointment Duration (mins),Trvanie stretnutia (minúty),
Appointment Type,Typ vymenovania,
Appointment {0} and Sales Invoice {1} cancelled,Schôdzka {0} a predajná faktúra {1} zrušené,
Appointments and Encounters,Stretnutia a stretnutia,
Appointments and Patient Encounters,Schôdzky a stretnutia s pacientmi,
Appraisal {0} created for Employee {1} in the given date range,Hodnotenie {0} vytvorené pre zamestnanca {1} v danom rozsahu dátumov,
Approving Role cannot be same as role the rule is Applicable To,"Schvaľujúca rola nemôže byť rovnaká ako rola, na ktorú sa pravidlo vzťahuje",
Approving User cannot be same as user the rule is Applicable To,"Schvaľujúci používateľ nemôže byť rovnaký ako používateľ, na ktorého sa pravidlo vzťahuje",
"Apps using current key won't be able to access, are you sure?","Aplikácie používajúce aktuálny kľúč nebudú mať prístup, ste si istí?",
Are you sure you want to cancel this appointment?,"Ste si istí, že chcete zrušiť toto stretnutie?",
Arrear,Nedoplatky,
As Examiner,Ako skúšajúci,
As On Date,Od dátumu,
As Supervisor,Ako vedúci,
As per rules 42 & 43 of CGST Rules,Podľa pravidiel 42 a 43 pravidiel CGST,
As per section 17(5),Podľa § 17 ods. 5,
Assessment,Hodnotenie,
Assessment Criteria,Kritériá hodnotenia,
Assessment Group,Hodnotiaca skupina,
Assessment Group:,Hodnotiaca skupina:,
Assessment Plan,Plán hodnotenia,
Assessment Plan Name,Názov plánu hodnotenia,
Assessment Report,Hodnotiaca správa,
Assessment Reports,Hodnotiace správy,
Assessment Result,Výsledok hodnotenia,
Assessment Result record {0} already exists.,Záznam o výsledku hodnotenia {0} už existuje.,
Asset,Aktíva,
Asset Category,Kategória aktív,
Asset Category is mandatory for Fixed Asset item,Kategória majetku je povinná pre položku dlhodobého majetku,
Asset Maintenance,Údržba majetku,
Asset Movement,Pohyb aktív,
Asset Movement record {0} created,Záznam o pohybe majetku {0} vytvorený,
Asset Name,Názov aktíva,
Asset Received But Not Billed,"Prijaté, ale nevyfakturované aktíva",
Asset Value Adjustment,Úprava hodnoty majetku,
"Asset cannot be cancelled, as it is already {0}","Aktívum nemožno zrušiť, pretože už je {0}",
Asset scrapped via Journal Entry {0},Majetok vyradený prostredníctvom záznamu v denníku {0},
"Asset {0} cannot be scrapped, as it is already {1}","Majetok {0} nemožno vyradiť, pretože už je {1}",
Asset {0} does not belong to company {1},Majetok {0} nepatrí spoločnosti {1},
Asset {0} must be submitted,Musí sa predložiť aktívum {0},
Assets,Aktíva,
Assign To,Priradiť k,
Associate,Spolupracovník,
At least one mode of payment is required for POS invoice.,Pre faktúru POS sa vyžaduje aspoň jeden spôsob platby.,
Atleast one item should be entered with negative quantity in return document,V doklade o vrátení by sa mala uviesť aspoň jedna položka so záporným množstvom,
Atleast one of the Selling or Buying must be selected,Musí byť vybraná aspoň jedna z možností Predaj alebo Nákup,
Atleast one warehouse is mandatory,Najmenej jeden sklad je povinný,
Attach Logo,Pripojte logo,
Attachment,Príloha,
Attachments,Prílohy,
Attendance can not be marked for future dates,Účasť nie je možné označiť pre budúce termíny,
Attendance date can not be less than employee's joining date,Dátum dochádzky nesmie byť kratší ako dátum nástupu zamestnanca,
Attendance for employee {0} is already marked,Dochádzka zamestnanca {0} je už označená,
Attendance has been marked successfully.,Účasť bola úspešne označená.,
Attendance not submitted for {0} as {1} on leave.,"Dochádzka nebola predložená pre {0}, keďže {1} je na dovolenke.",
Attribute table is mandatory,Tabuľka atribútov je povinná,
Attribute {0} selected multiple times in Attributes Table,Atribút {0} vybraný viackrát v tabuľke atribútov,
Authorized Signatory,Autorizovaný signatár,
Auto Material Requests Generated,Automatické generovanie požiadaviek na materiál,
Auto Repeat,Automatické opakovanie,
Auto repeat document updated,Automatické opakovanie aktualizácie dokumentu,
Automotive,Automobilový priemysel,
Available,Dostupné na,
Available Qty,Dostupné množstvo,
Available Selling,Dostupný predaj,
Available for use date is required,Vyžaduje sa dátum k dispozícii na použitie,
Available slots,Dostupné sloty,
Available {0},Dostupné {0},
Available-for-use Date should be after purchase date,Dátum dostupnosti na použitie by mal byť po dátume nákupu,
Average Age,Priemerný vek,
Average Rate,Priemerná sadzba,
Avg Daily Outgoing,Priemerná denná odchádzajúca,
Avg. Buying Price List Rate,Priemerná hodnota. Nákupná cena Cenníková sadzba,
Avg. Selling Price List Rate,Priemerná hodnota. Predajná cena Cenníková sadzba,
Avg. Selling Rate,Priemerná hodnota. Predajná sadzba,
BOM,BOM,
BOM Browser,Prehliadač BOM,
BOM No,BOM č.,
BOM Rate,Sadzba BOM,
BOM Stock Report,Správa o zásobách BOM,
BOM and Manufacturing Quantity are required,Vyžaduje sa kusovník a výrobné množstvo,
BOM does not contain any stock item,kusovník neobsahuje žiadnu skladovú položku,
BOM {0} does not belong to Item {1},BOM {0} nepatrí do položky {1},
BOM {0} must be active,BOM {0} musí byť aktívny,
BOM {0} must be submitted,Musí sa predložiť BOM {0},
Balance,Bilancia,
Balance (Dr - Cr),Zostatok (Dr - Cr),
Balance ({0}),Rovnováha ({0}),
Balance Qty,Zostatok Množstvo,
Balance Sheet,Súvaha,
Balance Value,Bilančná hodnota,
Balance for Account {0} must always be {1},Zostatok účtu {0} musí byť vždy {1},
Bank,Banka,
Bank Account,Bankový účet,
Bank Accounts,Bankové účty,
Bank Draft,Bankový návrh,
Bank Name,Názov banky,
Bank Overdraft Account,Prečerpanie bankového účtu,
Bank Reconciliation,Zosúladenie bankových účtov,
Bank Reconciliation Statement,Výpis z bankového odsúhlasenia,
Bank Statement,Bankový výpis,
Bank Statement Settings,Nastavenia bankového výpisu,
Bank Statement balance as per General Ledger,Zostatok bankového výpisu podľa hlavnej knihy,
Bank account cannot be named as {0},Bankový účet nemôže byť pomenovaný ako {0},
Bank/Cash transactions against party or for internal transfer,Bankové/peňažné transakcie voči strane alebo na interný prevod,
Banking,Bankovníctvo,
Banking and Payments,Bankovníctvo a platby,
Barcode {0} already used in Item {1},Čiarový kód {0} už bol použitý v položke {1},
Barcode {0} is not a valid {1} code,Čiarový kód {0} nie je platný kód {1},
Base URL,Základná adresa URL,
Based On,Na základe,
Based On Payment Terms,Na základe platobných podmienok,
Batch,Dávka,
Batch Entries,Dávkové záznamy,
Batch ID is mandatory,ID dávky je povinné,
Batch Inventory,Dávková inventúra,
Batch Name,Názov dávky,
Batch No,Číslo dávky,
Batch number is mandatory for Item {0},Číslo dávky je povinné pre položku {0},
Batch {0} of Item {1} has expired.,Platnosť dávky {0} položky {1} vypršala.,
Batch {0} of Item {1} is disabled.,Dávka {0} položky {1} je vypnutá.,
Batch:,Dávka:,
Batches,Dávky,
Become a Seller,Staňte sa predajcom,
Bill,Bill,
Bill Date,Dátum vyúčtovania,
Bill No,Návrh zákona č.,
Bill of Materials,Výkaz materiálu,
Bill of Materials (BOM),Výkaz materiálu (BOM),
Billable Hours,Zúčtovateľné hodiny,
Billed,Účtované na,
Billed Amount,Účtovaná suma,
Billing Address,Fakturačná adresa,
Billing Address is same as Shipping Address,Fakturačná adresa je rovnaká ako dodacia adresa,
Billing Amount,Fakturačná suma,
Billing Status,Stav fakturácie,
Billing currency must be equal to either default company's currency or party account currency,"Fakturačná mena sa musí rovnať buď predvolenej mene spoločnosti, alebo mene účtu strany.",
Bills raised by Suppliers.,Účty predložené dodávateľmi.,
Bills raised to Customers.,Účty vystavené zákazníkom.,
Biotechnology,Biotechnológie,
Black,Čierna,
Blanket Orders from Costumers.,Hromadné objednávky od zákazníkov.,
Block Invoice,Bloková faktúra,
Boms,Boms,
Both Trial Period Start Date and Trial Period End Date must be set,Musí byť nastavený dátum začiatku skúšobného obdobia aj dátum konca skúšobného obdobia.,
Both Warehouse must belong to same Company,Oba sklady musia patriť tej istej spoločnosti,
Branch,Pobočka,
Broadcasting,Vysielanie,
Brokerage,Sprostredkovanie,
Browse BOM,Prehľadávať BOM,
Budget Against,Rozpočet proti,
Budget List,Zoznam rozpočtov,
Budget Variance Report,Správa o odchýlkach v rozpočte,
Budget cannot be assigned against Group Account {0},Rozpočet nemožno priradiť k účtu skupiny {0},
"Budget cannot be assigned against {0}, as it's not an Income or Expense account","Rozpočet nie je možné priradiť k účtu {0}, pretože to nie je účet príjmov alebo výdavkov",
Buildings,Budovy,
Bundle items at time of sale.,Pri predaji balíka položiek.,
Business Development Manager,Manažér pre rozvoj podnikania,
Buy,Kúpiť,
Buying,Nákup,
Buying Amount,Nákupná suma,
Buying Price List,Nákupný cenník,
Buying Rate,Nákupná sadzba,
"Buying must be checked, if Applicable For is selected as {0}","Ak je možnosť Použiteľné pre vybraná ako {0}, musí byť začiarknuté políčko Kupovať.",
By {0},Podľa {0},
Bypass credit check at Sales Order,Obchádzanie kontroly kreditu pri objednávke predaja,
C-Form records,Záznamy formulára C,
C-form is not applicable for Invoice: {0},Formulár C nie je použiteľný pre faktúru: {0},
CEO,GENERÁLNY RIADITEĽ,
CESS Amount,Suma CESS,
CGST Amount,Suma CGST,
CRM,CRM,
CWIP Account,Účet CWIP,
Calculated Bank Statement balance,Vypočítaný zostatok na bankovom výpise,
Campaign,Kampaň,
Can be approved by {0},Môže byť schválený {0},
"Can not filter based on Account, if grouped by Account","Nemožno filtrovať na základe účtu, ak je zoskupený podľa účtu",
"Can not filter based on Voucher No, if grouped by Voucher","Nemožno filtrovať na základe poukazu č., ak je zoskupený podľa poukazu",
"Can not mark Inpatient Record Discharged, there are Unbilled Invoices {0}","Nemožno označiť záznam o hospitalizácii ako prepustený, existujú nevyúčtované faktúry {0}",
Can only make payment against unbilled {0},Môže vykonať platbu len na základe nevyfakturovaných {0},
Can refer row only if the charge type is 'On Previous Row Amount' or 'Previous Row Total',"Môže odkazovať na riadok len vtedy, ak je typ poplatku ""Na sumu predchádzajúceho riadku"" alebo ""Na sumu predchádzajúceho riadku"".",
"Can't change valuation method, as there are transactions against some items which does not have it's own valuation method","Nie je možné zmeniť metódu oceňovania, pretože existujú transakcie voči niektorým položkám, ktoré nemajú vlastnú metódu oceňovania.",
Can't create standard criteria. Please rename the criteria,"Nie je možné vytvoriť štandardné kritériá. Prosím, premenujte kritériá",
Cancel,Zrušiť,
Cancel Material Visit {0} before cancelling this Warranty Claim,Zrušenie návštevy materiálu {0} pred zrušením tohto nároku na záruku,
Cancel Material Visits {0} before cancelling this Maintenance Visit,Zrušiť návštevy materiálu {0} pred zrušením tejto návštevy údržby,
Cancel Subscription,Zrušenie predplatného,
Cancel the journal entry {0} first,Najskôr zrušte záznam v denníku {0},
Canceled,Zrušené,
"Cannot Submit, Employees left to mark attendance","Nemožno odoslať, zamestnanci si nechali označiť dochádzku",
Cannot be a fixed asset item as Stock Ledger is created.,"Nemôže byť položkou dlhodobého majetku, pretože sa vytvára kniha zásob.",
Cannot cancel because submitted Stock Entry {0} exists,"Nemožno zrušiť, pretože existuje odoslaná skladová položka {0}",
Cannot cancel transaction for Completed Work Order.,Nie je možné zrušiť transakciu pre dokončený pracovný príkaz.,
Cannot cancel {0} {1} because Serial No {2} does not belong to the warehouse {3},"Nemožno zrušiť {0} {1}, pretože sériové číslo {2} nepatrí do skladu {3}",
Cannot change Attributes after stock transaction. Make a new Item and transfer stock to the new Item,Nie je možné zmeniť atribúty po skladovej transakcii. Vytvorte novú položku a preneste zásoby do novej položky,
Cannot change Fiscal Year Start Date and Fiscal Year End Date once the Fiscal Year is saved.,Po uložení fiškálneho roka nie je možné zmeniť dátum začiatku fiškálneho roka a dátum konca fiškálneho roka.,
Cannot change Service Stop Date for item in row {0},Nie je možné zmeniť dátum ukončenia služby pre položku v riadku {0},
Cannot change Variant properties after stock transaction. You will have to make a new Item to do this.,"Po skladovej transakcii nie je možné zmeniť vlastnosti variantu. Musíte vytvoriť novú položku, aby ste to mohli urobiť.",
"Cannot change company's default currency, because there are existing transactions. Transactions must be cancelled to change the default currency.","Nie je možné zmeniť predvolenú menu spoločnosti, pretože existujú transakcie. Ak chcete zmeniť predvolenú menu, transakcie sa musia zrušiť.",
Cannot change status as student {0} is linked with student application {1},"Nie je možné zmeniť status, pretože študent {0} je prepojený so žiadosťou študenta {1}",
Cannot convert Cost Center to ledger as it has child nodes,"Nemožno previesť nákladové stredisko do účtovnej knihy, pretože má podriadené uzly",
Cannot covert to Group because Account Type is selected.,"Nemožno sa skryť do skupiny, pretože je vybraný typ účtu.",
Cannot create Retention Bonus for left Employees,"Nemožno vytvoriť bonus za udržanie pre zamestnancov, ktorí odišli",
Cannot create a Delivery Trip from Draft documents.,Nie je možné vytvoriť cestu z návrhov dokumentov.,
Cannot deactivate or cancel BOM as it is linked with other BOMs,"Nie je možné deaktivovať alebo zrušiť kusovník, pretože je prepojený s inými kusovníkmi",
"Cannot declare as lost, because Quotation has been made.","Nemožno vyhlásiť za stratené, pretože bola vykonaná citácia.",
Cannot deduct when category is for 'Valuation' or 'Valuation and Total',"Nemožno odpočítať, ak je kategória určená pre ""Ocenenie"" alebo ""Ocenenie a spolu"".",
Cannot deduct when category is for 'Valuation' or 'Vaulation and Total',"Nemožno odpočítať, ak je kategória určená pre ""Oceňovanie"" alebo ""Oceňovanie a spolu"".",
"Cannot delete Serial No {0}, as it is used in stock transactions","Nie je možné vymazať sériové číslo {0}, pretože sa používa pri skladových transakciách",
Cannot enroll more than {0} students for this student group.,Do tejto skupiny študentov nemožno zapísať viac ako {0} študentov.,
Cannot produce more Item {0} than Sales Order quantity {1},Nie je možné vyrobiť viac položky {0} ako je množstvo v predajnej objednávke {1},
Cannot promote Employee with status Left,Nie je možné povýšiť zamestnanca so statusom Vľavo,
Cannot refer row number greater than or equal to current row number for this Charge type,Nemôže odkazovať na číslo riadku väčšie alebo rovné aktuálnemu číslu riadku pre tento typ poplatku,
Cannot select charge type as 'On Previous Row Amount' or 'On Previous Row Total' for first row,"Nie je možné vybrať typ poplatku ako ""Na základe sumy predchádzajúceho riadku"" alebo ""Na základe sumy predchádzajúceho riadku"" pre prvý riadok",
Cannot set as Lost as Sales Order is made.,Nemožno nastaviť ako Stratené ako je vytvorená objednávka predaja.,
Cannot set authorization on basis of Discount for {0},Nie je možné nastaviť autorizáciu na základe zľavy pre {0},
Cannot set multiple Item Defaults for a company.,Nie je možné nastaviť viacero predvolených položiek pre spoločnosť.,
Cannot set quantity less than delivered quantity,Nemožno nastaviť množstvo menšie ako dodané množstvo,
Cannot set quantity less than received quantity,Nemožno nastaviť množstvo menšie ako prijaté množstvo,
Cannot set the field <b>{0}</b> for copying in variants,Nie je možné nastaviť pole <b>{0}</b> pre kopírovanie vo variantoch,
Cannot transfer Employee with status Left,Nie je možné preniesť zamestnanca so statusom Vľavo,
Cannot {0} {1} {2} without any negative outstanding invoice,Nemôže {0} {1} {2} bez akejkoľvek zápornej neuhradenej faktúry,
Capital Equipments,Kapitálové vybavenie,
Capital Stock,Kapitálové zásoby,
Capital Work in Progress,Nedokončená investičná výstavba,
Cart,Košík,
Cart is Empty,Košík je prázdny,
Case No(s) already in use. Try from Case No {0},Už používané číslo (čísla) spisu. Skúste to od prípadu č. {0},
Cash,Hotovosť,
Cash Flow Statement,Výkaz peňažných tokov,
Cash Flow from Financing,Peňažný tok z financovania,
Cash Flow from Investing,Peňažné toky z investovania,
Cash Flow from Operations,Peňažné toky z prevádzky,
Cash In Hand,Hotovosť v hotovosti,
Cash or Bank Account is mandatory for making payment entry,Pri zadávaní platby je povinná hotovosť alebo bankový účet,
Cashier Closing,Uzatváranie pokladní,
Category,Kategória,
Category Name,Názov kategórie,
Caution,Upozornenie,
Central Tax,Centrálna daň,
Certification,Certifikácia,
Cess,Cess,
Change Amount,Zmena sumy,
Change Item Code,Zmena kódu položky,
Change Release Date,Zmena dátumu vydania,
Change Template Code,Zmena kódu šablóny,
Changing Customer Group for the selected Customer is not allowed.,Zmena skupiny zákazníkov pre vybraného zákazníka nie je povolená.,
Chapter,Kapitola,
Chapter information.,Informácie o kapitole.,
Charge of type 'Actual' in row {0} cannot be included in Item Rate,"Poplatok typu ""Skutočný"" v riadku {0} nemožno zahrnúť do sadzby položky",
Chargeble,Chargeble,
Charges are updated in Purchase Receipt against each item,Poplatky sa aktualizujú v doklade o kúpe pri každej položke,
"Charges will be distributed proportionately based on item qty or amount, as per your selection",Poplatky sa rozdelia pomerne na základe množstva alebo sumy položky podľa vášho výberu.,
Chart of Cost Centers,Schéma nákladových stredísk,
Check all,Skontrolujte všetky,
Checkout,Pokladňa,
Chemical,Chemické,
Cheque,Šek,
Cheque/Reference No,Šek/referenčné číslo,
Cheques Required,Požadované šeky,
Cheques and Deposits incorrectly cleared,Nesprávne zúčtované šeky a vklady,
Child Task exists for this Task. You can not delete this Task.,Pre túto úlohu existuje podriadená úloha. Túto úlohu nemôžete vymazať.,
Child nodes can be only created under 'Group' type nodes,"Podriadené uzly možno vytvárať len v rámci uzlov typu ""Skupina"".",
Child warehouse exists for this warehouse. You can not delete this warehouse.,Pre tento sklad existuje detský sklad. Tento sklad nemôžete vymazať.,
Circular Reference Error,Chyba kruhového odkazu,
City,Mesto,
City/Town,Mesto/obec,
Clay,Clay,
Clear filters,Vymazať filtre,
Clear values,Jasné hodnoty,
Clearance Date,Dátum zúčtovania,
Clearance Date not mentioned,Dátum zúčtovania nie je uvedený,
Clearance Date updated,Aktualizovaný dátum zúčtovania,
Client,Klient,
Client ID,ID klienta,
Client Secret,Tajomstvo klienta,
Clinical Procedure,Klinický postup,
Clinical Procedure Template,Šablóna klinického postupu,
Close Balance Sheet and book Profit or Loss.,Uzavrite súvahu a zaúčtujte zisk alebo stratu.,
Close Loan,Zatvoriť pôžičku,
Close the POS,Zatvorenie pokladnice,
Closed,Uzavreté,
Closed order cannot be cancelled. Unclose to cancel.,"Uzavretú objednávku nie je možné zrušiť. Ak chcete zrušiť objednávku, zrušte ju.",
Closing (Cr),Uzávierka (Cr),
Closing (Dr),Uzavretie (Dr),
Closing (Opening + Total),Záverečná (otváracia + celková),
Closing Account {0} must be of type Liability / Equity,Záverečný účet {0} musí byť typu pasívum / vlastný kapitál,
Closing Balance,Konečný zostatok,
Code,Kód,
Collapse All,Zbaliť všetko,
Color,Farba,
Colour,Farba,
Combined invoice portion must equal 100%,Kombinovaná časť faktúry sa musí rovnať 100 %.,
Commercial,Komerčné,
Commission,Komisia,
Commission Rate %,Sadzba provízie %,
Commission on Sales,Provízia z predaja,
Commission rate cannot be greater than 100,Sadzba provízie nemôže byť vyššia ako 100,
Community Forum,Fórum Spoločenstva,
Company (not Customer or Supplier) master.,Spoločnosť (nie zákazník alebo dodávateľ) master.,
Company Abbreviation,Skratka spoločnosti,
Company Abbreviation cannot have more than 5 characters,Skratka spoločnosti nemôže mať viac ako 5 znakov,
Company Name,Názov spoločnosti,
Company Name cannot be Company,Názov spoločnosti nemôže byť spoločnosť,
Company currencies of both the companies should match for Inter Company Transactions.,Pri vnútropodnikových transakciách by sa mali zhodovať meny oboch spoločností.,
Company is manadatory for company account,Spoločnosť je povinná pre firemný účet,
Company name not same,Názov spoločnosti nie je rovnaký,
Company {0} does not exist,Spoločnosť {0} neexistuje,
Compensatory leave request days not in valid holidays,"Dni žiadosti o náhradné voľno, ktoré nepatria medzi platné sviatky",
Complaint,Sťažnosť,
Completion Date,Dátum ukončenia,
Computer,Počítač,
Condition,Stav,
Configure,Konfigurácia stránky,
Configure {0},Konfigurácia {0},
Confirmed orders from Customers.,Potvrdené objednávky od zákazníkov.,
Connect Amazon with ERPNext,Prepojenie Amazonu s ERPNext,
Connect Shopify with ERPNext,Prepojenie služby Shopify s ERPNext,
Connect to Quickbooks,Pripojenie k aplikácii Quickbooks,
Connected to QuickBooks,Pripojenie ku QuickBooks,
Connecting to QuickBooks,Pripojenie ku QuickBooks,
Consultation,Konzultácie,
Consultations,Konzultácie,
Consulting,Poradenstvo,
Consumable,Spotrebný materiál,
Consumed,Spotrebované,
Consumed Amount,Spotrebované množstvo,
Consumed Qty,Spotrebované množstvo,
Consumer Products,Spotrebné výrobky,
Contact,Kontakt,
Contact Us,Kontaktujte nás,
Content,Obsah,
Content Masters,Majstri obsahu,
Content Type,Typ obsahu,
Continue Configuration,Pokračovať v konfigurácii,
Contract,Zmluva,
Contract End Date must be greater than Date of Joining,Dátum ukončenia zmluvy musí byť vyšší ako dátum nástupu,
Contribution %,Príspevok %,
Contribution Amount,Výška príspevku,
Conversion factor for default Unit of Measure must be 1 in row {0},Konverzný faktor pre predvolenú mernú jednotku musí byť 1 v riadku {0},
Conversion rate cannot be 0 or 1,Konverzný kurz nemôže byť 0 alebo 1,
Convert to Group,Konvertovať do skupiny,
Convert to Non-Group,"Konvertovať na skupinu, ktorá nie je skupinová",
Cosmetics,Kozmetika,
Cost Center,Nákladové stredisko,
Cost Center Number,Číslo nákladového strediska,
Cost Center and Budgeting,Nákladové stredisko a rozpočtovanie,
Cost Center is required in row {0} in Taxes table for type {1},Nákladové stredisko sa vyžaduje v riadku {0} v tabuľke Dane pre typ {1},
Cost Center with existing transactions can not be converted to group,Nákladové stredisko s existujúcimi transakciami nie je možné previesť na skupinu,
Cost Center with existing transactions can not be converted to ledger,Nákladové stredisko s existujúcimi transakciami nie je možné previesť do účtovnej knihy,
Cost Centers,Nákladové strediská,
Cost Updated,Aktualizované náklady,
Cost as on,Náklady odo dňa,
Cost of Delivered Items,Náklady na dodané položky,
Cost of Goods Sold,Náklady na predaný tovar,
Cost of Issued Items,Náklady na vydané položky,
Cost of New Purchase,Náklady na nový nákup,
Cost of Purchased Items,Náklady na zakúpené položky,
Cost of Scrapped Asset,Náklady na vyradený majetok,
Cost of Sold Asset,Obstarávacia cena predaného majetku,
Cost of various activities,Náklady na rôzne činnosti,
"Could not create Credit Note automatically, please uncheck 'Issue Credit Note' and submit again","Dobropis sa nepodarilo vytvoriť automaticky, zrušte začiarknutie položky ""Vystaviť dobropis"" a odošlite ho znova",
Could not generate Secret,Nepodarilo sa vygenerovať Secret,
Could not retrieve information for {0}.,Nepodarilo sa načítať informácie pre {0}.,
Could not solve criteria score function for {0}. Make sure the formula is valid.,"Nepodarilo sa vyriešiť funkciu hodnotenia kritérií pre {0}. Uistite sa, že vzorec je platný.",
Could not solve weighted score function. Make sure the formula is valid.,"Nepodarilo sa vyriešiť funkciu váženého skóre. Uistite sa, že vzorec je platný.",
Could not submit some Salary Slips,Nemohli ste predložiť niektoré výplatné pásky,
"Could not update stock, invoice contains drop shipping item.","Nie je možné aktualizovať zásoby, faktúra obsahuje položku drop shipping.",
Country wise default Address Templates,Predvolené šablóny adries podľa krajín,
Course Code:,Kód kurzu:,
Course Enrollment {0} does not exists,Zápis do kurzu {0} neexistuje,
Course Schedule,Rozvrh kurzov,
Course:,Kurz:,
Cr,Cr,
Create,Vytvoriť stránku,
Create BOM,Vytvorenie kusovníka,
Create Delivery Trip,Vytvorenie cesty s doručením,
Create Employee,Vytvoriť zamestnanca,
Create Employee Records,Vytvorenie záznamov o zamestnancoch,
"Create Employee records to manage leaves, expense claims and payroll","Vytváranie záznamov o zamestnancoch na správu dovoleniek, žiadostí o náhradu výdavkov a miezd",
Create Fee Schedule,Vytvorenie rozpisu poplatkov,
Create Fees,Vytvorenie poplatkov,
Create Inter Company Journal Entry,Vytvorenie záznamu do vnútropodnikového denníka,
Create Invoice,Vytvoriť faktúru,
Create Invoices,Vytvorenie faktúr,
Create Job Card,Vytvoriť kartu pracovného miesta,
Create Journal Entry,Vytvorenie záznamu v denníku,
Create Lead,Vytvorenie vedenia,
Create Leads,Vytváranie odkazov,
Create Maintenance Visit,Vytvorenie návštevy údržby,
Create Material Request,Vytvoriť požiadavku na materiál,
Create Multiple,Vytvorenie viacerých,
Create Opening Sales and Purchase Invoices,Vytvorenie počiatočných predajných a nákupných faktúr,
Create Payment Entries,Vytvorenie platobných záznamov,
Create Payment Entry,Vytvorenie záznamu o platbe,
Create Print Format,Vytvorenie formátu tlače,
Create Purchase Order,Vytvoriť objednávku,
Create Purchase Orders,Vytváranie objednávok,
Create Quotation,Vytvoriť ponuku,
Create Sales Invoice,Vytvorenie predajnej faktúry,
Create Sales Order,Vytvorenie objednávky predaja,
Create Sales Orders to help you plan your work and deliver on-time,"Vytváranie objednávok predaja, ktoré vám pomôžu plánovať prácu a dodať ju načas",
Create Sample Retention Stock Entry,Vytvorenie vzorového záznamu o zadržaných zásobách,
Create Student,Vytvoriť študent,
Create Student Batch,Vytvorenie dávky študentov,
Create Student Groups,Vytvorenie študentských skupín,
Create Supplier Quotation,Vytvorenie ponuky dodávateľa,
Create Tax Template,Vytvoriť daňovú šablónu,
Create Timesheet,Vytvorenie časového rozvrhu,
Create User,Vytvoriť používateľa,
Create Users,Vytvorenie používateľov,
Create Variant,Vytvoriť variant,
Create Variants,Vytvorenie variantov,
"Create and manage daily, weekly and monthly email digests.","Vytvárajte a spravujte denné, týždenné a mesačné e-mailové správy.",
Create customer quotes,Vytváranie cenových ponúk pre zákazníkov,
Create rules to restrict transactions based on values.,Vytvorenie pravidiel na obmedzenie transakcií na základe hodnôt.,
Created {0} scorecards for {1} between:,Vytvorené {0} hodnotiace karty pre {1} medzi:,
Creating Company and Importing Chart of Accounts,Vytvorenie spoločnosti a import účtovnej osnovy,
Creating Fees,Vytváranie poplatkov,
Creating student groups,Vytváranie študentských skupín,
Creating {0} Invoice,Vytvorenie {0} faktúry,
Credit,Úver,
Credit ({0}),Kredit ({0}),
Credit Account,Kreditný účet,
Credit Balance,Zostatok kreditu,
Credit Card,Kreditná karta,
Credit Days cannot be a negative number,Počet kreditných dní nemôže byť záporné číslo,
Credit Limit,Úverový limit,
Credit Note,Úverová poznámka,
Credit Note Amount,Suma úverového poukazu,
Credit Note Issued,Vydaný úverový prísľub,
Credit Note {0} has been created automatically,Dobropis {0} bol vytvorený automaticky,
Credit limit has been crossed for customer {0} ({1}/{2}),Pre zákazníka {0} bol prekročený úverový limit ({1}/{2}),
Creditors,Veritelia,
Criteria weights must add up to 100%,Váhy kritérií sa musia sčítať na 100 %.,
Crop Cycle,Cyklus plodín,
Crops & Lands,Plodiny a pôda,
Currency Exchange must be applicable for Buying or for Selling.,Výmena mien sa musí vzťahovať na nákup alebo predaj.,
Currency can not be changed after making entries using some other currency,Mena sa nedá zmeniť po vykonaní záznamov s použitím inej meny,
Currency exchange rate master.,Hlavný výmenný kurz meny.,
Currency for {0} must be {1},Mena pre {0} musí byť {1},
Currency is required for Price List {0},Pre cenník je potrebná mena {0},
Currency of the Closing Account must be {0},Mena záverečného účtu musí byť {0},
Currency of the price list {0} must be {1} or {2},Mena cenníka {0} musí byť {1} alebo {2},
Currency should be same as Price List Currency: {0},Mena by mala byť rovnaká ako mena cenníka: {0},
Current Assets,Krátkodobý majetok,
Current BOM and New BOM can not be same,Aktuálny kusovník a nový kusovník nemôžu byť rovnaké,
Current Liabilities,Krátkodobé záväzky,
Current Qty,Aktuálne množstvo,
Current invoice {0} is missing,Chýba aktuálna faktúra {0},
Custom HTML,Vlastné HTML,
Custom?,Vlastné?,
Customer,Zákazník,
Customer Addresses And Contacts,Adresy a kontakty zákazníkov,
Customer Contact,Kontakt na zákazníka,
Customer Database.,Databáza zákazníkov.,
Customer Group,Skupina zákazníkov,
Customer LPO,Zákazník LPO,
Customer LPO No.,Zákazník LPO č.,
Customer Name,Meno zákazníka,
Customer POS Id,Id zákazníka POS,
Customer Service,Zákaznícky servis,
Customer and Supplier,Zákazník a dodávateľ,
Customer is required,Zákazník je povinný,
Customer isn't enrolled in any Loyalty Program,Zákazník nie je zaregistrovaný v žiadnom vernostnom programe,
Customer required for 'Customerwise Discount',"Zákazník potrebný na získanie ""zľavy Customerwise",
Customer {0} does not belong to project {1},Zákazník {0} nepatrí do projektu {1},
Customer {0} is created.,Vytvorí sa zákazník {0}.,
Customers in Queue,Zákazníci vo fronte,
Customize Homepage Sections,Prispôsobenie častí domovskej stránky,
Customizing Forms,Prispôsobenie formulárov,
Daily Project Summary for {0},Denné zhrnutie projektu pre {0},
Daily Reminders,Denné pripomenutia,
Data Import and Export,Import a export údajov,
Data Import and Settings,Import údajov a nastavenia,
Database of potential customers.,Databáza potenciálnych zákazníkov.,
Date Format,Formát dátumu,
Date Of Retirement must be greater than Date of Joining,Dátum odchodu do dôchodku musí byť vyšší ako dátum nástupu,
Date of Birth,Dátum narodenia,
Date of Birth cannot be greater than today.,Dátum narodenia nemôže byť vyšší ako dnešný.,
Date of Commencement should be greater than Date of Incorporation,Dátum začatia by mal byť vyšší ako dátum založenia,
Date of Joining,Dátum pripojenia,
Date of Joining must be greater than Date of Birth,Dátum pripojenia musí byť vyšší ako dátum narodenia,
Date of Transaction,Dátum transakcie,
Day,Deň,
Debit,Debet,
Debit ({0}),Debetné ({0}),
Debit Account,Debetný účet,
Debit Note,Poznámka na ťarchu účtu,
Debit Note Amount,Suma debetnej poznámky,
Debit Note Issued,Vydaný debetný list,
Debit To is required,Vyžaduje sa debetovať na,
Debit and Credit not equal for {0} #{1}. Difference is {2}.,Debet a kredit sa nerovnajú pre {0} #{1}. Rozdiel je {2}.,
Debtors,Dlžníci,
Debtors ({0}),Dlžníci ({0}),
Declare Lost,Vyhlásenie o strate,
Default Activity Cost exists for Activity Type - {0},Predvolené náklady na činnosť existujú pre typ činnosti - {0},
Default BOM ({0}) must be active for this item or its template,Predvolená BOM ({0}) musí byť aktívna pre túto položku alebo jej šablónu,
Default BOM for {0} not found,Predvolená BOM pre {0} nebola nájdená,
Default BOM not found for Item {0} and Project {1},Predvolený kusovník nebol nájdený pre položku {0} a projekt {1},
Default Letter Head,Predvolená hlavička listu,
Default Tax Template,Predvolená daňová šablóna,
Default Unit of Measure for Item {0} cannot be changed directly because you have already made some transaction(s) with another UOM. You will need to create a new Item to use a different Default UOM.,"Predvolenú mernú jednotku pre položku {0} nie je možné priamo zmeniť, pretože ste už vykonali nejakú transakciu (transakcie) s inou UOM. Ak chcete použiť inú predvolenú UOM, musíte vytvoriť novú položku.",
Default Unit of Measure for Variant '{0}' must be same as in Template '{1}',"Predvolená merná jednotka pre variant ""{0}"" musí byť rovnaká ako v šablóne ""{1}",
Default settings for buying transactions.,Predvolené nastavenia pre nákupné transakcie.,
Default settings for selling transactions.,Predvolené nastavenia pre predajné transakcie.,
Default tax templates for sales and purchase are created.,Vytvoria sa predvolené daňové šablóny pre predaj a nákup.,
Defaults,Predvolené nastavenia,
Defense,Obrana,
Define Project type.,Definujte typ projektu.,
Define budget for a financial year.,Definovať rozpočet na rozpočtový rok.,
Define various loan types,Definovať rôzne typy úverov,
Del,Del,
Delay in payment (Days),Oneskorenie platby (v dňoch),
Delete all the Transactions for this Company,Odstránenie všetkých transakcií pre túto spoločnosť,
Deletion is not permitted for country {0},Vymazanie nie je povolené pre krajinu {0},
Delivered,Doručené na,
Delivered Amount,Dodaná suma,
Delivered Qty,Dodané množstvo,
Delivered: {0},Doručené: {0},
Delivery,Dodávka,
Delivery Date,Dátum dodania,
Delivery Note,Poznámka k dodaniu,
Delivery Note {0} is not submitted,Dodací list {0} sa nepredkladá,
Delivery Note {0} must not be submitted,Dodací list {0} sa nesmie predložiť,
Delivery Notes {0} must be cancelled before cancelling this Sales Order,Dodacie listy {0} musia byť zrušené pred zrušením tejto objednávky predaja,
Delivery Notes {0} updated,Dodacie poznámky {0} aktualizované,
Delivery Status,Stav dodávky,
Delivery Trip,Doručovacia cesta,
Delivery warehouse required for stock item {0},Pre skladovú položku {0} sa vyžaduje dodací sklad,
Department,Oddelenie,
Department Stores,Obchodné domy,
Depreciation,Odpisy,
Depreciation Amount,Výška odpisov,
Depreciation Amount during the period,Odpisy Suma počas obdobia,
Depreciation Date,Dátum odpisu,
Depreciation Eliminated due to disposal of assets,Odpisy Eliminované z dôvodu vyradenia majetku,
Depreciation Entry,Zápis odpisov,
Depreciation Method,Metóda odpisovania,
Depreciation Row {0}: Depreciation Start Date is entered as past date,Riadok odpisov {0}: Dátum začiatku odpisovania je zadaný ako minulý dátum,
Depreciation Row {0}: Expected value after useful life must be greater than or equal to {1},Riadok odpisov {0}: Očakávaná hodnota po dobe životnosti musí byť väčšia alebo rovná {1},
Depreciation Row {0}: Next Depreciation Date cannot be before Available-for-use Date,Riadok odpisov {0}: Nasledujúci dátum odpisovania nemôže byť pred dátumom použiteľnosti,
Depreciation Row {0}: Next Depreciation Date cannot be before Purchase Date,Riadok odpisov {0}: Nasledujúci dátum odpisovania nemôže byť pred dátumom nákupu,
Designer,Dizajn,
Detailed Reason,Podrobný dôvod,
Details,Podrobnosti na,
Details of Outward Supplies and inward supplies liable to reverse charge,Podrobnosti o dodávkach tovaru do zahraničia a dodávkach tovaru dovnútra podliehajúcich preneseniu daňovej povinnosti,
Details of the operations carried out.,Podrobnosti o vykonaných operáciách.,
Diagnosis,Diagnóza,
Did not find any item called {0},Nenašiel žiadnu položku s názvom {0},
Diff Qty,Množstvo diferenciálu,
Difference Account,Rozdielový účet,
"Difference Account must be a Asset/Liability type account, since this Stock Reconciliation is an Opening Entry","Rozdielový účet musí byť účtom typu Aktíva/Pasíva, pretože toto odsúhlasenie zásob je počiatočným zápisom",
Difference Amount,Suma rozdielu,
Difference Amount must be zero,Suma rozdielu musí byť rovná nule,
Different UOM for items will lead to incorrect (Total) Net Weight value. Make sure that Net Weight of each item is in the same UOM.,"Rozdielne UOM pre položky povedú k nesprávnej (celkovej) hodnote čistej hmotnosti. Uistite sa, že Čistá hmotnosť každej položky je v rovnakej UOM.",
Direct Expenses,Priame výdavky,
Direct Income,Priame príjmy,
Disable,Zakázať,
Disabled template must not be default template,Zakázaná šablóna nesmie byť predvolenou šablónou,
Disburse Loan,Vyplatenie pôžičky,
Disbursed,Vyplatené,
Disc,Disk,
Discharge,Vypúšťanie,
Discount,Zľava,
Discount Percentage can be applied either against a Price List or for all Price List.,"Percentuálnu zľavu možno uplatniť buď na cenník, alebo na všetky cenníky.",
Discount must be less than 100,Zľava musí byť nižšia ako 100,
Diseases & Fertilizers,Choroby a hnojivá,
Dispatch,Odoslanie,
Dispatch Notification,Oznámenie o odoslaní,
Dispatch State,Stav odoslania,
Distance,Vzdialenosť,
Distribution,Distribúcia,
Distributor,Distribútor,
Dividends Paid,Vyplatené dividendy,
Do you really want to restore this scrapped asset?,Naozaj chcete obnoviť tento vyradený majetok?,
Do you really want to scrap this asset?,Naozaj chcete tento majetok vyradiť?,
Do you want to notify all the customers by email?,Chcete upozorniť všetkých zákazníkov e-mailom?,
Doc Date,Dátum dokumentu,
Doc Name,Názov dokumentu,
Doc Type,Typ dokumentu,
Docs Search,Vyhľadávanie dokumentov,
Document Name,Názov dokumentu,
Document Type,Typ dokumentu,
Domain,Doména,
Domains,Domény,
Done,Hotovo,
Donor,Darca,
Donor Type information.,Informácie o type darcu.,
Donor information.,Informácie o darcovi.,
Download JSON,Stiahnuť JSON,
Draft,Návrh,
Drop Ship,Drop Ship,
Drug,Droga,
Due / Reference Date cannot be after {0},Dátum splatnosti / referenčný dátum nemôže byť po {0},
Due Date cannot be before Posting / Supplier Invoice Date,Dátum splatnosti nemôže byť skorší ako dátum odoslania / faktúry dodávateľa,
Due Date is mandatory,Dátum splatnosti je povinný,
Duplicate Entry. Please check Authorization Rule {0},"Duplicitný záznam. Skontrolujte, prosím, autorizačné pravidlo {0}",
Duplicate Serial No entered for Item {0},Duplicitné sériové číslo zadané pre položku {0},
Duplicate customer group found in the cutomer group table,V tabuľke skupín zákazníkov sa našla duplicitná skupina zákazníkov,
Duplicate entry,Duplicitný záznam,
Duplicate item group found in the item group table,V tabuľke skupín položiek sa našla duplicitná skupina položiek,
Duplicate roll number for student {0},Duplicitné číslo žiaka {0},
Duplicate row {0} with same {1},Duplicitný riadok {0} s tým istým {1},
Duplicate {0} found in the table,V tabuľke sa našiel duplikát {0},
Duration in Days,Trvanie v dňoch,
Duties and Taxes,Clá a dane,
E-Invoicing Information Missing,Chýbajúce informácie o elektronickej fakturácii,
ERPNext Demo,Ukážka ERPNext,
ERPNext Settings,Nastavenia ERPNext,
Earliest,Najskôr,
Earnest Money,Vopred vyplatené peniaze,
Edit,Upraviť,
Edit Publishing Details,Upraviť podrobnosti o publikovaní,
"Edit in full page for more options like assets, serial nos, batches etc.","Úprava na celej stránke pre ďalšie možnosti, ako sú aktíva, sériové čísla, dávky atď.",
Education,Vzdelávanie,
Either location or employee must be required,"Musí sa vyžadovať buď miesto, alebo zamestnanec",
Either target qty or target amount is mandatory,"Povinné je buď cieľové množstvo, alebo cieľová suma",
Either target qty or target amount is mandatory.,"Povinné je buď cieľové množstvo, alebo cieľová suma.",
Electrical,Elektrická sieť,
Electronic Equipments,Elektronické zariadenia,
Electronics,Elektronika,
Eligible ITC,Oprávnená ITC,
Email Account,E-mailové konto,
Email Address,E-mailová adresa,
"Email Address must be unique, already exists for {0}","E-mailová adresa musí byť jedinečná, už existuje pre {0}",
Email Digest:,E-mailový prehľad:,
Email Reminders will be sent to all parties with email contacts,E-mailové pripomenutia budú odoslané všetkým stranám s e-mailovými kontaktmi,
Email Sent,Odoslaný e-mail,
Email Template,Šablóna e-mailu,
Email not found in default contact,E-mail nebol nájdený v predvolenom kontakte,
Email sent to {0},E-mail odoslaný na adresu {0},
Employee,Zamestnanec,
Employee Advances,Zálohy pre zamestnancov,
Employee ID,ID zamestnanca,
Employee Lifecycle,Životný cyklus zamestnanca,
Employee Name,Meno zamestnanca,
Employee Promotion cannot be submitted before Promotion Date,Povýšenie zamestnanca nie je možné predložiť pred dátumom povýšenia,
Employee Transfer cannot be submitted before Transfer Date,Prevod zamestnanca nie je možné predložiť pred dátumom prevodu,
Employee cannot report to himself.,Zamestnanec sa nemôže hlásiť sám.,
Employee {0} has already applied for {1} between {2} and {3} :,Zamestnanec {0} už podal žiadosť o {1} medzi {2} a {3} :,
Employee {0} of grade {1} have no default leave policy,Zamestnanec {0} platovej triedy {1} nemá predvolenú dovolenku,
Enable / disable currencies.,Povolenie / zakázanie mien.,
Enabled,Povolené,
"Enabling 'Use for Shopping Cart', as Shopping Cart is enabled and there should be at least one Tax Rule for Shopping Cart","Povolenie položky ""Použiť pre nákupný košík"", pretože nákupný košík je povolený a pre nákupný košík by malo existovať aspoň jedno daňové pravidlo",
End Date,Dátum ukončenia,
End Date can not be less than Start Date,Dátum ukončenia nesmie byť kratší ako dátum začiatku,
End Date cannot be before Start Date.,Dátum ukončenia nemôže byť skorší ako dátum začiatku.,
End Year,Koniec roka,
End Year cannot be before Start Year,Koncový rok nemôže byť pred začiatočným rokom,
End on,Koniec na,
Ends On date cannot be before Next Contact Date.,Dátum ukončenia nemôže byť pred dátumom nasledujúceho kontaktu.,
Energy,Energia,
Engineer,Inžinier,
Enough Parts to Build,Dostatok dielov na zostavenie,
Enroll,Zapísať sa na,
Enrolling student,Zápis študenta,
Enrolling students,Zápis študentov,
Enter depreciation details,Zadajte údaje o odpisoch,
Enter the Bank Guarantee Number before submittting.,Pred odoslaním zadajte číslo bankovej záruky.,
Enter the name of the Beneficiary before submittting.,Pred odoslaním zadajte meno príjemcu.,
Enter the name of the bank or lending institution before submittting.,Pred odoslaním zadajte názov banky alebo úverovej inštitúcie.,
Enter value betweeen {0} and {1},Zadajte hodnotu medzi {0} a {1},
Entertainment & Leisure,Zábava a voľný čas,
Entertainment Expenses,Výdavky na zábavu,
Equity,Equity,
Error Log,Protokol o chybách,
Error evaluating the criteria formula,Chyba pri vyhodnocovaní vzorca kritérií,
Error in formula or condition: {0},Chyba vo vzorci alebo podmienka: {0},
Error: Not a valid id?,Chyba: Nie je platné ID?,
Estimated Cost,Odhadované náklady,
"Even if there are multiple Pricing Rules with highest priority, then following internal priorities are applied:","Aj keď existuje viacero cenových pravidiel s najvyššou prioritou, použijú sa nasledujúce interné priority:",
Exchange Gain/Loss,Zisk/strata z výmeny,
Exchange Rate Revaluation master.,Master preceňovania výmenných kurzov.,
Exchange Rate must be same as {0} {1} ({2}),Výmenný kurz musí byť rovnaký ako {0} {1} ({2}),
Excise Invoice,Faktúra na spotrebnú daň,
Execution,Vykonávanie,
Executive Search,Vyhľadávanie manažérov,
Expand All,Rozbaliť všetko,
Expected Delivery Date,Predpokladaný dátum dodania,
Expected Delivery Date should be after Sales Order Date,Očakávaný dátum dodania by mal byť po dátume objednávky predaja,
Expected End Date,Predpokladaný dátum ukončenia,
Expected Hrs,Očakávané hodiny,
Expected Start Date,Predpokladaný dátum začatia,
Expense,Výdavky,
Expense / Difference account ({0}) must be a 'Profit or Loss' account,"Účet nákladov/rozdielu ({0}) musí byť účtom ""Zisk alebo strata"".",
Expense Account,Účet výdavkov,
Expense Claim,Žiadosť o náhradu výdavkov,
Expense Claims,Nároky na výdavky,
Expense account is mandatory for item {0},Výdavkový účet je povinný pre položku {0},
Expenses,Výdavky,
Expenses Included In Asset Valuation,Výdavky zahrnuté do ocenenia majetku,
Expenses Included In Valuation,Výdavky zahrnuté do ocenenia,
Expired Batches,"Dávky, ktorým uplynula platnosť",
Expires On,Platnosť končí dňa,
Expiring On,Platnosť končí dňa,
Expiry (In Days),Uplynutie platnosti (v dňoch),
Explore,Preskúmajte stránku,
Export E-Invoices,Export elektronických faktúr,
Extra Large,Extra veľký,
Extra Small,Extra malé,
Fail,Zlyhanie,
Failed,Neúspešné,
Failed to create website,Nepodarilo sa vytvoriť webovú lokalitu,
Failed to install presets,Nepodarilo sa nainštalovať predvoľby,
Failed to login,Nepodarilo sa prihlásiť,
Failed to setup company,Nepodarilo sa založiť spoločnosť,
Failed to setup defaults,Nepodarilo sa nastaviť predvolené hodnoty,
Failed to setup post company fixtures,Nepodarilo sa nastaviť príslušenstvo po firme,
Fax,Fax,
Fee,Poplatok,
Fee Created,Vytvorený poplatok,
Fee Creation Failed,Vytvorenie poplatku sa nepodarilo,
Fee Creation Pending,Tvorba poplatkov v štádiu riešenia,
Fee Records Created - {0},Vytvorené záznamy o poplatkoch - {0},
Feedback,Spätná väzba,
Fees,Poplatky,
Female,Ženy,
Fetch Data,Získavanie údajov,
Fetch Subscription Updates,Získavanie aktualizácií predplatného,
Fetch exploded BOM (including sub-assemblies),Získanie rozobraného kusovníka (vrátane podzostáv),
Fetching records......,Získavanie záznamov......,
Field Name,Názov poľa,
Fieldname,Názov poľa,
Fields,Polia,
"Filter Fields Row #{0}: Fieldname <b>{1}</b> must be of type ""Link"" or ""Table MultiSelect""","Polia filtra Riadok #{0}: Názov poľa <b>{1}</b> musí byť typu ""Link"" alebo ""Table MultiSelect""",
Filter Total Zero Qty,Filter Celkové nulové množstvo,
Finance Book,Finančná kniha,
Financial / accounting year.,Finančný/účtovný rok.,
Financial Services,Finančné služby,
Financial Statements,Finančné výkazy,
Financial Year,Finančný rok,
Finish,Dokončenie,
Finished Good,Dokončené dobré,
Finished Good Item Code,Hotový tovar Kód položky,
Finished Goods,Hotový tovar,
Finished Item {0} must be entered for Manufacture type entry,Hotová položka {0} musí byť zadaná pre položku typu Výroba,
Finished product quantity <b>{0}</b> and For Quantity <b>{1}</b> cannot be different,Množstvo hotového výrobku <b>{0}</b> a Množstvo pre <b>{1}</b> sa nemôžu líšiť,
First Name,Kresťanské meno,
"Fiscal Regime is mandatory, kindly set the fiscal regime in the company {0}","Daňový režim je povinný, nastavte daňový režim v spoločnosti {0}",
Fiscal Year,Fiškálny rok,
Fiscal Year End Date should be one year after Fiscal Year Start Date,Dátum ukončenia fiškálneho roka by mal byť jeden rok po dátume začiatku fiškálneho roka,
Fiscal Year Start Date and Fiscal Year End Date are already set in Fiscal Year {0},Dátum začiatku fiškálneho roka a dátum konca fiškálneho roka sú už nastavené vo fiškálnom roku {0},
Fiscal Year Start Date should be one year earlier than Fiscal Year End Date,Dátum začiatku fiškálneho roka by mal byť o rok skôr ako dátum konca fiškálneho roka,
Fiscal Year {0} does not exist,Fiškálny rok {0} neexistuje,
Fiscal Year {0} is required,Vyžaduje sa fiškálny rok {0},
Fixed Asset,Dlhodobý majetok,
Fixed Asset Item must be a non-stock item.,Položka dlhodobého majetku musí byť neskladová položka.,
Fixed Assets,Dlhodobý majetok,
Following Material Requests have been raised automatically based on Item's re-order level,Nasledujúce požiadavky na materiál boli automaticky vyvolané na základe úrovne opätovného objednania položky,
Following accounts might be selected in GST Settings:,V nastaveniach GST môžete vybrať nasledujúce účty:,
Following course schedules were created,Boli vytvorené tieto rozvrhy kurzov,
Following item {0} is not marked as {1} item. You can enable them as {1} item from its Item master,Nasledujúca položka {0} nie je označená ako položka {1}. Môžete ich povoliť ako položku {1} z jej hlavnej položky,
Following items {0} are not marked as {1} item. You can enable them as {1} item from its Item master,Nasledujúce položky {0} nie sú označené ako položka {1}. Môžete ich povoliť ako položku {1} z jej hlavnej položky,
"Food, Beverage & Tobacco","Potraviny, nápoje a tabak",
For,Pre,
"For 'Product Bundle' items, Warehouse, Serial No and Batch No will be considered from the 'Packing List' table. If Warehouse and Batch No are same for all packing items for any 'Product Bundle' item, those values can be entered in the main Item table, values will be copied to 'Packing List' table.","V prípade položiek ""Product Bundle"" sa z tabuľky ""Packing List"" zohľadní sklad, sériové číslo a číslo šarže. Ak sú Warehouse (Sklad) a Batch No (Šarža) rovnaké pre všetky položky balenia pre akúkoľvek položku ""Product Bundle"" (Zväzok výrobkov), tieto hodnoty môžete zadať do hlavnej tabuľky Item (Položka), hodnoty sa skopírujú do tabuľky ""Packing List"" (Baliaci zoznam).",
For Quantity (Manufactured Qty) is mandatory,Pre množstvo (vyrobené množstvo) je povinné,
For Supplier,Pre dodávateľa,
For Warehouse,Pre sklad,
For Warehouse is required before Submit,Pre sklad je potrebné pred odoslaním,
"For an item {0}, quantity must be negative number",Pre položku {0} musí byť množstvo záporné číslo,
"For an item {0}, quantity must be positive number",Pre položku {0} musí byť množstvo kladné číslo,
"For job card {0}, you can only make the 'Material Transfer for Manufacture' type stock entry","Pre kartu úlohy {0} môžete vykonať len skladovú položku typu ""Presun materiálu na výrobu"".",
"For row {0} in {1}. To include {2} in Item rate, rows {3} must also be included","Pre riadok {0} v {1}. Ak chcete zahrnúť {2} do sadzby položky, musia byť zahrnuté aj riadky {3}",
For row {0}: Enter Planned Qty,Pre riadok {0}: Zadajte plánované množstvo,
"For {0}, only credit accounts can be linked against another debit entry",V prípade {0} možno proti inému debetnému zápisu priradiť len kreditné účty,
"For {0}, only debit accounts can be linked against another credit entry",V prípade {0} je možné prepojiť len debetné účty s iným kreditným zápisom,
Forum Activity,Aktivita na fóre,
Free item code is not selected,Kód položky zadarmo nie je vybraný,
Freight and Forwarding Charges,Poplatky za prepravu a zasielateľstvo,
Frequency,Frekvencia,
Friday,Piatok,
From,Z adresy,
From Address 1,Z adresy 1,
From Address 2,Z adresy 2,
From Currency and To Currency cannot be same,Mena Od a Mena Do nemôžu byť rovnaké,
From Date and To Date lie in different Fiscal Year,Dátum od a dátum do ležia v rôznych fiškálnych rokoch,
From Date cannot be greater than To Date,Dátum od nemôže byť väčší ako dátum do,
From Date must be before To Date,Dátum od musí byť pred dátumom do,
From Date should be within the Fiscal Year. Assuming From Date = {0},"Dátum od by mal byť v rámci fiškálneho roka. Za predpokladu, že Dátum od = {0}",
From Datetime,Od dátumu,
From Delivery Note,Z dodacieho listu,
From Fiscal Year,Od fiškálneho roka,
From GSTIN,Od spoločnosti GSTIN,
From Party Name,Od názvu strany,
From Pin Code,Z PIN kódu,
From Place,Z miesta,
From Range has to be less than To Range,Rozsah od musí byť menší ako rozsah do,
From State,Zo štátu,
From Time,Od Time,
From Time Should Be Less Than To Time,Od času by malo byť menej ako do času,
From Time cannot be greater than To Time.,Čas od nemôže byť väčší ako čas do.,
"From a supplier under composition scheme, Exempt and Nil rated","Od dodávateľa v rámci systému zloženia, oslobodené a s nulovou hodnotou",
From and To dates required,Požadované dátumy od a do,
From value must be less than to value in row {0},Hodnota od musí byť menšia ako hodnota do v riadku {0},
From {0} | {1} {2},Od {0} | {1} {2},
Fulfillment,Plnenie,
Full Name,Celé meno,
Fully Depreciated,Úplne odpísaný,
Furnitures and Fixtures,Nábytok a príslušenstvo,
"Further accounts can be made under Groups, but entries can be made against non-Groups","Ďalšie účty možno vytvárať v rámci skupín, ale záznamy možno vytvárať aj proti iným skupinám.",
Further cost centers can be made under Groups but entries can be made against non-Groups,"Ďalšie nákladové strediská je možné vytvoriť v rámci skupín, ale záznamy je možné vytvárať aj voči iným skupinám.",
Further nodes can be only created under 'Group' type nodes,"Ďalšie uzly je možné vytvoriť len v rámci uzlov typu ""Skupina"".",
GSTIN,GSTIN,
GSTR3B-Form,Formulár GSTR3B,
Gain/Loss on Asset Disposal,Zisk/strata z predaja majetku,
Gantt Chart,Ganttov diagram,
Gantt chart of all tasks.,Ganttov diagram všetkých úloh.,
Gender,Pohlavie,
General,Všeobecné,
General Ledger,Hlavná kniha,
Generate Material Requests (MRP) and Work Orders.,Generovanie požiadaviek na materiál (MRP) a pracovných príkazov.,
Generate Secret,Generovať tajomstvo,
Get Invocies,Získajte invokácie,
Get Invoices,Získavanie faktúr,
Get Invoices based on Filters,Získavanie faktúr na základe filtrov,
Get Items from BOM,Získať položky z kusovníka,
Get Items from Healthcare Services,Získajte položky zo služieb zdravotnej starostlivosti,
Get Items from Prescriptions,Získajte položky z receptov,
Get Items from Product Bundle,Získať položky zo zväzku produktov,
Get Suppliers,Získajte dodávateľov,
Get Suppliers By,Získajte dodávateľov podľa,
Get Updates,Získajte aktualizácie,
Get customers from,Získajte zákazníkov z,
Get from Patient Encounter,Získať z položky Stretnutie s pacientom,
Getting Started,Začíname,
GitHub Sync ID,ID synchronizácie GitHub,
Global settings for all manufacturing processes.,Globálne nastavenia pre všetky výrobné procesy.,
Go to the Desktop and start using ERPNext,Prejdite na pracovnú plochu a začnite používať ERPNext,
GoCardless SEPA Mandate,Mandát SEPA spoločnosti GoCardless,
GoCardless payment gateway settings,Nastavenia platobnej brány GoCardless,
Goal and Procedure,Cieľ a postup,
Goals cannot be empty,Ciele nemôžu byť prázdne,
Goods In Transit,Tovar v tranzite,
Goods Transferred,Prenesený tovar,
Goods and Services Tax (GST India),Daň z tovaru a služieb (GST India),
Goods are already received against the outward entry {0},Tovar je už prijatý na základe výstupnej položky {0},
Government,Vláda,
Grand Total,Celkový súčet,
Grant,Grant,
Grant Application,Žiadosť o grant,
Grant Leaves,Grantové listy,
Grant information.,Informácie o grante.,
Grocery,Potraviny,
Gross Profit,Hrubý zisk,
Gross Profit %,Hrubý zisk v %,
Gross Profit / Loss,Hrubý zisk/strata,
Gross Purchase Amount,Hrubá suma nákupu,
Gross Purchase Amount is mandatory,Hrubá suma nákupu je povinná,
Group by Account,Skupina podľa účtu,
Group by Party,Skupina podľa strany,
Group by Voucher,Skupina podľa poukazu,
Group by Voucher (Consolidated),Skupina podľa poukazu (konsolidovaná),
Group node warehouse is not allowed to select for transactions,Sklad uzlov skupiny nie je možné vybrať pre transakcie,
Group to Non-Group,Od skupiny k neskupine,
Group your students in batches,Rozdeľte študentov do skupín,
Groups,Skupiny,
Guardian1 Email ID,Guardian1 E-mailové ID,
Guardian1 Mobile No,Guardian1 Mobilné číslo,
Guardian1 Name,Meno opatrovníka1,
Guardian2 Email ID,Guardian2 E-mailové ID,
Guardian2 Mobile No,Guardian2 Mobilné číslo,
Guardian2 Name,Meno opatrovníka2,
HR Manager,Manažér ľudských zdrojov,
HSN,HSN,
HSN/SAC,HSN/SAC,
Half Yearly,Polročne,
Half-Yearly,Polročne,
Hardware,Hardvér,
Head of Marketing and Sales,Vedúci oddelenia marketingu a predaja,
Health Care,Zdravotná starostlivosť,
Healthcare,Zdravotná starostlivosť,
Healthcare (beta),Zdravotná starostlivosť (beta),
Healthcare Practitioner,Zdravotnícky pracovník,
Healthcare Practitioner not available on {0},Zdravotník nie je k dispozícii na {0},
Healthcare Practitioner {0} not available on {1},Zdravotnícky pracovník {0} nie je k dispozícii na {1},
Healthcare Service Unit,Jednotka zdravotníckych služieb,
Healthcare Service Unit Tree,Strom zdravotníckych služieb,
Healthcare Service Unit Type,Typ jednotky zdravotnej starostlivosti,
Healthcare Services,Služby zdravotnej starostlivosti,
Healthcare Settings,Nastavenia zdravotnej starostlivosti,
Help Results for,Výsledky pomoci pre,
High,Vysoká,
High Sensitivity,Vysoká citlivosť,
Hold,Podržte,
Hold Invoice,Podržať faktúru,
Holiday,Dovolenka,
Holiday List,Zoznam dovoleniek,
Hotel Rooms of type {0} are unavailable on {1},Hotelové izby typu {0} nie sú k dispozícii na {1},
Hotels,Hotely,
Hourly,Hodinové,
Hours,Hodiny,
How Pricing Rule is applied?,Ako sa uplatňuje pravidlo stanovovania cien?,
Hub Category,Kategória rozbočovača,
Hub Sync ID,ID synchronizácie rozbočovača,
Human Resource,Ľudské zdroje,
Human Resources,Ľudské zdroje,
IGST Amount,Suma IGST,
IP Address,IP adresa,
ITC Available (whether in full op part),Dostupné ITC (v plnej výške alebo čiastočne),
ITC Reversed,Zrušenie ITC,
Identifying Decision Makers,Identifikácia rozhodovacích subjektov,
"If Auto Opt In is checked, then the customers will be automatically linked with the concerned Loyalty Program (on save)","Ak je začiarknutá možnosť Auto Opt In, zákazníci budú automaticky prepojení s príslušným vernostným programom (pri uložení).",
"If multiple Pricing Rules continue to prevail, users are asked to set Priority manually to resolve conflict.","Ak naďalej prevládajú viaceré pravidlá oceňovania, používatelia sú vyzvaní, aby ručne nastavili prioritu na vyriešenie konfliktu.",
"If selected Pricing Rule is made for 'Rate', it will overwrite Price List. Pricing Rule rate is the final rate, so no further discount should be applied. Hence, in transactions like Sales Order, Purchase Order etc, it will be fetched in 'Rate' field, rather than 'Price List Rate' field.","Ak je vybrané cenové pravidlo pre ""Sadzbu"", prepíše Cenník. Sadzba cenového pravidla je konečná sadzba, takže by sa nemali uplatňovať žiadne ďalšie zľavy. Preto sa v transakciách, ako je Objednávka predaja, Objednávka nákupu atď. bude načítavať do poľa ""Sadzba"", a nie do poľa ""Sadzba cenníka"".",
"If two or more Pricing Rules are found based on the above conditions, Priority is applied. Priority is a number between 0 to 20 while default value is zero (blank). Higher number means it will take precedence if there are multiple Pricing Rules with same conditions.","Ak sa na základe vyššie uvedených podmienok nájdu dve alebo viac cenových pravidiel, uplatní sa priorita. Priorita je číslo od 0 do 20, pričom predvolená hodnota je nula (prázdna). Vyššie číslo znamená, že bude mať prednosť, ak existuje viacero pravidiel oceňovania s rovnakými podmienkami.",
"If unlimited expiry for the Loyalty Points, keep the Expiry Duration empty or 0.","Ak je platnosť vernostných bodov neobmedzená, nechajte pole Trvanie platnosti prázdne alebo 0.",
"If you have any questions, please get back to us.","Ak máte akékoľvek otázky, ozvite sa nám.",
Ignore Existing Ordered Qty,Ignorovať existujúce objednané množstvo,
Image,Obrázok,
Image View,Zobrazenie obrázku,
Import Data,Import údajov,
Import Day Book Data,Import údajov dennej knihy,
Import Log,Importný protokol,
Import Master Data,Import základných údajov,
Import in Bulk,Hromadný import,
Import of goods,Dovoz tovaru,
Import of services,Dovoz služieb,
Importing Items and UOMs,Importovanie položiek a UOM,
Importing Parties and Addresses,Importovanie strán a adries,
In Maintenance,V údržbe,
In Production,Vo výrobe,
In Qty,V množstve,
In Stock Qty,Na sklade Množstvo,
In Stock:,Na sklade:,
In Value,V hodnote,
"In the case of multi-tier program, Customers will be auto assigned to the concerned tier as per their spent",V prípade viacúrovňového programu budú zákazníci automaticky zaradení do príslušnej úrovne podľa ich vynaložených prostriedkov.,
Inactive,Neaktívne,
Incentives,Stimuly,
Include Default FB Entries,Zahrnúť predvolené položky FB,
Include Exploded Items,Zahrnúť rozobrané položky,
Include POS Transactions,Zahrnúť transakcie POS,
Include UOM,Zahrnúť UOM,
Included in Gross Profit,Zahrnuté v hrubom zisku,
Income,Príjmy,
Income Account,Príjmový účet,
Income Tax,Daň z príjmu,
Incoming,Prichádzajúce,
Incoming Rate,Vstupná sadzba,
Incorrect number of General Ledger Entries found. You might have selected a wrong Account in the transaction.,Zistený nesprávny počet záznamov v hlavnej knihe. Možno ste v transakcii vybrali nesprávny účet.,
Increment cannot be 0,Prírastok nemôže byť 0,
Increment for Attribute {0} cannot be 0,Prírastok pre atribút {0} nemôže byť 0,
Indirect Expenses,Nepriame výdavky,
Indirect Income,Nepriame príjmy,
Individual,Jednotlivec,
Ineligible ITC,Neoprávnené ITC,
Initiated,Iniciované,
Inpatient Record,Záznam o hospitalizácii,
Installation Note,Poznámka k inštalácii,
Installation Note {0} has already been submitted,Poznámka k inštalácii {0} už bola predložená,
Installation date cannot be before delivery date for Item {0},Dátum inštalácie nemôže byť pred dátumom dodania položky {0},
Installing presets,Inštalácia predvolieb,
Institute Abbreviation,Skratka inštitútu,
Institute Name,Názov inštitútu,
Instructor,Inštruktor,
Insufficient Stock,Nedostatočné zásoby,
Insurance Start date should be less than Insurance End date,Dátum začiatku poistenia by mal byť kratší ako dátum konca poistenia,
Integrated Tax,Integrovaná daň,
Inter-State Supplies,Medzištátne dodávky,
Internet Publishing,Internetové vydavateľstvo,
Intra-State Supplies,Dodávky v rámci štátu,
Introduction,Úvod,
Invalid Attribute,Neplatný atribút,
Invalid Blanket Order for the selected Customer and Item,Neplatná hromadná objednávka pre vybraného zákazníka a položku,
Invalid Company for Inter Company Transaction.,Neplatná spoločnosť pre transakciu medzi spoločnosťami.,
Invalid GSTIN! A GSTIN must have 15 characters.,Neplatný GSTIN! GSTIN musí mať 15 znakov.,
Invalid GSTIN! First 2 digits of GSTIN should match with State number {0}.,Neplatný GSTIN! Prvé 2 číslice GSTIN by sa mali zhodovať so štátnym číslom {0}.,
Invalid GSTIN! The input you've entered doesn't match the format of GSTIN.,Neplatný GSTIN! Zadaný údaj nezodpovedá formátu GSTIN.,
Invalid Posting Time,Neplatný čas odoslania,
Invalid attribute {0} {1},Neplatný atribút {0} {1},
Invalid quantity specified for item {0}. Quantity should be greater than 0.,Zadané neplatné množstvo pre položku {0}. Množstvo by malo byť väčšie ako 0.,
Invalid reference {0} {1},Neplatný odkaz {0} {1},
Invalid {0},Neplatné {0},
Invalid {0} for Inter Company Transaction.,Neplatné {0} pre medzipodnikovú transakciu.,
Invalid {0}: {1},Neplatné {0}: {1},
Inventory,Inventár,
Investment Banking,Investičné bankovníctvo,
Investments,Investície,
Invoice,Faktúra,
Invoice Created,Vytvorená faktúra,
Invoice Discounting,Diskontovanie faktúr,
Invoice Patient Registration,Faktúra Registrácia pacienta,
Invoice Posting Date,Dátum zaúčtovania faktúry,
Invoice Type,Typ faktúry,
Invoice already created for all billing hours,Faktúra je už vytvorená pre všetky fakturačné hodiny,
Invoice can't be made for zero billing hour,Faktúru nie je možné vystaviť za nulovú fakturačnú hodinu,
Invoice {0} no longer exists,Faktúra {0} už neexistuje,
Invoiced,Fakturované,
Invoiced Amount,Fakturovaná suma,
Invoices,Faktúry,
Invoices for Costumers.,Faktúry pre odberateľov.,
Inward supplies from ISD,Vstupné dodávky z ISD,
Inward supplies liable to reverse charge (other than 1 & 2 above),Dodanie tovaru v rámci režimu prenesenia daňovej povinnosti (iné ako 1 a 2 vyššie),
Is Active,Je aktívny,
Is Default,Je predvolené,
Is Existing Asset,Je existujúci majetok,
Is Frozen,Je mrazený,
Is Group,Je skupina,
Issue,Vydanie,
Issue Material,Vydanie materiálu,
Issued,Vydané,
Issues,Problémy,
It is needed to fetch Item Details.,Je potrebný na načítanie podrobností o položke.,
Item,Položka,
Item 1,Položka 1,
Item 2,Položka 2,
Item 3,Položka 3,
Item 4,Položka 4,
Item 5,Položka 5,
Item Cart,Položka Košík,
Item Code,Kód položky,
Item Code cannot be changed for Serial No.,Kód položky nie je možné zmeniť pre sériové číslo.,
Item Code required at Row No {0},Kód položky požadovaný v riadku č. {0},
Item Description,Položka Popis,
Item Group,Skupina položiek,
Item Group Tree,Strom skupiny položiek,
Item Group not mentioned in item master for item {0},Skupina položiek nie je uvedená v hlavnej položke pre položku {0},
Item Name,Názov položky,
Item Price added for {0} in Price List {1},Cena položky pridaná pre {0} v cenníku {1},
"Item Price appears multiple times based on Price List, Supplier/Customer, Currency, Item, UOM, Qty and Dates.","Cena položky sa zobrazí viackrát na základe cenníka, dodávateľa/odberateľa, meny, položky, UOM, množstva a dátumov.",
Item Price updated for {0} in Price List {1},Cena položky aktualizovaná pre {0} v cenníku {1},
Item Row {0}: {1} {2} does not exist in above '{1}' table,Položka Riadok {0}: {1} {2} neexistuje vo vyššie uvedenej tabuľke '{1}',
Item Tax Row {0} must have account of type Tax or Income or Expense or Chargeable,Položka Daňový riadok {0} musí mať účet typu Daň alebo Príjem alebo Výdavok alebo Splatný,
Item Template,Šablóna položky,
Item Variant Settings,Nastavenia variantu položky,
Item Variant {0} already exists with same attributes,Položka Variant {0} už existuje s rovnakými atribútmi,
Item Variants,Varianty položky,
Item Variants updated,Aktualizované varianty položky,
Item has variants.,Položka má varianty.,
Item must be added using 'Get Items from Purchase Receipts' button,"Položka musí byť pridaná pomocou tlačidla ""Získať položky z nákupných dokladov"".",
Item valuation rate is recalculated considering landed cost voucher amount,Miera ocenenia položky sa prepočíta s ohľadom na výšku poukazu na vykládkové náklady,
Item variant {0} exists with same attributes,Existuje variant položky {0} s rovnakými atribútmi,
Item {0} does not exist,Položka {0} neexistuje,
Item {0} does not exist in the system or has expired,Položka {0} v systéme neexistuje alebo jej platnosť vypršala,
Item {0} has already been returned,Položka {0} už bola vrátená,
Item {0} has been disabled,Položka {0} bola vypnutá,
Item {0} has reached its end of life on {1},Životnosť položky {0} sa skončila na položke {1},
Item {0} ignored since it is not a stock item,"Položka {0} sa ignoruje, pretože nie je skladovou položkou",
"Item {0} is a template, please select one of its variants","Položka {0} je šablóna, vyberte jeden z jej variantov",
Item {0} is cancelled,Položka {0} je zrušená,
Item {0} is disabled,Položka {0} je vypnutá,
Item {0} is not a serialized Item,Položka {0} nie je serializovaná položka,
Item {0} is not a stock Item,Položka {0} nie je skladová položka,
Item {0} is not active or end of life has been reached,Položka {0} nie je aktívna alebo sa dosiahol koniec životnosti,
Item {0} is not setup for Serial Nos. Check Item master,Položka {0} nie je nastavená pre sériové čísla. Skontrolujte hlavnú položku,
Item {0} is not setup for Serial Nos. Column must be blank,Položka {0} nie je nastavená pre sériové čísla. Stĺpec musí byť prázdny,
Item {0} must be a Fixed Asset Item,Položka {0} musí byť položkou dlhodobého majetku,
Item {0} must be a Sub-contracted Item,"Položka {0} musí byť položkou, na ktorú bola uzavretá čiastková zmluva",
Item {0} must be a non-stock item,Položka {0} musí byť neskladová položka,
Item {0} must be a stock Item,Položka {0} musí byť skladová položka,
Item {0} not found,Položka {0} nebola nájdená,
Item {0} not found in 'Raw Materials Supplied' table in Purchase Order {1},"Položka {0} sa nenachádza v tabuľke ""Dodané suroviny"" v objednávke {1}",
Item {0}: Ordered qty {1} cannot be less than minimum order qty {2} (defined in Item).,Položka {0}: Objednané množstvo {1} nemôže byť menšie ako minimálne objednané množstvo {2} (definované v položke).,
Item: {0} does not exist in the system,Položka: {0} v systéme neexistuje,
Items,Položky,
Items Filter,Filter položiek,
Items and Pricing,Položky a ceny,
Items for Raw Material Request,Položky pre žiadosť o suroviny,
Job Card,Pracovná karta,
Job card {0} created,Vytvorená karta úlohy {0},
Join,Pripojte sa k,
Journal Entries {0} are un-linked,Záznamy v denníku {0} nie sú prepojené,
Journal Entry,Záznam v denníku,
Journal Entry {0} does not have account {1} or already matched against other voucher,Záznam v denníku {0} nemá účet {1} alebo už bol porovnaný s iným poukazom,
Kanban Board,Tabuľa Kanban,
Key Reports,Kľúčové správy,
LMS Activity,Činnosť systému LMS,
Lab Test,Laboratórny test,
Lab Test Report,Správa z laboratórneho testu,
Lab Test Sample,Laboratórny test vzorky,
Lab Test Template,Šablóna laboratórneho testu,
Lab Test UOM,Laboratórny test UOM,
Lab Tests and Vital Signs,Laboratórne testy a životné funkcie,
Lab result datetime cannot be before testing datetime,Dátum laboratórneho výsledku nemôže byť pred dátumom testovania,
Lab testing datetime cannot be before collection datetime,Dátum laboratórneho testovania nemôže byť pred dátumom odberu,
Label,Štítok,
Laboratory,Laboratórium,
Large,Veľké,
Last Communication,Posledná komunikácia,
Last Communication Date,Dátum poslednej komunikácie,
Last Name,Priezvisko,
Last Order Amount,Výška poslednej objednávky,
Last Order Date,Dátum poslednej objednávky,
Last Purchase Price,Posledná nákupná cena,
Last Purchase Rate,Posledná nákupná sadzba,
Latest,Najnovšie,
Latest price updated in all BOMs,Najnovšia cena aktualizovaná vo všetkých kusovníkoch,
Lead,Vedenie,
Lead Count,Počet olova,
Lead Owner,Vedúci vlastník,
Lead Owner cannot be same as the Lead,Vedúci vlastník nemôže byť totožný s vedúcim,
Lead Time Days,Doba realizácie Dni,
Lead to Quotation,Vedenie k cenovej ponuke,
"Leads help you get business, add all your contacts and more as your leads","Leads vám pomôžu získať obchod, pridať všetky svoje kontakty a ďalšie ako vaše leads",
Learn,Naučte sa,
Leave Management,Riadenie dovolenky,
Leave and Attendance,Dovolenka a dochádzka,
Leave application {0} already exists against the student {1},Žiadosť o dovolenku {0} už existuje voči študentovi {1},
Leaves has been granted sucessfully,Listy boli úspešne udelené,
Leaves must be allocated in multiples of 0.5,"Listy sa musia prideľovať v násobkoch 0,5",
Ledger,Účtovná kniha,
Legal,Právna stránka,
Legal Expenses,Právne výdavky,
Letter Head,Hlavička listu,
Letter Heads for print templates.,Hlavy listov pre tlačové šablóny.,
Level,Úroveň,
Liability,Zodpovednosť,
Limit Crossed,Prekročený limit,
Link to Material Request,Prepojenie na žiadosť o materiál,
List of all share transactions,Zoznam všetkých transakcií s akciami,
List of available Shareholders with folio numbers,Zoznam dostupných akcionárov s číslami listov,
Loading Payment System,Načítanie platobného systému,
Loan,Úver,
Loan Start Date and Loan Period are mandatory to save the Invoice Discounting,Dátum začiatku pôžičky a obdobie pôžičky sú povinné na uloženie diskontovania faktúr,
Loans (Liabilities),Úvery (záväzky),
Loans and Advances (Assets),Úvery a preddavky (aktíva),
Local,Miestne stránky,
Logs for maintaining sms delivery status,Protokoly na udržiavanie stavu doručenia sms,
Lost,Stratené,
Lost Reasons,Stratené dôvody,
Low,Nízka,
Low Sensitivity,Nízka citlivosť,
Lower Income,Nižší príjem,
Loyalty Amount,Výška vernostného poplatku,
Loyalty Point Entry,Vstup do vernostného bodu,
Loyalty Points,Vernostné body,
"Loyalty Points will be calculated from the spent done (via the Sales Invoice), based on collection factor mentioned.",Vernostné body sa vypočítajú z vynaložených prostriedkov (prostredníctvom predajnej faktúry) na základe uvedeného faktora výberu.,
Loyalty Points: {0},Vernostné body: {0},
Loyalty Program,Vernostný program,
Main,Hlavná stránka,
Maintenance,Údržba,
Maintenance Log,Denník údržby,
Maintenance Manager,Manažér údržby,
Maintenance Schedule,Plán údržby,
Maintenance Schedule is not generated for all the items. Please click on 'Generate Schedule',"Plán údržby sa nevytvára pre všetky položky. Kliknite na ""Generovať plán"".",
Maintenance Schedule {0} exists against {1},Plán údržby {0} existuje voči {1},
Maintenance Schedule {0} must be cancelled before cancelling this Sales Order,Plán údržby {0} musí byť zrušený pred zrušením tejto objednávky predaja,
Maintenance Status has to be Cancelled or Completed to Submit,"Stav údržby musí byť zrušený alebo dokončený, aby bolo možné odoslať",
Maintenance User,Používateľ údržby,
Maintenance Visit,Návšteva údržby,
Maintenance Visit {0} must be cancelled before cancelling this Sales Order,Údržbová návšteva {0} musí byť zrušená pred zrušením tejto objednávky predaja,
Maintenance start date can not be before delivery date for Serial No {0},Dátum začiatku údržby nemôže byť pred dátumom dodania pre sériové číslo {0},
Make,Urobte,
Make Payment,Vykonajte platbu,
Make project from a template.,Vytvorte projekt zo šablóny.,
Making Stock Entries,Zadávanie údajov o zásobách,
Male,Muži,
Manage Customer Group Tree.,Správa stromu skupín zákazníkov.,
Manage Sales Partners.,Správa obchodných partnerov.,
Manage Sales Person Tree.,Správa stromu predajcov.,
Manage Territory Tree.,Správa stromu územia.,
Manage your orders,Spravujte svoje objednávky,
Management,Manažment,
Manager,Manažér,
Managing Projects,Riadenie projektov,
Managing Subcontracting,Riadenie subdodávok,
Mandatory,Povinné,
Mandatory field - Academic Year,Povinné pole - akademický rok,
Mandatory field - Get Students From,Povinné pole - Získať študentov z,
Mandatory field - Program,Povinné pole - Program,
Manufacture,Výroba,
Manufacturer,Výrobca,
Manufacturer Part Number,Číslo dielu výrobcu,
Manufacturing,Výroba,
Manufacturing Quantity is mandatory,Výrobné množstvo je povinné,
Mapping,Mapovanie,
Mapping Type,Typ mapovania,
Mark Absent,Mark neprítomný,
Mark Half Day,Mark Pol dňa,
Mark Present,Mark Present,
Marketing,Marketing,
Marketing Expenses,Výdavky na marketing,
Marketplace,Trh,
Marketplace Error,Chyba na trhovisku,
Masters,Masters,
Match Payments with Invoices,Porovnanie platieb s faktúrami,
Match non-linked Invoices and Payments.,Priradenie neprepojených faktúr a platieb.,
Material,Materiál,
Material Consumption,Spotreba materiálu,
Material Consumption is not set in Manufacturing Settings.,Spotreba materiálu nie je nastavená v Nastaveniach výroby.,
Material Receipt,Príjem materiálu,
Material Request,Žiadosť o materiál,
Material Request Date,Dátum žiadosti o materiál,
Material Request No,Žiadosť o materiál č.,
"Material Request not created, as quantity for Raw Materials already available.","Žiadosť o materiál nebola vytvorená, pretože množstvo surovín je už k dispozícii.",
Material Request of maximum {0} can be made for Item {1} against Sales Order {2},Na položku {1} je možné vystaviť požiadavku na materiál v maximálnej hodnote {0} na základe predajnej objednávky {2}.,
Material Request to Purchase Order,Žiadosť o materiál k objednávke,
Material Request {0} is cancelled or stopped,Žiadosť o materiál {0} je zrušená alebo zastavená,
Material Request {0} submitted.,Predložená žiadosť o materiál {0}.,
Material Transfer,Prenos materiálu,
Material Transferred,Prenesený materiál,
Material to Supplier,Materiál pre dodávateľa,
Max discount allowed for item: {0} is {1}%,Maximálna povolená zľava na položku: {0} je {1}%.,
Max: {0},Max: {0},
Maximum Samples - {0} can be retained for Batch {1} and Item {2}.,Maximálny počet vzoriek - {0} možno ponechať pre dávku {1} a položku {2}.,
Maximum Samples - {0} have already been retained for Batch {1} and Item {2} in Batch {3}.,Maximálny počet vzoriek - {0} už bol zachovaný pre dávku {1} a položku {2} v dávke {3}.,
Maximum discount for Item {0} is {1}%,Maximálna zľava pre položku {0} je {1}%,
Medical Code,Lekársky kód,
Medical Code Standard,Štandardný lekársky kód,
Medical Department,Lekárske oddelenie,
Medical Record,Lekársky záznam,
Medium,Stredné,
Member Activity,Aktivita člena,
Member ID,ID člena,
Member Name,Meno člena,
Member information.,Informácie pre členov.,
Membership,Členstvo,
Membership Details,Podrobnosti o členstve,
Membership ID,ID členstva,
Membership Type,Typ členstva,
Memebership Details,Podrobnosti o členstve,
Memebership Type Details,Podrobnosti o type členstva,
Merge,Zlúčenie,
Merge Account,Zlúčenie účtov,
Merge with Existing Account,Zlúčenie s existujúcim účtom,
"Merging is only possible if following properties are same in both records. Is Group, Root Type, Company","Zlúčenie je možné len vtedy, ak sú nasledujúce vlastnosti v oboch záznamoch rovnaké. Je skupina, Koreňový typ, Firma",
Message Examples,Príklady správ,
Message Sent,Odoslaná správa,
Method,Metóda,
Middle Income,Stredný príjem,
Middle Name,Stredné meno,
Middle Name (Optional),Stredné meno (nepovinné),
Min Amt can not be greater than Max Amt,Min Amt nemôže byť väčšia ako Max Amt,
Min Qty can not be greater than Max Qty,Min Qty nemôže byť väčší ako Max Qty,
Minimum Lead Age (Days),Minimálny vek vedenia (v dňoch),
Miscellaneous Expenses,Rôzne výdavky,
Missing Currency Exchange Rates for {0},Chýbajúce výmenné kurzy mien pre {0},
Missing email template for dispatch. Please set one in Delivery Settings.,Chýbajúca e-mailová šablóna pre odoslanie. Nastavte ju v Nastaveniach doručenia.,
"Missing value for Password, API Key or Shopify URL","Chýbajúca hodnota pre heslo, kľúč API alebo adresu URL služby Shopify",
Mode of Payment,Spôsob platby,
Mode of Payments,Spôsob platby,
Mode of Transport,Spôsob dopravy,
Mode of Transportation,Spôsob dopravy,
Model,Model,
Moderate Sensitivity,Mierna citlivosť,
Monday,Pondelok,
Monthly,Mesačne,
Monthly Distribution,Mesačná distribúcia,
More,Viac na,
More Information,Viac informácií,
More...,Viac...,
Motion Picture & Video,Film a video,
Move,Presun,
Move Item,Presun položky,
Multi Currency,Viacero mien,
Multiple Item prices.,Ceny viacerých položiek.,
Multiple Loyalty Program found for the Customer. Please select manually.,"Nájdenie viacerých vernostných programov pre zákazníka. Prosím, vyberte ručne.",
"Multiple Price Rules exists with same criteria, please resolve conflict by assigning priority. Price Rules: {0}","Existuje viacero cenových pravidiel s rovnakými kritériami, vyriešte konflikt priradením priority. Cenové pravidlá: {0}",
Multiple Variants,Viacero variantov,
Multiple fiscal years exist for the date {0}. Please set company in Fiscal Year,Pre dátum {0} existuje viac fiškálnych rokov. Nastavte spoločnosť vo fiškálnom roku,
Music,Hudba,
Name error: {0},Chyba v názve: {0},
Name of new Account. Note: Please don't create accounts for Customers and Suppliers,Názov nového účtu. Poznámka: Nevytvárajte účty pre zákazníkov a dodávateľov,
Name or Email is mandatory,Meno alebo e-mail je povinné,
Nature Of Supplies,Povaha dodávok,
Navigating,Navigácia na stránke,
Needs Analysis,Analýza potrieb,
Negative Quantity is not allowed,Záporné množstvo nie je povolené,
Negative Valuation Rate is not allowed,Záporná miera ocenenia nie je povolená,
Negotiation/Review,Vyjednávanie/preskúmanie,
Net Asset value as on,Čistá hodnota aktív k,
Net Cash from Financing,Čisté peňažné prostriedky z financovania,
Net Cash from Investing,Čisté peňažné prostriedky z investovania,
Net Cash from Operations,Čisté peňažné prostriedky z prevádzkovej činnosti,
Net Change in Accounts Payable,Čistá zmena záväzkov,
Net Change in Accounts Receivable,Čistá zmena pohľadávok,
Net Change in Cash,Čistá zmena hotovosti,
Net Change in Equity,Čistá zmena vlastného imania,
Net Change in Fixed Asset,Čistá zmena dlhodobého majetku,
Net Change in Inventory,Čistá zmena zásob,
Net ITC Available(A) - (B),Čistá dostupná ITC(A) - (B),
Net Profit,Čistý zisk,
Net Total,Čistá suma,
New Account Name,Názov nového účtu,
New Address,Nová adresa,
New BOM,Nový BOM,
New Batch ID (Optional),ID novej dávky (voliteľné),
New Batch Qty,Množstvo novej dávky,
New Company,Nová spoločnosť,
New Cost Center Name,Názov nového nákladového strediska,
New Customer Revenue,Príjmy od nových zákazníkov,
New Customers,Noví zákazníci,
New Department,Nové oddelenie,
New Employee,Nový zamestnanec,
New Location,Nové umiestnenie,
New Quality Procedure,Nový postup kvality,
New Sales Invoice,Nová predajná faktúra,
New Sales Person Name,Meno nového predajcu,
New Serial No cannot have Warehouse. Warehouse must be set by Stock Entry or Purchase Receipt,Nové sériové číslo nemôže mať sklad. Sklad musí byť nastavený pomocou skladovej evidencie alebo nákupného dokladu.,
New Warehouse Name,Názov nového skladu,
New credit limit is less than current outstanding amount for the customer. Credit limit has to be atleast {0},Nový úverový limit je nižší ako aktuálna nesplatená suma pre zákazníka. Úverový limit musí byť aspoň {0}.,
New task,Nová úloha,
New {0} pricing rules are created,Vytvoria sa nové {0} cenové pravidlá,
Newspaper Publishers,Vydavatelia novín,
Next,Ďalšie,
Next Contact By cannot be same as the Lead Email Address,Ďalší kontakt Do nemôže byť rovnaký ako e-mailová adresa vedúceho,
Next Contact Date cannot be in the past,Dátum nasledujúceho kontaktu nemôže byť v minulosti,
Next Steps,Ďalšie kroky,
No Action,Žiadna akcia,
No Customers yet!,Zatiaľ žiadni zákazníci!,
No Data,Žiadne údaje,
No Delivery Note selected for Customer {},Pre zákazníka nie je vybraná žiadna dodacia poznámka {},
No Item with Barcode {0},Žiadna položka s čiarovým kódom {0},
No Item with Serial No {0},Žiadna položka so sériovým číslom {0},
No Items available for transfer,Žiadne položky na prenos,
No Items selected for transfer,Žiadne položky vybrané na prenos,
No Items to pack,Žiadne položky na balenie,
No Items with Bill of Materials to Manufacture,Žiadne položky s výkazom materiálu na výrobu,
No Items with Bill of Materials.,Žiadne položky s výkazom materiálu.,
No Permission,Žiadne povolenie,
No Remarks,Bez poznámok,
No Result to submit,Žiadny výsledok na predloženie,
No Student Groups created.,Nie sú vytvorené žiadne skupiny študentov.,
No Students in,Žiadni študenti v,
No Tax Withholding data found for the current Fiscal Year.,Pre aktuálny fiškálny rok neboli nájdené žiadne údaje o zrážkach daní.,
No Work Orders created,Žiadne vytvorené pracovné príkazy,
No accounting entries for the following warehouses,Žiadne účtovné záznamy pre tieto sklady,
No contacts with email IDs found.,Nenašli sa žiadne kontakty s e-mailovými ID.,
No data for this period,Žiadne údaje za toto obdobie,
No description given,Nie je uvedený žiadny opis,
No employees for the mentioned criteria,Žiadni zamestnanci pre uvedené kritériá,
No gain or loss in the exchange rate,Žiadny zisk alebo strata vo výmennom kurze,
No items listed,Žiadne položky v zozname,
No items to be received are overdue,"Žiadne položky, ktoré sa majú prijať, nie sú po lehote splatnosti",
No material request created,Žiadna žiadosť o materiál nebola vytvorená,
No of Interactions,Počet interakcií,
No of Shares,Počet akcií,
No pending Material Requests found to link for the given items.,"Pre dané položky sa nenašli žiadne čakajúce žiadosti o materiál, ktoré by bolo možné prepojiť.",
No products found,Nenašli sa žiadne produkty,
No products found.,Nenašli sa žiadne produkty.,
No record found,Nenašiel sa žiadny záznam,
No records found in the Invoice table,V tabuľke Faktúra neboli nájdené žiadne záznamy,
No records found in the Payment table,V tabuľke Platba neboli nájdené žiadne záznamy,
No tasks,Žiadne úlohy,
No time sheets,Žiadne časové hárky,
No values,Žiadne hodnoty,
No {0} found for Inter Company Transactions.,Nebolo nájdené žiadne {0} pre transakcie medzi spoločnosťami.,
Non GST Inward Supplies,Vstupné dodávky bez GST,
Non Profit,Nezisková organizácia,
Non Profit (beta),Nezisková organizácia (beta),
Non-GST outward supplies,Pasívne dodávky bez DPH,
Non-Group to Group,Od skupiny ku skupine,
None,Žiadne,
None of the items have any change in quantity or value.,Žiadna z položiek sa kvantitatívne ani hodnotovo nezmenila.,
Nos,Č.,
Not Available,Nie je k dispozícii,
Not Marked,Neoznačené,
Not Paid and Not Delivered,Nezaplatené a nedodané,
Not Permitted,Nie je povolené,
Not Started,Nezačalo sa,
Not active,Nie je aktívny,
Not allow to set alternative item for the item {0},Neumožňuje nastaviť alternatívnu položku pre položku {0},
Not allowed to update stock transactions older than {0},Nie je povolené aktualizovať skladové transakcie staršie ako {0},
Not authorized to edit frozen Account {0},Nie je oprávnený upravovať zmrazený účet {0},
Not authroized since {0} exceeds limits,"Nie je autorizované, pretože {0} prekračuje limity",
Not permitted for {0},Nie je povolené pre {0},
"Not permitted, configure Lab Test Template as required","Nie je povolené, nakonfigurujte šablónu laboratórneho testu podľa potreby",
Not permitted. Please disable the Service Unit Type,Nie je povolené. Zakážte typ servisnej jednotky,
Note: Due / Reference Date exceeds allowed customer credit days by {0} day(s),Poznámka: Dátum splatnosti / referenčný dátum presahuje povolené dni úveru zákazníka o {0} dní,
Note: Item {0} entered multiple times,Poznámka: Položka {0} zadaná viackrát,
Note: Payment Entry will not be created since 'Cash or Bank Account' was not specified,"Poznámka: Platobný záznam sa nevytvorí, pretože nebola zadaná položka ""Hotovosť alebo bankový účet"".",
Note: System will not check over-delivery and over-booking for Item {0} as quantity or amount is 0,"Poznámka: Systém nebude kontrolovať nadmerné dodávky a nadmerné rezervácie pre položku {0}, pretože množstvo alebo suma je 0",
Note: There is not enough leave balance for Leave Type {0},Poznámka: Pre typ dovolenky {0} nie je dostatočný zostatok dovolenky.,
Note: This Cost Center is a Group. Cannot make accounting entries against groups.,Poznámka: Toto nákladové stredisko je skupina. Nie je možné vykonávať účtovné zápisy voči skupinám.,
Note: {0},Poznámka: {0},
Notes,Poznámky,
Nothing is included in gross,V hrubej hodnote nie je zahrnuté nič,
Nothing more to show.,Nič viac na ukážku.,
Notify Customers via Email,Upozorňovanie zákazníkov prostredníctvom e-mailu,
Number,Číslo,
Number of Depreciations Booked cannot be greater than Total Number of Depreciations,Počet zaúčtovaných odpisov nemôže byť vyšší ako celkový počet odpisov,
Number of Interaction,Počet interakcií,
Number of Order,Číslo objednávky,
"Number of new Account, it will be included in the account name as a prefix","Číslo nového účtu, bude zahrnuté v názve účtu ako predpona",
"Number of new Cost Center, it will be included in the cost center name as a prefix","Číslo nového nákladového strediska, bude zahrnuté v názve nákladového strediska ako predpona",
Number of root accounts cannot be less than 4,Počet koreňových účtov nemôže byť menší ako 4,
Odometer,Počítadlo kilometrov,
Office Equipments,Kancelárske vybavenie,
Office Maintenance Expenses,Výdavky na údržbu kancelárie,
Office Rent,Prenájom kancelárií,
On Hold,Na počkanie,
On Net Total,V čistom Spolu,
One customer can be part of only single Loyalty Program.,Jeden zákazník môže byť súčasťou len jedného vernostného programu.,
Online Auctions,Online aukcie,
"Only the Student Applicant with the status ""Approved"" will be selected in the table below.","V nasledujúcej tabuľke sa vyberie len žiadateľ o štúdium so stavom ""Schválený"".",
Only users with {0} role can register on Marketplace,Na trhovisku sa môžu zaregistrovať len používatelia s rolou {0},
Open BOM {0},Otvoriť BOM {0},
Open Item {0},Otvoriť položku {0},
Open Notifications,Otvorené oznámenia,
Open Orders,Otvorené objednávky,
Open a new ticket,Otvorenie nového lístka,
Opening,Otvorenie stránky,
Opening (Cr),Otvorenie (Cr),
Opening (Dr),Otvorenie (Dr),
Opening Accounting Balance,Počiatočný účtovný zostatok,
Opening Accumulated Depreciation,Počiatočné akumulované odpisy,
Opening Accumulated Depreciation must be less than equal to {0},Počiatočné akumulované odpisy musia byť menšie ako rovné {0},
Opening Balance,Počiatočný zostatok,
Opening Balance Equity,Počiatočný stav Vlastné imanie,
Opening Date and Closing Date should be within same Fiscal Year,Dátum začatia a ukončenia by mal byť v rámci toho istého fiškálneho roka,
Opening Date should be before Closing Date,Dátum otvorenia by mal byť pred dátumom uzávierky,
Opening Entry Journal,Úvodný záznam v denníku,
Opening Invoice Creation Tool,Otvorenie nástroja na vytváranie faktúr,
Opening Invoice Item,Položka úvodnej faktúry,
Opening Invoices,Otváracie faktúry,
Opening Invoices Summary,Prehľad počiatočných faktúr,
Opening Qty,Otváracie množstvo,
Opening Stock,Počiatočné zásoby,
Opening Stock Balance,Počiatočný stav zásob,
Opening Value,Otváracia hodnota,
Opening {0} Invoice created,Otvorenie {0} Vytvorená faktúra,
Operation,Operácia,
Operation Time must be greater than 0 for Operation {0},Čas operácie musí byť väčší ako 0 pre operáciu {0},
"Operation {0} longer than any available working hours in workstation {1}, break down the operation into multiple operations","Operácia {0} je dlhšia ako všetky dostupné pracovné hodiny na pracovisku {1}, rozdeľte operáciu na viacero operácií",
Operations,Prevádzka,
Operations cannot be left blank,Operácie nemožno ponechať prázdne,
Opp Count,Opp Count,
Opp/Lead %,Opp/Lead %,
Opportunities,Príležitosti,
Opportunities by lead source,Príležitosti podľa zdroja vedenia,
Opportunity,Príležitosť,
Opportunity Amount,Výška príležitosti,
"Optional. Sets company's default currency, if not specified.","Voliteľné. Nastaví predvolenú menu spoločnosti, ak nie je zadaná.",
Optional. This setting will be used to filter in various transactions.,Voliteľné. Toto nastavenie sa použije na filtrovanie v rôznych transakciách.,
Options,Možnosti,
Order Count,Počet objednávok,
Order Entry,Zadávanie objednávok,
Order Value,Hodnota objednávky,
Order rescheduled for sync,Objednávka preložená na synchronizáciu,
Order/Quot %,Objednávka/kvantita %,
Ordered,Objednané,
Ordered Qty,Objednané množstvo,
"Ordered Qty: Quantity ordered for purchase, but not received.","Objednané množstvo: Množstvo objednané na nákup, ale neobdržané.",
Orders,Objednávky,
Orders released for production.,Objednávky uvoľnené do výroby.,
Organization,Organizácia,
Organization Name,Názov organizácie,
Other,Iné,
Other Reports,Ostatné správy,
"Other outward supplies(Nil rated,Exempted)","Ostatné dodávky tovaru na výstupe (oslobodené od dane, s nulovou sadzbou)",
Out Qty,Out Množstvo,
Out Value,Out Value,
Out of Order,Mimo poradia,
Outgoing,Odchádzajúci,
Outstanding,Vynikajúce,
Outstanding Amount,Nezaplatená suma,
Outstanding Amt,Nezaplatená suma,
Outstanding Cheques and Deposits to clear,Nezaplatené šeky a vklady na zúčtovanie,
Outstanding for {0} cannot be less than zero ({1}),Nezaplatené pre {0} nemôže byť menšie ako nula ({1}),
Outward taxable supplies(zero rated),Dodávky tovaru podliehajúce zdaneniu pri zasielaní (s nulovou sadzbou dane),
Overdue,Premlčané,
Overlap in scoring between {0} and {1},Prekrývanie bodov medzi {0} a {1},
Overlapping conditions found between:,Zistené prekrývajúce sa podmienky medzi:,
Owner,Vlastník,
PAN,PAN,
POS,POS,
POS Profile,Profil POS,
POS Profile is required to use Point-of-Sale,Na používanie predajného miesta je potrebný profil POS,
POS Profile required to make POS Entry,Profil POS potrebný na vykonanie záznamu POS,
POS Settings,Nastavenia POS,
Packed quantity must equal quantity for Item {0} in row {1},Balené množstvo sa musí rovnať množstvu položky {0} v riadku {1},
Packing Slip,Baliaci lístok,
Packing Slip(s) cancelled,Zrušený(-é) baliaci(-é) list(-y),
Paid,Platené,
Paid Amount,Vyplatená suma,
Paid Amount cannot be greater than total negative outstanding amount {0},Vyplatená suma nemôže byť vyššia ako celková záporná nesplatená suma {0},
Paid amount + Write Off Amount can not be greater than Grand Total,Vyplatená suma + odpísaná suma nemôže byť vyššia ako celková suma,
Paid and Not Delivered,Zaplatené a nedoručené,
Parameter,Parameter,
Parent Item {0} must not be a Stock Item,Nadradená položka {0} nesmie byť položkou zásob,
Parents Teacher Meeting Attendance,Účasť na stretnutí rodičov a učiteľov,
Partially Depreciated,Čiastočne odpísané,
Partially Received,Čiastočne prijaté,
Party,Strana,
Party Name,Názov strany,
Party Type,Typ strany,
Party Type and Party is mandatory for {0} account,Typ strany a strana sú povinné pre účet {0},
Party Type is mandatory,Typ strany je povinný,
Party is mandatory,Strana je povinná,
Past Due Date,Dátum po splatnosti,
Patient,Pacient,
Patient Appointment,Stretnutie s pacientom,
Patient Encounter,Stretnutie s pacientom,
Patient not found,Pacient nebol nájdený,
Pay Remaining,Zostávajúca platba,
Pay {0} {1},Zaplatiť {0} {1},
Payable,Splatné,
Payable Account,Účet splatných záväzkov,
Payment,Platba,
Payment Cancelled. Please check your GoCardless Account for more details,Platba zrušená. Ďalšie informácie nájdete na svojom účte GoCardless,
Payment Confirmation,Potvrdenie platby,
Payment Document,Platobný doklad,
Payment Due Date,Dátum splatnosti platby,
Payment Entries {0} are un-linked,Platobné položky {0} nie sú prepojené,
Payment Entry,Zadanie platby,
Payment Entry already exists,Platobný záznam už existuje,
Payment Entry has been modified after you pulled it. Please pull it again.,"Platobný záznam bol upravený po tom, ako ste ho vytiahli. Stiahnite ho znova.",
Payment Entry is already created,Platobný záznam je už vytvorený,
Payment Failed. Please check your GoCardless Account for more details,Platba zlyhala. Ďalšie informácie nájdete na svojom účte GoCardless,
Payment Gateway,Platobná brána,
"Payment Gateway Account not created, please create one manually.","Konto platobnej brány nie je vytvorené, vytvorte ho manuálne.",
Payment Gateway Name,Názov platobnej brány,
Payment Mode,Spôsob platby,
Payment Receipt Note,Poznámka k potvrdeniu o platbe,
Payment Request,Žiadosť o platbu,
Payment Request for {0},Žiadosť o platbu pre {0},
Payment Tems,Platobné témy,
Payment Term,Termín platby,
Payment Terms,Platobné podmienky,
Payment Terms Template,Šablóna platobných podmienok,
Payment Terms based on conditions,Platobné podmienky na základe podmienok,
Payment Type,Typ platby,
"Payment Type must be one of Receive, Pay and Internal Transfer","Typ platby musí byť jeden z typov Príjem, Platba a Interný prevod",
Payment against {0} {1} cannot be greater than Outstanding Amount {2},Platba voči {0} {1} nemôže byť vyššia ako nesplatená suma {2},
Payment request {0} created,Vytvorená žiadosť o platbu {0},
Payments,Platby,
Payroll Payable,Záväzky zo mzdy,
Payslip,Výplatný list,
Pending Activities,Nevykonané činnosti,
Pending Amount,Čakajúca suma,
Pending Leaves,Čakajúce listy,
Pending Qty,Čaká sa na množstvo,
Pending Quantity,Čaká sa na množstvo,
Pending Review,Čaká sa na preskúmanie,
Pending activities for today,Nevyriešené aktivity na dnes,
Pension Funds,Dôchodkové fondy,
Percentage Allocation should be equal to 100%,Percentuálne pridelenie by sa malo rovnať 100 %.,
Perception Analysis,Analýza vnímania,
Period,Obdobie,
Period Closing Entry,Záverečný záznam obdobia,
Period Closing Voucher,Poukaz na ukončenie obdobia,
Periodicity,Periodicita,
Personal Details,Osobné údaje,
Pharmaceutical,Farmaceutické,
Pharmaceuticals,Farmaceutické výrobky,
Physician,Lekár,
Place Of Supply (State/UT),Miesto dodávky (štát/UT),
Place Order,Umiestnenie objednávky,
Plan Name,Názov plánu,
Plan for maintenance visits.,Plánujte návštevy údržby.,
Planned Qty,Plánované množstvo,
"Planned Qty: Quantity, for which, Work Order has been raised, but is pending to be manufactured.","Plánované množstvo: Množstvo, na ktoré bola vystavená pracovná objednávka, ale čaká na výrobu.",
Planning,Plánovanie,
Plants and Machineries,Zariadenia a stroje,
Please Set Supplier Group in Buying Settings.,Nastavte skupinu dodávateľov v nastaveniach nákupu.,
Please add a Temporary Opening account in Chart of Accounts,"Prosím, pridajte dočasný otvárací účet v účtovnej osnove",
Please add the account to root level Company -,"Prosím, pridajte účet na koreňovú úroveň Company -",
Please check Multi Currency option to allow accounts with other currency,"Prosím, zaškrtnite možnosť Multi Currency, aby ste umožnili účty s inou menou",
Please click on 'Generate Schedule',"Kliknite na ""Generovať plán"".",
Please click on 'Generate Schedule' to fetch Serial No added for Item {0},"Kliknite na ""Generovať plán"", aby ste získali sériové číslo pridané pre položku {0}",
Please click on 'Generate Schedule' to get schedule,"Ak chcete získať plán, kliknite na ""Generovať plán"".",
Please create purchase receipt or purchase invoice for the item {0},Vytvorte prosím doklad o kúpe alebo faktúru za nákup položky {0},
Please define grade for Threshold 0%,"Prosím, definujte stupeň pre prah 0%",
Please enable Applicable on Booking Actual Expenses,Povoľte možnosť Uplatniteľné pri rezervácii Skutočné výdavky,
Please enable Applicable on Purchase Order and Applicable on Booking Actual Expenses,Povoľte možnosť Platí pri objednávke a Platí pri rezervácii Skutočné výdavky,
Please enable pop-ups,Povoľte vyskakovacie okná,
Please enter 'Is Subcontracted' as Yes or No,"Prosím, zadajte ""Is Subcontracted"" ako Áno alebo Nie",
Please enter API Consumer Key,Zadajte kľúč spotrebiteľa API,
Please enter API Consumer Secret,Zadajte prosím Tajomstvo spotrebiteľa API,
Please enter Account for Change Amount,Zadajte účet pre zmenu sumy,
Please enter Approving Role or Approving User,Zadajte schvaľujúcu rolu alebo schvaľujúceho používateľa,
Please enter Cost Center,Zadajte nákladové stredisko,
Please enter Delivery Date,Zadajte dátum dodania,
Please enter Employee Id of this sales person,Zadajte prosím ID zamestnanca tohto predajcu,
Please enter Expense Account,Zadajte nákladový účet,
Please enter Item Code to get Batch Number,"Zadajte kód položky, aby ste získali číslo šarže",
Please enter Item Code to get batch no,"Zadajte kód položky, aby ste získali číslo dávky",
Please enter Item first,Najskôr zadajte položku,
Please enter Maintaince Details first,Najskôr zadajte Maintaince Details,
Please enter Planned Qty for Item {0} at row {1},Zadajte plánované množstvo pre položku {0} v riadku {1},
Please enter Preferred Contact Email,Zadajte prosím preferovaný kontaktný e-mail,
Please enter Production Item first,Najskôr zadajte položku Výroba,
Please enter Purchase Receipt first,Najskôr zadajte doklad o kúpe,
Please enter Receipt Document,Zadajte prosím doklad o prijatí,
Please enter Reference date,Zadajte prosím referenčný dátum,
Please enter Reqd by Date,"Prosím, zadajte Reqd by Date",
Please enter Woocommerce Server URL,Zadajte adresu URL servera Woocommerce,
Please enter Write Off Account,Zadajte prosím účet odpisov,
Please enter atleast 1 invoice in the table,Do tabuľky uveďte aspoň 1 faktúru,
Please enter company first,Najskôr zadajte spoločnosť,
Please enter company name first,Najskôr zadajte názov spoločnosti,
Please enter default currency in Company Master,Zadajte predvolenú menu v hlavnom dokumente spoločnosti,
Please enter message before sending,Pred odoslaním zadajte správu,
Please enter parent cost center,Zadajte materské nákladové stredisko,
Please enter quantity for Item {0},"Zadajte, prosím, množstvo pre položku {0}",
Please enter relieving date.,Zadajte dátum úľavy.,
Please enter valid Financial Year Start and End Dates,Zadajte platné dátumy začiatku a konca finančného roka,
Please enter valid email address,Zadajte platnú e-mailovú adresu,
Please enter {0} first,Najprv zadajte {0},
Please fill in all the details to generate Assessment Result.,Vyplňte všetky údaje na vygenerovanie výsledku hodnotenia.,
Please identify/create Account (Group) for type - {0},"Prosím, identifikujte/vytvorte účet (skupinu) pre typ - {0}",
Please identify/create Account (Ledger) for type - {0},"Prosím, identifikujte/vytvorte účet (účtovnú knihu) pre typ - {0}",
Please login as another user to register on Marketplace,"Ak sa chcete zaregistrovať na trhovisku, prihláste sa ako iný používateľ",
Please make sure you really want to delete all the transactions for this company. Your master data will remain as it is. This action cannot be undone.,"Uistite sa, že naozaj chcete vymazať všetky transakcie tejto spoločnosti. Vaše kmeňové údaje zostanú zachované v pôvodnom stave. Túto akciu nie je možné vrátiť späť.",
Please mention Basic and HRA component in Company,Uveďte prosím základnú zložku a zložku HRA v spoločnosti,
Please mention Round Off Account in Company,"Prosím, uveďte zaokrúhlený účet v spoločnosti",
Please mention Round Off Cost Center in Company,Uveďte nákladové stredisko Round Off v spoločnosti,
Please mention no of visits required,Uveďte počet požadovaných návštev,
Please mention the Lead Name in Lead {0},V časti Lead {0} uveďte názov Lead,
Please pull items from Delivery Note,Vytiahnite položky z dodacieho listu,
Please register the SIREN number in the company information file,Zaregistrujte číslo SIREN v súbore s informáciami o spoločnosti,
Please remove this Invoice {0} from C-Form {1},"Prosím, odstráňte túto faktúru {0} z formulára C {1}",
Please save the patient first,Najprv prosím zachráňte pacienta,
Please save the report again to rebuild or update,Na obnovenie alebo aktualizáciu správy ju znovu uložte.,
"Please select Allocated Amount, Invoice Type and Invoice Number in atleast one row","Prosím, vyberte pridelenú sumu, typ faktúry a číslo faktúry aspoň v jednom riadku",
Please select Apply Discount On,Vyberte možnosť Uplatniť zľavu na,
Please select BOM against item {0},"Prosím, vyberte BOM oproti položke {0}",
Please select BOM for Item in Row {0},Vyberte prosím kusovník pre položku v riadku {0},
Please select BOM in BOM field for Item {0},V poli BOM vyberte položku {0},
Please select Category first,Najprv vyberte kategóriu,
Please select Charge Type first,Najprv vyberte typ poplatku,
Please select Company,"Prosím, vyberte spoločnosť",
Please select Company and Posting Date to getting entries,"Vyberte spoločnosť a dátum odoslania, aby ste získali záznamy",
Please select Company first,Najskôr vyberte spoločnosť,
Please select Completion Date for Completed Asset Maintenance Log,Vyberte dátum ukončenia pre záznam o vykonanej údržbe majetku,
Please select Completion Date for Completed Repair,Vyberte dátum dokončenia dokončenej opravy,
Please select Course,"Prosím, vyberte kurz",
Please select Drug,"Prosím, vyberte liek",
Please select Existing Company for creating Chart of Accounts,"Prosím, vyberte možnosť Existujúca spoločnosť pre vytvorenie účtovnej osnovy",
Please select Healthcare Service,"Prosím, vyberte službu zdravotnej starostlivosti",
"Please select Item where ""Is Stock Item"" is ""No"" and ""Is Sales Item"" is ""Yes"" and there is no other Product Bundle","Prosím, vyberte položku, kde ""Je skladová položka"" je ""Nie"" a ""Je predajná položka"" je ""Áno"" a neexistuje žiadny iný balík produktov",
Please select Maintenance Status as Completed or remove Completion Date,"Prosím, vyberte Stav údržby ako Dokončená alebo odstráňte Dátum dokončenia",
Please select Party Type first,Najskôr vyberte typ strany,
Please select Patient,"Prosím, vyberte Pacient",
Please select Patient to get Lab Tests,"Prosím, vyberte pacienta na získanie laboratórnych testov",
Please select Posting Date before selecting Party,Pred výberom strany vyberte dátum odoslania,
Please select Posting Date first,Najskôr vyberte dátum odoslania,
Please select Price List,"Prosím, vyberte Cenník",
Please select Program,"Prosím, vyberte program",
Please select Qty against item {0},"Prosím, vyberte množstvo pri položke {0}",
Please select Sample Retention Warehouse in Stock Settings first,Najskôr vyberte možnosť Sklad na uchovávanie vzoriek v Nastaveniach zásob,
Please select Start Date and End Date for Item {0},Vyberte dátum začiatku a konca pre položku {0},
Please select Student Admission which is mandatory for the paid student applicant,"Prosím, vyberte možnosť Prijatie študenta, ktorá je povinná pre platiaceho žiadateľa o štúdium",
Please select a BOM,"Prosím, vyberte BOM",
Please select a Batch for Item {0}. Unable to find a single batch that fulfills this requirement,"Vyberte dávku pre položku {0}. Nie je možné nájsť jedinú dávku, ktorá by spĺňala túto požiadavku",
Please select a Company,"Prosím, vyberte spoločnosť",
Please select a batch,Vyberte dávku,
Please select a field to edit from numpad,"Vyberte pole, ktoré chcete upraviť, z číselnej klávesnice",
Please select a table,Vyberte si tabuľku,
Please select a valid Date,"Prosím, vyberte platný dátum",
Please select a value for {0} quotation_to {1},"Prosím, vyberte hodnotu pre {0} quotation_to {1}",
Please select a warehouse,Vyberte sklad,
Please select at least one domain.,Vyberte aspoň jednu doménu.,
Please select correct account,"Prosím, vyberte správny účet",
Please select date,"Prosím, vyberte dátum",
Please select item code,Vyberte kód položky,
Please select month and year,Vyberte mesiac a rok,
Please select the Company,Vyberte spoločnosť,
Please select the Multiple Tier Program type for more than one collection rules.,V prípade viacerých pravidiel zberu vyberte typ viacúrovňového programu.,
Please select the assessment group other than 'All Assessment Groups',"Vyberte inú skupinu hodnotenia ako ""Všetky skupiny hodnotenia"".",
Please select the document type first,Najprv vyberte typ dokumentu,
Please select weekly off day,"Vyberte si, prosím, deň voľna v týždni",
Please select {0},"Prosím, vyberte {0}",
Please select {0} first,Najprv vyberte {0},
Please set 'Apply Additional Discount On',"Prosím, nastavte ""Uplatniť dodatočnú zľavu na",
Please set 'Asset Depreciation Cost Center' in Company {0},"Prosím, nastavte ""Nákladové stredisko odpisovania majetku"" v spoločnosti {0}",
Please set 'Gain/Loss Account on Asset Disposal' in Company {0},"V spoločnosti {0} nastavte ""Účet zisku/straty z predaja majetku"".",
Please set Account in Warehouse {0} or Default Inventory Account in Company {1},Nastavte účet v sklade {0} alebo predvolený skladový účet v spoločnosti {1}.,
Please set B2C Limit in GST Settings.,Nastavte limit B2C v nastaveniach GST.,
Please set Company,Nastavte spoločnosť,
Please set Company filter blank if Group By is 'Company',"Ak je skupina podľa ""Company"", nastavte filter Company prázdny.",
Please set Default Payroll Payable Account in Company {0},Nastavte predvolený účet pre výplaty v spoločnosti {0},
Please set Depreciation related Accounts in Asset Category {0} or Company {1},Nastavte účty súvisiace s odpismi v kategórii majetku {0} alebo spoločnosti {1}.,
Please set GST Accounts in GST Settings,Nastavte účty GST v nastaveniach GST,
Please set Hotel Room Rate on {},"Prosím, nastavte cenu hotelovej izby na {}",
Please set Number of Depreciations Booked,Nastavte počet zaúčtovaných odpisov,
Please set Unrealized Exchange Gain/Loss Account in Company {0},Nastavte účet nerealizovaného kurzového zisku/straty v spoločnosti {0}.,
Please set User ID field in an Employee record to set Employee Role,"Nastavte pole ID používateľa v zázname zamestnanca, aby ste mohli nastaviť rolu zamestnanca",
Please set a default Holiday List for Employee {0} or Company {1},Nastavte predvolený zoznam sviatkov pre zamestnanca {0} alebo spoločnosť {1}.,
Please set account in Warehouse {0},Nastavte účet v sklade {0},
Please set an active menu for Restaurant {0},"Prosím, nastavte aktívne menu pre reštauráciu {0}",
Please set associated account in Tax Withholding Category {0} against Company {1},"Prosím, nastavte pridružený účet v kategórii Daňové zrážky {0} voči spoločnosti {1}.",
Please set at least one row in the Taxes and Charges Table,Nastavte aspoň jeden riadok v tabuľke Dane a poplatky,
Please set default Cash or Bank account in Mode of Payment {0},V položke Spôsob platby {0} nastavte predvolenú hotovosť alebo bankový účet.,
Please set default account in Salary Component {0},Nastavte prosím predvolený účet v zložke mzdy {0},
Please set default customer in Restaurant Settings,Nastavte predvoleného zákazníka v Nastaveniach reštaurácie,
Please set default {0} in Company {1},V spoločnosti {1} nastavte predvolené {0}.,
Please set filter based on Item or Warehouse,Nastavte filter na základe položky alebo skladu,
Please set leave policy for employee {0} in Employee / Grade record,"Prosím, nastavte politiku dovolenky pre zamestnanca {0} v zázname zamestnanca / triedy",
Please set recurring after saving,Po uložení nastavte opakované,
Please set the Customer Address,Nastavte adresu zákazníka,
Please set the Default Cost Center in {0} company.,Nastavte predvolené nákladové stredisko v spoločnosti {0}.,
Please set the Email ID for the Student to send the Payment Request,"Nastavte, prosím, e-mailové ID študenta na odoslanie žiadosti o platbu",
Please set the Item Code first,Najprv nastavte kód položky,
Please set the Payment Schedule,"Nastavte, prosím, harmonogram platieb",
Please set {0} for address {1},Nastavte {0} pre adresu {1},
Please setup Students under Student Groups,"Prosím, nastavte Študenti v časti Skupiny študentov",
Please specify Company,Uveďte spoločnosť,
Please specify Company to proceed,"Prosím, uveďte spoločnosť, ktorá bude pokračovať",
Please specify a valid 'From Case No.',"Uveďte platné číslo ""Od prípadu"".",
Please specify a valid Row ID for row {0} in table {1},Zadajte platné ID riadku pre riadok {0} v tabuľke {1},
Please specify at least one attribute in the Attributes table,Uveďte aspoň jeden atribút v tabuľke Atribúty,
Please specify currency in Company,Uveďte menu v spoločnosti,
Please specify either Quantity or Valuation Rate or both,"Uveďte buď množstvo, alebo oceňovaciu sadzbu, alebo oboje",
Please specify from/to range,Uveďte rozsah od/do,
Please supply the specified items at the best possible rates,"Prosím, dodajte uvedené položky za najlepšie možné ceny",
Please wait 3 days before resending the reminder.,Pred opätovným zaslaním upomienky počkajte 3 dni.,
Point of Sale,Predajné miesto,
Point-of-Sale,Predajné miesta,
Point-of-Sale Profile,Profil predajného miesta,
Portal,Portál,
Possible Supplier,Možný dodávateľ,
Postal Expenses,Poštové výdavky,
Posting Date,Dátum vyslania,
Posting Date cannot be future date,Dátum odoslania nemôže byť budúci dátum,
Posting Time,Čas vysielania,
Posting date and posting time is mandatory,Dátum a čas zverejnenia sú povinné,
Posting timestamp must be after {0},Časová značka odoslania musí byť po {0},
Potential opportunities for selling.,Potenciálne možnosti predaja.,
Practitioner Schedule,Harmonogram pre praktických lekárov,
Pre Sales,Predpredaj,
Preference,Preferencie,
Prescribed Procedures,Predpísané postupy,
Prescription,Predpis,
Prescription Dosage,Dávkovanie na predpis,
Prescription Duration,Trvanie predpisu,
Prescriptions,Predpisy,
Prev,Predchádzajúci,
Preview,Náhľad,
Previous Financial Year is not closed,Predchádzajúci rozpočtový rok nie je uzavretý,
Price,Cena,
Price List,Cenník,
Price List Currency not selected,Cenník Mena nie je vybraná,
Price List Rate,Cenníková sadzba,
Price List master.,Cenník master.,
Price List must be applicable for Buying or Selling,Cenník sa musí vzťahovať na nákup alebo predaj,
Price List {0} is disabled or does not exist,Cenník {0} je vypnutý alebo neexistuje,
Price or product discount slabs are required,Vyžadujú sa cenové alebo produktové zľavové dosky,
Pricing,Cenotvorba,
Pricing Rule,Pravidlo stanovovania cien,
"Pricing Rule is first selected based on 'Apply On' field, which can be Item, Item Group or Brand.","Cenové pravidlo sa najprv vyberie na základe poľa ""Použiť na"", ktorým môže byť položka, skupina položiek alebo značka.",
"Pricing Rule is made to overwrite Price List / define discount percentage, based on some criteria.",Cenové pravidlo slúži na prepísanie cenníka / definovanie percentuálnej zľavy na základe určitých kritérií.,
Pricing Rule {0} is updated,Cenové pravidlo {0} je aktualizované,
Pricing Rules are further filtered based on quantity.,Cenové pravidlá sa ďalej filtrujú na základe množstva.,
Primary Address Details,Údaje o primárnej adrese,
Primary Contact Details,Hlavné kontaktné údaje,
Print Format,Formát tlače,
Print IRS 1099 Forms,Tlač formulárov IRS 1099,
Print Report Card,Vytlačiť vysvedčenie,
Print Settings,Nastavenia tlače,
Print and Stationery,Tlač a kancelárske potreby,
Print settings updated in respective print format,Aktualizácia nastavení tlače v príslušnom formáte tlače,
Print taxes with zero amount,Tlač daní s nulovou sumou,
Printing and Branding,Tlač a branding,
Private Equity,Súkromný kapitál,
Procedure,Postup,
Process Day Book Data,Spracovať údaje dennej knihy,
Process Master Data,Spracovanie základných údajov,
Processing Chart of Accounts and Parties,Spracovanie účtovnej osnovy a strán,
Processing Items and UOMs,Spracovanie položiek a UOM,
Processing Party Addresses,Adresy spracovateľskej strany,
Processing Vouchers,Spracovanie poukazov,
Procurement,Obstarávanie,
Produced Qty,Vyrobené množstvo,
Product,Produkt,
Product Bundle,Balík produktov,
Product Search,Vyhľadávanie produktov,
Production,Výroba,
Production Item,Výrobná položka,
Products,Produkty,
Profit and Loss,Zisk a strata,
Profit for the year,Zisk za rok,
Program,Program,
Program in the Fee Structure and Student Group {0} are different.,Program v štruktúre poplatkov a skupina študentov {0} sa líšia.,
Program {0} does not exist.,Program {0} neexistuje.,
Program:,Program:,
Progress % for a task cannot be more than 100.,Pokrok % pre úlohu nemôže byť väčší ako 100.,
Project Collaboration Invitation,Pozvánka na spoluprácu na projekte,
Project Id,Id projektu,
Project Manager,Projektový manažér,
Project Name,Názov projektu,
Project Start Date,Dátum začiatku projektu,
Project Status,Stav projektu,
Project Summary for {0},Zhrnutie projektu pre {0},
Project Update.,Aktualizácia projektu.,
Project Value,Hodnota projektu,
Project activity / task.,Aktivita/úloha projektu.,
Project master.,Vedúci projektu.,
Project-wise data is not available for Quotation,Údaje o projektoch nie sú k dispozícii pre cenovú ponuku,
Projected,Predpokladané,
Projected Qty,Predpokladané množstvo,
Projected Quantity Formula,Vzorec predpokladaného množstva,
Projects,Projekty,
Proposal Writing,Písanie návrhov,
Proposal/Price Quote,Návrh/cena,
Prospecting,Vyhľadávanie,
Provisional Profit / Loss (Credit),Predbežný zisk/strata (kredit),
Publications,Publikácie,
Publish Items on Website,Uverejňovanie položiek na webovej lokalite,
Published,Zverejnené na,
Publishing,Vydavateľstvo,
Purchase,Nákup,
Purchase Amount,Nákupná suma,
Purchase Date,Dátum nákupu,
Purchase Invoice,Nákupná faktúra,
Purchase Invoice {0} is already submitted,Nákupná faktúra {0} je už odoslaná,
Purchase Manager,Manažér nákupu,
Purchase Master Manager,Hlavný manažér nákupu,
Purchase Order,Objednávka,
Purchase Order Amount,Suma objednávky,
Purchase Order Amount(Company Currency),Suma objednávky (mena spoločnosti),
Purchase Order Date,Dátum objednávky,
Purchase Order Items not received on time,"Objednávka na nákup Položky, ktoré neboli doručené včas",
Purchase Order number required for Item {0},Číslo nákupnej objednávky požadované pre položku {0},
Purchase Order to Payment,Objednávka na platbu,
Purchase Order {0} is not submitted,Objednávka {0} nie je predložená,
Purchase Orders are not allowed for {0} due to a scorecard standing of {1}.,Objednávky na nákup nie sú povolené pre {0} z dôvodu stavu hodnotiacej karty {1}.,
Purchase Orders given to Suppliers.,Objednávky na nákup zadané dodávateľom.,
Purchase Price List,Nákupný cenník,
Purchase Receipt,Potvrdenie o kúpe,
Purchase Receipt {0} is not submitted,Doklad o kúpe {0} sa nepredkladá,
Purchase Tax Template,Šablóna dane z nákupu,
Purchase User,Nákup Používateľ,
Purchase orders help you plan and follow up on your purchases,Nákupné objednávky vám pomôžu plánovať a sledovať nákupy,
Purchasing,Nákup,
Purpose must be one of {0},Účel musí byť jeden z {0},
Qty,Množstvo,
Qty To Manufacture,Množstvo Na výrobu,
Qty Total,Množstvo Spolu,
Qty for {0},Množstvo pre {0},
Qualification,Kvalifikácia,
Quality,Kvalita,
Quality Action,Akcia Kvalita,
Quality Goal.,Cieľ kvality.,
Quality Inspection,Kontrola kvality,
Quality Inspection: {0} is not submitted for the item: {1} in row {2},Kontrola kvality: {0} nie je predložená pre túto položku: {1} v riadku {2},
Quality Management,Riadenie kvality,
Quality Meeting,Stretnutie kvality,
Quality Procedure,Postup kvality,
Quality Procedure.,Postup kvality.,
Quality Review,Preskúmanie kvality,
Quantity,Množstvo,
Quantity for Item {0} must be less than {1},Množstvo položky {0} musí byť menšie ako {1},
Quantity in row {0} ({1}) must be same as manufactured quantity {2},Množstvo v riadku {0} ({1}) musí byť rovnaké ako vyrobené množstvo {2},
Quantity must be less than or equal to {0},Množstvo musí byť menšie alebo rovné {0},
Quantity must not be more than {0},Množstvo nesmie byť väčšie ako {0},
Quantity required for Item {0} in row {1},Množstvo požadované pre položku {0} v riadku {1},
Quantity should be greater than 0,Množstvo by malo byť väčšie ako 0,
Quantity to Make,Množstvo na výrobu,
Quantity to Manufacture must be greater than 0.,Množstvo na výrobu musí byť väčšie ako 0.,
Quantity to Produce,Množstvo na výrobu,
Quantity to Produce can not be less than Zero,Množstvo na výrobu nemôže byť menšie ako nula,
Query Options,Možnosti dopytu,
Queued for replacing the BOM. It may take a few minutes.,Čaká sa na výmenu kusovníka. Môže to trvať niekoľko minút.,
Queued for updating latest price in all Bill of Materials. It may take a few minutes.,Čaká na aktualizáciu najnovšej ceny vo všetkých kusovníkoch. Môže to trvať niekoľko minút.,
Quick Journal Entry,Rýchly záznam v denníku,
Quot Count,Počet citácií,
Quot/Lead %,Kvóty/vedenie %,
Quotation,Citácia,
Quotation {0} is cancelled,Citácia {0} je zrušená,
Quotation {0} not of type {1},Citácia {0} nie je typu {1},
Quotations,Citácie,
"Quotations are proposals, bids you have sent to your customers","Cenové ponuky sú návrhy, ponuky, ktoré ste poslali svojim zákazníkom.",
Quotations received from Suppliers.,Cenové ponuky prijaté od dodávateľov.,
Quotations:,"Citáty: ""V prípade, že by ste chceli, aby sa vám podarilo získať informácie o tom, čo sa deje, je potrebné, aby ste ich získali:",
Quotes to Leads or Customers.,Citácie vedúcim alebo zákazníkom.,
RFQs are not allowed for {0} due to a scorecard standing of {1},RFQ nie sú povolené pre {0} z dôvodu stavu hodnotiacej karty {1},
Range,Rozsah,
Rate,Hodnotenie,
Rate:,Hodnotenie:,
Rating,Hodnotenie,
Raw Material,Suroviny,
Raw Materials,Suroviny,
Raw Materials cannot be blank.,Suroviny nemôžu byť prázdne.,
Re-open,Opätovné otvorenie stránky,
Read blog,Prečítajte si blog,
Read the ERPNext Manual,Prečítajte si príručku ERPNext,
Reading Uploaded File,Čítanie nahraného súboru,
Real Estate,Nehnuteľnosti,
Reason For Putting On Hold,Dôvod pozastavenia,
Reason for Hold,Dôvod zadržania,
Reason for hold:,Dôvod zadržania:,
Receipt,Príjem,
Receipt document must be submitted,Musí sa predložiť doklad o prijatí,
Receivable,Pohľadávky,
Receivable Account,Účet pohľadávok,
Received,Prijaté,
Received On,Prijaté dňa,
Received Quantity,Prijaté množstvo,
Received Stock Entries,Prijaté položky zásob,
Receiver List is empty. Please create Receiver List,Zoznam prijímačov je prázdny. Vytvorte zoznam prijímačov,
Recipients,Príjemcovia,
Reconcile,Zosúladiť,
"Record of all communications of type email, phone, chat, visit, etc.","Záznamy o všetkých komunikáciách typu e-mail, telefón, chat, návšteva atď.",
Records,Záznamy,
Redirect URL,Adresa URL presmerovania,
Ref,Ref,
Ref Date,Ref Dátum,
Reference,Odkaz,
Reference #{0} dated {1},Referencia #{0} z {1},
Reference Date,Referenčný dátum,
Reference Doctype must be one of {0},Reference Doctype musí byť jeden z {0},
Reference Document,Referenčný dokument,
Reference Document Type,Typ referenčného dokumentu,
Reference No & Reference Date is required for {0},Referenčné číslo a referenčný dátum sa vyžaduje pre {0},
Reference No and Reference Date is mandatory for Bank transaction,Referenčné číslo a referenčný dátum sú povinné pre bankovú transakciu,
Reference No is mandatory if you entered Reference Date,"Referenčné číslo je povinné, ak ste zadali Referenčný dátum",
Reference No.,Referenčné číslo,
Reference Number,Referenčné číslo,
Reference Type,Referenčný typ,
"Reference: {0}, Item Code: {1} and Customer: {2}","Odkaz: {0}, Kód položky: {1} a zákazník: {2}",
References,Odkazy,
Refresh Token,Token Refresh,
Register,Registrácia,
Rejected,Odmietnuté,
Related,Súvisiace,
Relation with Guardian1,Vzťah s opatrovníkom1,
Relation with Guardian2,Vzťah so spoločnosťou Guardian2,
Release Date,Dátum vydania,
Reload Linked Analysis,Opätovné načítanie prepojenej analýzy,
Remaining,Zostávajúce,
Remaining Balance,Zostávajúci zostatok,
Remarks,Poznámky,
Reminder to update GSTIN Sent,Odoslané upozornenie na aktualizáciu GSTIN,
Remove item if charges is not applicable to that item,"Odstráňte položku, ak sa na ňu poplatky nevzťahujú",
Removed items with no change in quantity or value.,Odstránené položky bez zmeny množstva alebo hodnoty.,
Reopen,Znovu otvoriť stránku,
Reorder Level,Úroveň doobjednania,
Reorder Qty,Množstvo na doobjednanie,
Repeat Customer Revenue,Príjmy od opakovaných zákazníkov,
Repeat Customers,Opakovaní zákazníci,
Replace BOM and update latest price in all BOMs,Vymeniť kusovník a aktualizovať najnovšiu cenu vo všetkých kusovníkoch,
Replied,Odpovedal,
Report,Správa,
Report Type,Typ správy,
Report Type is mandatory,Typ správy je povinný,
Reports,Správy,
Reqd By Date,Vyžiadané do dátumu,
Reqd Qty,Požadované množstvo,
Request for Quotation,Žiadosť o cenovú ponuku,
Request for Quotations,Žiadosť o cenovú ponuku,
Request for Raw Materials,Žiadosť o suroviny,
Request for purchase.,Žiadosť o nákup.,
Request for quotation.,Žiadosť o cenovú ponuku.,
Requested Qty,Požadované množstvo,
"Requested Qty: Quantity requested for purchase, but not ordered.","Požadované množstvo: Množstvo požadované na nákup, ale neobjednané.",
Requesting Site,Žiadajúca stránka,
Requesting payment against {0} {1} for amount {2},Žiadosť o platbu na {0} {1} na sumu {2},
Requestor,Žiadateľ,
Required On,Vyžaduje sa na,
Required Qty,Požadované množstvo,
Required Quantity,Požadované množstvo,
Reschedule,Zmena harmonogramu,
Research,Výskum,
Research & Development,Výskum a vývoj,
Researcher,Výskumník,
Resend Payment Email,Opätovné odoslanie platobného e-mailu,
Reserve Warehouse,Rezervný sklad,
Reserved Qty,Rezervované množstvo,
Reserved Qty for Production,Rezervované množstvo pre výrobu,
Reserved Qty for Production: Raw materials quantity to make manufacturing items.,Rezervované množstvo pre výrobu: Množstvo surovín na výrobu položiek.,
"Reserved Qty: Quantity ordered for sale, but not delivered.","Rezervované množstvo: Množstvo objednané na predaj, ale nedodané.",
Reserved Warehouse is mandatory for Item {0} in Raw Materials supplied,Rezervovaný sklad je povinný pre položku {0} v dodaných surovinách,
Reserved for manufacturing,Vyhradené pre výrobu,
Reserved for sale,Vyhradené na predaj,
Reserved for sub contracting,Vyhradené pre subdodávateľov,
Resistant,Odolné,
Resolve error and upload again.,Vyriešte chybu a nahrajte ju znova.,
Rest Of The World,Zvyšok sveta,
Restart Subscription,Reštartovanie predplatného,
Restaurant,Reštaurácia,
Result Date,Dátum výsledku,
Result already Submitted,Už predložený výsledok,
Resume,Životopis,
Retail,Maloobchodný predaj,
Retail & Wholesale,Maloobchod a veľkoobchod,
Retail Operations,Maloobchodné operácie,
Retained Earnings,Nerozdelený zisk,
Retention Stock Entry,Zadanie zadržaných zásob,
Retention Stock Entry already created or Sample Quantity not provided,Už vytvorený záznam o zadržaných zásobách alebo nezadané množstvo vzorky,
Return,Návrat,
Return / Credit Note,Vrátenie / dobropis,
Return / Debit Note,Vrátenie / oznámenie o dlhu,
Returns,Vracia,
Reverse Journal Entry,Obrátený záznam v denníku,
Review Invitation Sent,Zaslanie pozvánky na preskúmanie,
Review and Action,Preskúmanie a opatrenia,
Rooms Booked,Rezervované izby,
Root Company,Spoločnosť Root Company,
Root Type,Typ koreňa,
Root Type is mandatory,Typ koreňa je povinný,
Root cannot be edited.,Koreň nie je možné upravovať.,
Root cannot have a parent cost center,Koreň nemôže mať nadradené nákladové stredisko,
Round Off,Zaokrúhlenie,
Rounded Total,Zaokrúhlený súčet,
Route,Trasa,
Row # {0}:,Riadok č. {0}:,
Row # {0}: Batch No must be same as {1} {2},Riadok č. {0}: Číslo dávky musí byť rovnaké ako {1} {2},
Row # {0}: Cannot return more than {1} for Item {2},Riadok č. {0}: Nemožno vrátiť viac ako {1} pre položku {2},
Row # {0}: Rate cannot be greater than the rate used in {1} {2},Riadok č. {0}: Sadzba nemôže byť väčšia ako sadzba použitá v {1} {2},
Row # {0}: Serial No is mandatory,Riadok č. {0}: Sériové číslo je povinné,
Row # {0}: Serial No {1} does not match with {2} {3},Riadok č. {0}: Sériové číslo {1} sa nezhoduje s číslom {2} {3},
Row #{0} (Payment Table): Amount must be negative,Riadok #{0} (tabuľka platieb): Suma musí byť záporná,
Row #{0} (Payment Table): Amount must be positive,Riadok #{0} (tabuľka platieb): Suma musí byť kladná,
Row #{0}: Account {1} does not belong to company {2},Riadok #{0}: Účet {1} nepatrí spoločnosti {2},
Row #{0}: Allocated Amount cannot be greater than outstanding amount.,Riadok #{0}: Pridelená suma nemôže byť vyššia ako nesplatená suma.,
"Row #{0}: Asset {1} cannot be submitted, it is already {2}","Riadok #{0}: Aktívum {1} nie je možné odoslať, je už {2}",
Row #{0}: Cannot set Rate if amount is greater than billed amount for Item {1}.,"Riadok #{0}: Nie je možné nastaviť sadzbu, ak je suma vyššia ako fakturovaná suma pre položku {1}.",
Row #{0}: Clearance date {1} cannot be before Cheque Date {2},Riadok #{0}: Dátum zúčtovania {1} nemôže byť pred dátumom šeku {2},
Row #{0}: Duplicate entry in References {1} {2},Riadok #{0}: Duplicitný záznam v položke Referencie {1} {2},
Row #{0}: Expected Delivery Date cannot be before Purchase Order Date,Riadok #{0}: Predpokladaný dátum dodania nemôže byť skorší ako dátum objednávky,
Row #{0}: Item added,Riadok #{0}: Položka pridaná,
Row #{0}: Journal Entry {1} does not have account {2} or already matched against another voucher,Riadok #{0}: Položka denníka {1} nemá účet {2} alebo už bola priradená k inému poukazu,
Row #{0}: Not allowed to change Supplier as Purchase Order already exists,"Riadok #{0}: Nie je povolené meniť dodávateľa, pretože objednávka už existuje",
Row #{0}: Please set reorder quantity,"Riadok #{0}: Prosím, nastavte množstvo na doobjednanie",
Row #{0}: Please specify Serial No for Item {1},Riadok #{0}: Uveďte sériové číslo položky {1},
Row #{0}: Qty increased by 1,Riadok #{0}: Množstvo zvýšené o 1,
Row #{0}: Rate must be same as {1}: {2} ({3} / {4}),Riadok #{0}: Sadzba musí byť rovnaká ako {1}: {2} ({3} / {4}),
Row #{0}: Reference Document Type must be one of Expense Claim or Journal Entry,Riadok #{0}: Typ referenčného dokladu musí byť jeden z týchto typov: Žiadosť o úhradu výdavkov alebo Zápis do denníka,
"Row #{0}: Reference Document Type must be one of Purchase Order, Purchase Invoice or Journal Entry","Riadok #{0}: Typ referenčného dokladu musí byť jeden z nasledujúcich typov: objednávka, faktúra alebo zápis do denníka",
Row #{0}: Rejected Qty can not be entered in Purchase Return,Riadok #{0}: Vrátenie nákupu nie je možné zadať odmietnuté množstvo,
Row #{0}: Rejected Warehouse is mandatory against rejected Item {1},Riadok #{0}: Odmietnutý sklad je povinný voči odmietnutej položke {1},
Row #{0}: Reqd by Date cannot be before Transaction Date,Riadok #{0}: nemôže byť pred dátumom transakcie,
Row #{0}: Set Supplier for item {1},Riadok #{0}: Nastaviť dodávateľa pre položku {1},
Row #{0}: Status must be {1} for Invoice Discounting {2},Riadok #{0}: Stav musí byť {1} pre diskontovanie faktúr {2},
"Row #{0}: The batch {1} has only {2} qty. Please select another batch which has {3} qty available or split the row into multiple rows, to deliver/issue from multiple batches","Riadok #{0}: Dávka {1} má iba {2} množstvo. Prosím, vyberte inú šaržu, ktorá má k dispozícii {3} množstvo, alebo rozdeľte riadok do viacerých riadkov, aby ste mohli dodať/vydať tovar z viacerých šarží",
Row #{0}: Timings conflicts with row {1},Riadok #{0}: Časový konflikt s riadkom {1},
Row #{0}: {1} can not be negative for item {2},Riadok #{0}: {1} nemôže byť záporný pre položku {2},
Row No {0}: Amount cannot be greater than Pending Amount against Expense Claim {1}. Pending Amount is {2},Riadok č. {0}: Suma nemôže byť vyššia ako suma čakajúca na úhradu pohľadávky {1}. Čakajúca suma je {2}.,
Row {0} : Operation is required against the raw material item {1},Riadok {0}: Operácia sa vyžaduje voči položke suroviny {1},
Row {0}# Item {1} cannot be transferred more than {2} against Purchase Order {3},Riadok {0}# Položka {1} nemôže byť prevedená viac ako {2} oproti objednávke {3},
Row {0}: Activity Type is mandatory.,Riadok {0}: Typ činnosti je povinný.,
Row {0}: Advance against Customer must be credit,Riadok {0}: Záloha voči zákazníkovi musí byť kreditná,
Row {0}: Advance against Supplier must be debit,Riadok {0}: Záloha voči dodávateľovi musí byť debetná,
Row {0}: Allocated amount {1} must be less than or equals to Payment Entry amount {2},Riadok {0}: Pridelená suma {1} musí byť menšia alebo rovná sume platobnej položky {2}.,
Row {0}: Allocated amount {1} must be less than or equals to invoice outstanding amount {2},Riadok {0}: Pridelená suma {1} musí byť menšia alebo rovná neuhradenej sume faktúry {2}.,
Row {0}: An Reorder entry already exists for this warehouse {1},Riadok {0}: Pre tento sklad už existuje položka Reorder {1},
Row {0}: Bill of Materials not found for the Item {1},Riadok {0}: Pre položku {1} nebol nájdený výkaz materiálu,
Row {0}: Conversion Factor is mandatory,Riadok {0}: Konverzný faktor je povinný,
Row {0}: Cost center is required for an item {1},Riadok {0}: Nákladové stredisko sa vyžaduje pre položku {1},
Row {0}: Credit entry can not be linked with a {1},Riadok {0}: Kreditnú položku nie je možné prepojiť s {1},
Row {0}: Currency of the BOM #{1} should be equal to the selected currency {2},Riadok {0}: Mena BOM #{1} by sa mala rovnať vybranej mene {2},
Row {0}: Debit entry can not be linked with a {1},Riadok {0}: Zápis na ťarchu účtu nie je možné prepojiť s {1},
Row {0}: Depreciation Start Date is required,Riadok {0}: Vyžaduje sa dátum začiatku odpisovania,
Row {0}: Enter location for the asset item {1},Riadok {0}: Zadajte umiestnenie položky majetku {1},
Row {0}: Exchange Rate is mandatory,Riadok {0}: Výmenný kurz je povinný,
Row {0}: Expected Value After Useful Life must be less than Gross Purchase Amount,Riadok {0}: Očakávaná hodnota po dobe životnosti musí byť nižšia ako hrubá nákupná suma,
Row {0}: From Time and To Time is mandatory.,Riadok {0}: Od času a Do času je povinný.,
Row {0}: From Time and To Time of {1} is overlapping with {2},Riadok {0}: Čas od a do {1} sa prekrýva s {2}.,
Row {0}: From time must be less than to time,Riadok {0}: Čas od musí byť menší ako čas do,
Row {0}: Hours value must be greater than zero.,Riadok {0}: Hodnota hodín musí byť väčšia ako nula.,
Row {0}: Invalid reference {1},Riadok {0}: Neplatný odkaz {1},
Row {0}: Party / Account does not match with {1} / {2} in {3} {4},Riadok {0}: Strana / Účet sa nezhoduje s {1} / {2} v {3} {4},
Row {0}: Party Type and Party is required for Receivable / Payable account {1},Riadok {0}: Typ strany a strana sa vyžaduje pre účet pohľadávok/záväzkov {1},
Row {0}: Payment against Sales/Purchase Order should always be marked as advance,Riadok {0}: Platba na základe objednávky na predaj/nákup by mala byť vždy označená ako záloha,
Row {0}: Please check 'Is Advance' against Account {1} if this is an advance entry.,"Riadok {0}: Ak ide o zálohový záznam, zaškrtnite ""Je zálohový"" pri účte {1}.",
Row {0}: Please set at Tax Exemption Reason in Sales Taxes and Charges,"Riadok {0}: Prosím, nastavte na Dôvod oslobodenia od dane v časti Dane a poplatky z predaja",
Row {0}: Please set the Mode of Payment in Payment Schedule,Riadok {0}: Nastavte spôsob platby v splátkovom kalendári,
Row {0}: Please set the correct code on Mode of Payment {1},"Riadok {0}: Prosím, nastavte správny kód na spôsob platby {1}",
Row {0}: Quality Inspection rejected for item {1},Riadok {0}: Inšpekcia kvality zamietla položku {1},
Row {0}: UOM Conversion Factor is mandatory,Riadok {0}: UOM Konverzný faktor je povinný,
Row {0}: select the workstation against the operation {1},Riadok {0}: vyberte pracovisko proti operácii {1},
Row {0}: {1} Serial numbers required for Item {2}. You have provided {3}.,Riadok {0}: {1} Sériové čísla požadované pre položku {2}. Poskytli ste {3}.,
Row {0}: {1} must be greater than 0,Riadok {0}: {1} musí byť väčší ako 0,
Row {0}: {1} {2} does not match with {3},Riadok {0}: {1} {2} sa nezhoduje s {3},
Row {0}:Start Date must be before End Date,Riadok {0}:Dátum začiatku musí byť pred dátumom konca,
Rows with duplicate due dates in other rows were found: {0},Boli nájdené riadky s duplicitnými dátumami splatnosti v iných riadkoch: {0},
Rules for adding shipping costs.,Pravidlá pridávania nákladov na dopravu.,
Rules for applying pricing and discount.,Pravidlá uplatňovania cien a zliav.,
S.O. No.,S.O. č.,
SGST Amount,Suma SGST,
SO Qty,Množstvo SO,
Safety Stock,Bezpečnostné zásoby,
Salary,Plat,
Salary Slip submitted for period from {0} to {1},Platový výmer predložený za obdobie od {0} do {1},
Salary Structure must be submitted before submission of Tax Ememption Declaration,Štruktúra platu sa musí predložiť pred podaním vyhlásenia o oslobodení od dane,
Sales,Predaj,
Sales Account,Predajný účet,
Sales Expenses,Výdavky na predaj,
Sales Funnel,Predajný lievik,
Sales Invoice,Predajná faktúra,
Sales Invoice {0} has already been submitted,Predajná faktúra {0} už bola odoslaná,
Sales Invoice {0} must be cancelled before cancelling this Sales Order,Pred zrušením tejto predajnej objednávky musí byť zrušená predajná faktúra {0},
Sales Manager,Manažér predaja,
Sales Master Manager,Hlavný manažér predaja,
Sales Order,Predajná objednávka,
Sales Order Item,Položka objednávky predaja,
Sales Order required for Item {0},Pre položku {0} sa vyžaduje predajná objednávka,
Sales Order to Payment,Objednávka predaja na platbu,
Sales Order {0} is not submitted,Predajná objednávka {0} nie je odoslaná,
Sales Order {0} is not valid,Predajná objednávka {0} nie je platná,
Sales Order {0} is {1},Objednávka predaja {0} je {1},
Sales Orders,Objednávky predaja,
Sales Partner,Obchodný partner,
Sales Pipeline,Predajné potrubie,
Sales Price List,Predajný cenník,
Sales Return,Návratnosť predaja,
Sales Summary,Prehľad predaja,
Sales Tax Template,Šablóna dane z predaja,
Sales Team,Predajný tím,
Sales User,Používateľ predaja,
Sales and Returns,Predaj a vrátenie tovaru,
Sales campaigns.,Predajné kampane.,
Sales orders are not available for production,Predajné objednávky nie sú k dispozícii pre výrobu,
Salutation,Titul,
Same Company is entered more than once,Tá istá spoločnosť je zadaná viac ako raz,
Same item cannot be entered multiple times.,Tú istú položku nemožno zadať viackrát.,
Same supplier has been entered multiple times,Ten istý dodávateľ bol zadaný viackrát,
Sample Collection,Zber vzoriek,
Sample quantity {0} cannot be more than received quantity {1},Množstvo vzorky {0} nemôže byť väčšie ako prijaté množstvo {1},
Sanctioned,Sankcionované,
Sand,Piesok,
Saturday,Sobota,
Saving {0},Uloženie {0},
Scan Barcode,Skenovanie čiarového kódu,
Schedule,Plán,
Schedule Admission,Plán prijatia,
Schedule Course,Plán kurzu,
Schedule Date,Dátum harmonogramu,
Schedule Discharge,Plán vypúšťania,
Scheduled,Plánované,
Scheduled Upto,Plánované do,
"Schedules for {0} overlaps, do you want to proceed after skiping overlaped slots ?","Plány pre {0} sa prekrývajú, chcete pokračovať po vynechaní prekrývajúcich sa slotov ?",
Score cannot be greater than Maximum Score,Skóre nemôže byť vyššie ako maximálne skóre,
Scorecards,Hodnotiace karty,
Scrapped,Vyradené,
Search,Vyhľadávanie,
Search Results,Výsledky vyhľadávania,
Search Sub Assemblies,Vyhľadávanie čiastkových zostáv,
"Search by item code, serial number, batch no or barcode","Vyhľadávanie podľa kódu položky, sériového čísla, čísla šarže alebo čiarového kódu",
"Seasonality for setting budgets, targets etc.","Sezónnosť pri stanovovaní rozpočtov, cieľov atď.",
Secret Key,Tajný kľúč,
Secretary,Tajomník,
Section Code,Kód sekcie,
Secured Loans,Zabezpečené úvery,
Securities & Commodity Exchanges,Burzy cenných papierov a komodít,
Securities and Deposits,Cenné papiere a vklady,
See All Articles,Zobraziť všetky články,
See all open tickets,Zobraziť všetky otvorené vstupenky,
See past orders,Pozrite si predchádzajúce objednávky,
See past quotations,Pozrite si predchádzajúce citácie,
Select,Vyberte,
Select Alternate Item,Vyberte alternatívnu položku,
Select Attribute Values,Výber hodnôt atribútov,
Select BOM,Vyberte BOM,
Select BOM and Qty for Production,Výber kusovníka a množstva pre výrobu,
"Select BOM, Qty and For Warehouse","Vyberte BOM, množstvo a pre sklad",
Select Batch,Vyberte dávku,
Select Batch Numbers,Vyberte čísla šarží,
Select Brand...,Vyberte značku...,
Select Company,Vybrať spoločnosť,
Select Company...,Vyberte spoločnosť...,
Select Customer,Vybrať zákazníka,
Select Days,Vybrané dni,
Select Default Supplier,Vyberte predvoleného dodávateľa,
Select DocType,Vyberte DocType,
Select Fiscal Year...,Vyberte fiškálny rok...,
Select Item (optional),Vyberte položku (voliteľné),
Select Items based on Delivery Date,Výber položiek na základe dátumu dodania,
Select Items to Manufacture,Vyberte položky na výrobu,
Select Loyalty Program,Vyberte vernostný program,
Select Patient,Vyberte pacienta,
Select Possible Supplier,Vyberte možného dodávateľa,
Select Quantity,Vyberte množstvo,
Select Serial Numbers,Vyberte sériové čísla,
Select Target Warehouse,Vyberte cieľový sklad,
Select Warehouse...,Vyberte sklad...,
Select an account to print in account currency,"Vyberte účet, ktorý chcete vytlačiť v mene účtu",
Select at least one value from each of the attributes.,Vyberte aspoň jednu hodnotu z každého atribútu.,
Select change amount account,Vyberte účet zmeny sumy,
Select company first,Vyberte si najprv spoločnosť,
Select students manually for the Activity based Group,Manuálny výber študentov pre skupinu založenú na aktivitách,
Select the customer or supplier.,Vyberte zákazníka alebo dodávateľa.,
Select the nature of your business.,Zvoľte charakter svojho podnikania.,
Select the program first,Najprv vyberte program,
Select to add Serial Number.,"Vyberte, ak chcete pridať sériové číslo.",
Select your Domains,Vyberte svoje domény,
Selected Price List should have buying and selling fields checked.,Vybraný cenník by mal mať zaškrtnuté polia nákup a predaj.,
Sell,Predaj,
Selling,Predaj,
Selling Amount,Predajná suma,
Selling Price List,Predajný cenník,
Selling Rate,Predajná sadzba,
"Selling must be checked, if Applicable For is selected as {0}","Predaj musí byť začiarknutý, ak je možnosť Použiteľné pre zvolená ako {0}",
Send Grant Review Email,Odoslať e-mail s preskúmaním grantu,
Send Now,Odoslať teraz,
Send SMS,Odoslanie SMS,
Send mass SMS to your contacts,Odosielanie hromadných SMS svojim kontaktom,
Sensitivity,Citlivosť,
Sent,Odoslané,
Serial No and Batch,Sériové číslo a šarža,
Serial No is mandatory for Item {0},Sériové číslo je povinné pre položku {0},
Serial No {0} does not belong to Batch {1},Sériové číslo {0} nepatrí do dávky {1},
Serial No {0} does not belong to Delivery Note {1},Sériové číslo {0} nepatrí k dodaciemu listu {1},
Serial No {0} does not belong to Item {1},Sériové číslo {0} nepatrí k položke {1},
Serial No {0} does not belong to Warehouse {1},Sériové číslo {0} nepatrí do skladu {1},
Serial No {0} does not belong to any Warehouse,Sériové číslo {0} nepatrí do žiadneho skladu,
Serial No {0} does not exist,Sériové číslo {0} neexistuje,
Serial No {0} has already been received,Sériové číslo {0} už bolo prijaté,
Serial No {0} is under maintenance contract upto {1},Sériové číslo {0} je predmetom zmluvy o údržbe do {1},
Serial No {0} is under warranty upto {1},Sériové číslo {0} je v záruke do {1},
Serial No {0} not found,Sériové číslo {0} sa nenašlo,
Serial No {0} not in stock,Sériové číslo {0} nie je na sklade,
Serial No {0} quantity {1} cannot be a fraction,Sériové číslo {0} množstvo {1} nemôže byť zlomok,
Serial Nos Required for Serialized Item {0},Sériové čísla požadované pre sériovú položku {0},
Serial Number: {0} is already referenced in Sales Invoice: {1},Sériové číslo: {0} je už uvedené v predajnej faktúre: {1},
Serial Numbers,Sériové čísla,
Serial Numbers in row {0} does not match with Delivery Note,Sériové čísla v riadku {0} sa nezhodujú s dodacím listom,
Serial no {0} has been already returned,Sériové číslo {0} už bolo vrátené,
Serial number {0} entered more than once,Sériové číslo {0} zadané viac ako raz,
Serialized Inventory,Sériový inventár,
Series Updated,Aktualizovaná séria,
Series Updated Successfully,Séria úspešne aktualizovaná,
Series is mandatory,Séria je povinná,
Service,Služba,
Service Level Agreement,Dohoda o úrovni služieb,
Service Level Agreement.,Dohoda o úrovni služieb.,
Service Level.,Úroveň služieb.,
Service Stop Date cannot be after Service End Date,Dátum ukončenia služby nemôže byť po dátume ukončenia služby,
Service Stop Date cannot be before Service Start Date,Dátum ukončenia služby nemôže byť pred dátumom začatia služby,
Services,Služby,
"Set Default Values like Company, Currency, Current Fiscal Year, etc.","Nastavenie predvolených hodnôt, ako je spoločnosť, mena, aktuálny fiškálny rok atď.",
Set Details,Podrobnosti o súprave,
Set New Release Date,Nastavenie nového dátumu vydania,
Set Project and all Tasks to status {0}?,Nastaviť projekt a všetky úlohy na stav {0}?,
Set Status,Nastavenie stavu,
Set Tax Rule for shopping cart,Nastavenie daňového pravidla pre nákupný košík,
Set as Closed,Nastaviť ako Zatvorené,
Set as Completed,Nastaviť ako Dokončené,
Set as Lost,Nastavené ako Stratené,
Set as Open,Nastaviť ako Otvorené,
Set default inventory account for perpetual inventory,Nastavenie predvoleného inventárneho účtu pre trvalú inventúru,
Set this if the customer is a Public Administration company.,"Nastavte, ak je zákazníkom spoločnosť verejnej správy.",
Set {0} in asset category {1} or company {2},Nastavenie {0} v kategórii aktív {1} alebo spoločnosti {2},
"Setting Events to {0}, since the Employee attached to the below Sales Persons does not have a User ID{1}","Nastavenie udalosti na {0}, pretože zamestnanec pripojený k nižšie uvedeným predajcom nemá ID{1} používateľa",
Setting defaults,Nastavenie predvolených hodnôt,
Setting up Email,Nastavenie e-mailu,
Setting up Email Account,Nastavenie e-mailového konta,
Setting up Employees,Nastavenie zamestnancov,
Setting up Taxes,Nastavenie daní,
Setting up company,Založenie spoločnosti,
Settings,Nastavenia,
"Settings for online shopping cart such as shipping rules, price list etc.","Nastavenia pre online nákupný košík, ako sú pravidlá prepravy, cenník atď.",
Settings for website homepage,Nastavenia pre domovskú stránku webovej stránky,
Settings for website product listing,Nastavenia pre výpis produktov na webovej lokalite,
Settled,Usadené,
Setup Gateway accounts.,Nastavenie účtov brány.,
Setup SMS gateway settings,Nastavenie nastavení brány SMS,
Setup cheque dimensions for printing,Nastavenie rozmerov šekov na tlač,
Setup default values for POS Invoices,Nastavenie predvolených hodnôt pre faktúry POS,
Setup mode of POS (Online / Offline),Režim nastavenia POS (online / offline),
Setup your Institute in ERPNext,Nastavenie inštitútu v ERPNext,
Share Balance,Zostatok akcií,
Share Ledger,Zdieľať účtovnú knihu,
Share Management,Správa akcií,
Share Transfer,Prevod akcií,
Share Type,Typ zdieľania,
Shareholder,Akcionár,
Ship To State,Odoslať do štátu,
Shipments,Zásielky,
Shipping Address,Adresa prepravy,
"Shipping Address does not have country, which is required for this Shipping Rule","Dodacia adresa neobsahuje krajinu, ktorá sa vyžaduje pre toto pravidlo prepravy",
Shipping rule only applicable for Buying,Pravidlo prepravy sa vzťahuje len na nákup,
Shipping rule only applicable for Selling,Pravidlo prepravy sa vzťahuje len na predaj,
Shopify Supplier,Dodávateľ služby Shopify,
Shopping Cart,Nákupný košík,
Shopping Cart Settings,Nastavenia nákupného košíka,
Short Name,Krátky názov,
Shortage Qty,Nedostatok Množstvo,
Show Completed,Ukázať dokončené,
Show Cumulative Amount,Zobraziť kumulatívnu sumu,
Show Open,Zobraziť Otvorené,
Show Opening Entries,Zobraziť úvodné položky,
Show Payment Details,Zobraziť podrobnosti o platbe,
Show Return Entries,Zobraziť návratové položky,
Show Variant Attributes,Zobraziť atribúty variantu,
Show Variants,Zobraziť varianty,
Show closed,Zobraziť uzavreté,
Show exploded view,Zobraziť rozobratý pohľad,
Show only POS,Zobraziť len POS,
Show unclosed fiscal year's P&L balances,Zobrazenie neuzavretých zostatkov P&L za fiškálny rok,
Show zero values,Zobrazenie nulových hodnôt,
Silt,Silt,
Single Variant,Jeden variant,
Single unit of an Item.,Jedna jednotka položky.,
"Skipping Leave Allocation for the following employees, as Leave Allocation records already exists against them. {0}","Vynechanie pridelenia dovolenky pre nasledujúcich zamestnancov, pretože záznamy o pridelení dovolenky už pre nich existujú. {0}",
Slideshow,Prezentácia,
Slots for {0} are not added to the schedule,Sloty pre {0} sa do rozvrhu nepridávajú,
Small,Malé,
Soap & Detergent,Mydlo a čistiace prostriedky,
Software,Softvér,
Software Developer,Vývojár softvéru,
Softwares,Softvéry,
Soil compositions do not add up to 100,Zloženie pôdy nedosahuje 100,
Sold,Predáva sa na,
Some emails are invalid,Niektoré e-maily sú neplatné,
Some information is missing,Chýbajú niektoré informácie,
Something went wrong!,Niečo sa pokazilo!,
"Sorry, Serial Nos cannot be merged","Je nám ľúto, sériové čísla nie je možné zlúčiť",
Source,Zdroj,
Source Name,Názov zdroja,
Source Warehouse,Zdroj Sklad,
Source and Target Location cannot be same,Zdrojové a cieľové umiestnenie nemôžu byť rovnaké,
Source and target warehouse cannot be same for row {0},Zdrojový a cieľový sklad nemôžu byť rovnaké pre riadok {0},
Source and target warehouse must be different,Zdrojový a cieľový sklad sa musia líšiť,
Source of Funds (Liabilities),Zdroj finančných prostriedkov (záväzky),
Source warehouse is mandatory for row {0},Zdrojový sklad je povinný pre riadok {0},
Specified BOM {0} does not exist for Item {1},Zadaná BOM {0} neexistuje pre položku {1},
Split,Split,
Split Batch,Rozdelenie dávky,
Split Issue,Rozdelenie problému,
Sports,Šport,
Standard Buying,Štandardný nákup,
Standard Selling,Štandardný predaj,
Standard contract terms for Sales or Purchase.,Štandardné zmluvné podmienky pre predaj alebo nákup.,
Start Date,Dátum začiatku,
Start Date of Agreement can't be greater than or equal to End Date.,Dátum začiatku dohody nemôže byť väčší alebo rovný dátumu ukončenia.,
Start Year,Začiatok roka,
Start date should be less than end date for Item {0},Dátum začiatku by mal byť nižší ako dátum konca pre položku {0},
Start date should be less than end date for task {0},Dátum začiatku by mal byť menší ako dátum konca úlohy {0},
Start day is greater than end day in task '{0}',Počiatočný deň je väčší ako koncový deň v úlohe '{0}',
Start on,Začnite na,
State,Štát,
State/UT Tax,Daň štátu/UT,
Statement of Account,Výpis z účtu,
Status must be one of {0},Stav musí byť jeden z {0},
Stock,Zásoby,
Stock Adjustment,Úprava zásob,
Stock Analytics,Analýza zásob,
Stock Assets,Zásoby aktív,
Stock Available,Dostupné na sklade,
Stock Balance,Bilancia zásob,
Stock Entries already created for Work Order,Už vytvorené položky zásob pre pracovný príkaz,
Stock Entry,Zadanie zásob,
Stock Entry {0} created,Vytvorená položka zásob {0},
Stock Entry {0} is not submitted,Zásoba Položka {0} nie je odoslaná,
Stock Expenses,Výdavky na zásoby,
Stock In Hand,Zásoby v ruke,
Stock Items,Skladové položky,
Stock Ledger,Skladová kniha,
Stock Ledger Entries and GL Entries are reposted for the selected Purchase Receipts,Záznamy v skladovej knihe a záznamy v GL sa preúčtujú pre vybrané príjemky nákupu,
Stock Levels,Úrovne zásob,
Stock Liabilities,Záväzky zo zásob,
Stock Qty,Množstvo na sklade,
Stock Received But Not Billed,"Prijaté, ale nevyfakturované zásoby",
Stock Reports,Správy o stave zásob,
Stock Summary,Prehľad zásob,
Stock Transactions,Transakcie so zásobami,
Stock UOM,Zásoba UOM,
Stock Value,Hodnota zásob,
Stock balance in Batch {0} will become negative {1} for Item {2} at Warehouse {3},Zostatok zásob v dávke {0} bude záporný {1} pre položku {2} v sklade {3}.,
Stock cannot be updated against Delivery Note {0},Zásoby nie je možné aktualizovať na základe dodacieho listu {0},
Stock cannot be updated against Purchase Receipt {0},Zásoby nie je možné aktualizovať na základe nákupného dokladu {0},
Stock cannot exist for Item {0} since has variants,"Pre položku {0} nemôže existovať zásoba, pretože má varianty",
Stock transactions before {0} are frozen,Skladové transakcie pred {0} sú zmrazené,
Stop,Zastavte,
Stopped,Zastavené,
"Stopped Work Order cannot be cancelled, Unstop it first to cancel","Zastavený pracovný príkaz nemožno zrušiť, ak ho chcete zrušiť, najprv ho zrušte",
Stores,Obchody,
Student,Študent,
Student Activity,Aktivita študentov,
Student Address,Adresa študenta,
Student Admissions,Prijímanie študentov,
Student Attendance,Dochádzka študentov,
"Student Batches help you track attendance, assessments and fees for students","Dávky pre študentov vám pomôžu sledovať dochádzku, hodnotenia a poplatky pre študentov",
Student Email Address,E-mailová adresa študenta,
Student Email ID,ID e-mailu študenta,
Student Group,Skupina študentov,
Student Group Strength,Sila skupiny študentov,
Student Group is already updated.,Skupina študentov je už aktualizovaná.,
Student Group:,Skupina študentov:,
Student ID,ID študenta,
Student ID:,ID študenta:,
Student LMS Activity,Aktivita študentov v systéme LMS,
Student Mobile No.,Číslo mobilného telefónu študenta,
Student Name,Meno študenta,
Student Name:,Meno študenta:,
Student Report Card,Vysvedčenie pre študentov,
Student is already enrolled.,Študent je už zapísaný.,
Student {0} - {1} appears Multiple times in row {2} & {3},Študent {0} - {1} sa objaví viackrát v riadku {2} a {3},
Student {0} does not belong to group {1},Študent {0} nepatrí do skupiny {1},
Student {0} exist against student applicant {1},Študent {0} existuje voči žiadateľovi o štúdium {1},
"Students are at the heart of the system, add all your students","Študenti sú základom systému, pridajte všetkých svojich študentov",
Sub Assemblies,Dielčie zostavy,
Sub Type,Podtyp,
Sub-contracting,Subdodávateľské služby,
Subcontract,Subdodávateľská zmluva,
Subject,Predmet,
Submit,Potvrdiť,
Submit this Work Order for further processing.,Odoslať túto pracovnú objednávku na ďalšie spracovanie.,
Subscription,Predplatné,
Subscription Management,Správa predplatného,
Subscriptions,Predplatné,
Subtotal,Medzisúčet,
Successful,Úspešné,
Successfully Reconciled,Úspešne zosúladené,
Successfully Set Supplier,Úspešne nastaviť dodávateľa,
Successfully created payment entries,Úspešne vytvorené platobné položky,
Successfully deleted all transactions related to this company!,Úspešne odstránené všetky transakcie týkajúce sa tejto spoločnosti!,
Sum of Scores of Assessment Criteria needs to be {0}.,Súčet bodov hodnotiacich kritérií musí byť {0}.,
Sum of points for all goals should be 100. It is {0},Súčet bodov za všetky ciele by mal byť 100. Je to {0},
Summary,Zhrnutie,
Summary for this month and pending activities,Zhrnutie za tento mesiac a prebiehajúce činnosti,
Summary for this week and pending activities,Zhrnutie pre tento týždeň a čakajúce činnosti,
Sunday,Nedeľa,
Suplier,Dodávateľ,
Supplier,Dodávateľ,
Supplier Group,Skupina dodávateľov,
Supplier Group master.,Hlavný dodávateľ skupiny.,
Supplier Id,Id dodávateľa,
Supplier Invoice Date cannot be greater than Posting Date,Dátum faktúry dodávateľa nemôže byť vyšší ako dátum zaúčtovania,
Supplier Invoice No,Faktúra dodávateľa č.,
Supplier Invoice No exists in Purchase Invoice {0},Dodávateľská faktúra č. existuje v nákupnej faktúre {0},
Supplier Name,Názov dodávateľa,
Supplier Part No,Dodávateľ Č. dielu,
Supplier Quotation,Cenová ponuka dodávateľa,
Supplier Scorecard,Hodnotiaca karta dodávateľa,
Supplier Warehouse mandatory for sub-contracted Purchase Receipt,Dodávateľský sklad povinný pre subdodávateľský nákupný doklad,
Supplier database.,Databáza dodávateľov.,
Supplier {0} not found in {1},Dodávateľ {0} sa nenachádza v {1},
Supplier(s),Dodávateľ(i),
Supplies made to UIN holders,Dodávky pre držiteľov UIN,
Supplies made to Unregistered Persons,Dodávky neregistrovaným osobám,
Suppliies made to Composition Taxable Persons,Dodatky poskytnuté osobám podliehajúcim zloženiu dane,
Supply Type,Typ dodávky,
Support,Podpora,
Support Analytics,Analýza podpory,
Support Settings,Nastavenia podpory,
Support Tickets,Podporné lístky,
Support queries from customers.,Podpora otázok od zákazníkov.,
Susceptible,Náchylné,
Sync has been temporarily disabled because maximum retries have been exceeded,"Synchronizácia bola dočasne vypnutá, pretože bolo prekročené maximálne opakovanie",
Syntax error in condition: {0},Syntaktická chyba v podmienke: {0},
Syntax error in formula or condition: {0},Syntaktická chyba vo vzorci alebo podmienke: {0},
System Manager,Správca systému,
TDS Rate %,Miera TDS %,
Tap items to add them here,Ťuknutím na položky ich sem pridáte,
Target,Cieľ,
Target ({}),Cieľ ({}),
Target On,Cieľ na,
Target Warehouse,Cieľový sklad,
Target warehouse is mandatory for row {0},Cieľový sklad je povinný pre riadok {0},
Task,Úloha,
Tasks,Úlohy,
Tasks have been created for managing the {0} disease (on row {1}),Boli vytvorené úlohy na správu choroby {0} (na riadku {1}),
Tax,Daň,
Tax Assets,Daňové aktíva,
Tax Category,Daňová kategória,
Tax Category for overriding tax rates.,Daňová kategória pre nadradené daňové sadzby.,
"Tax Category has been changed to ""Total"" because all the Items are non-stock items","Daňová kategória bola zmenená na ""Celkom"", pretože všetky položky sú neskladové položky",
Tax ID,Daňové identifikačné číslo,
Tax Id:,Daňové identifikačné číslo:,
Tax Rate,Sadzba dane,
Tax Rule Conflicts with {0},Daňové pravidlo je v rozpore s {0},
Tax Rule for transactions.,Daňové pravidlo pre transakcie.,
Tax Template is mandatory.,Daňová šablóna je povinná.,
Tax Withholding rates to be applied on transactions.,"Sadzby dane vyberanej zrážkou, ktoré sa majú uplatňovať na transakcie.",
Tax template for buying transactions.,Daňová šablóna pre nákupné transakcie.,
Tax template for item tax rates.,Daňová šablóna pre sadzby dane z položiek.,
Tax template for selling transactions.,Daňová šablóna pre predajné transakcie.,
Taxable Amount,Zdaniteľná suma,
Taxes,Dane,
Technology,Technológia,
Telecommunications,Telekomunikácie,
Telephone Expenses,Výdavky na telefón,
Television,Televízia,
Template Name,Názov šablóny,
Template of terms or contract.,Vzor podmienok alebo zmluvy.,
Templates of supplier scorecard criteria.,Šablóny kritérií hodnotiacej karty dodávateľa.,
Templates of supplier scorecard variables.,Šablóny premenných karty hodnotenia dodávateľov.,
Templates of supplier standings.,Šablóny poradia dodávateľov.,
Temporarily on Hold,Dočasne pozastavené,
Temporary,Dočasné,
Temporary Accounts,Dočasné účty,
Temporary Opening,Dočasné otvorenie,
Terms and Conditions,Podmienky a pravidlá,
Terms and Conditions Template,Šablóna zmluvných podmienok,
Territory,Územie,
Thank you for your business!,Ďakujeme vám za váš obchod!,
The 'From Package No.' field must neither be empty nor it's value less than 1.,"Pole ""From Package No."" nesmie byť prázdne a jeho hodnota nesmie byť menšia ako 1.",
The Brand,Značka,
The Item {0} cannot have Batch,Položka {0} nemôže mať dávku,
The Loyalty Program isn't valid for the selected company,Vernostný program nie je platný pre vybranú spoločnosť,
The Payment Term at row {0} is possibly a duplicate.,Termín platby v riadku {0} je pravdepodobne duplicitný.,
The Term End Date cannot be earlier than the Term Start Date. Please correct the dates and try again.,Dátum ukončenia obdobia nemôže byť skorší ako dátum začiatku obdobia. Opravte dátumy a skúste to znova.,
The Term End Date cannot be later than the Year End Date of the Academic Year to which the term is linked (Academic Year {}). Please correct the dates and try again.,"Dátum ukončenia semestra nemôže byť neskorší ako dátum ukončenia akademického roka, s ktorým je semester spojený (akademický rok {}). Opravte dátumy a skúste to znova.",
The Term Start Date cannot be earlier than the Year Start Date of the Academic Year to which the term is linked (Academic Year {}). Please correct the dates and try again.,"Dátum začiatku semestra nemôže byť skorší ako dátum začiatku akademického roka, s ktorým je semester spojený (akademický rok {}). Opravte dátumy a skúste to znova.",
The Year End Date cannot be earlier than the Year Start Date. Please correct the dates and try again.,Dátum konca roka nemôže byť skorší ako dátum začiatku roka. Opravte dátumy a skúste to znova.,
The amount of {0} set in this payment request is different from the calculated amount of all payment plans: {1}. Make sure this is correct before submitting the document.,"Suma {0} nastavená v tejto žiadosti o platbu sa líši od vypočítanej sumy všetkých platobných plánov: {1}. Pred odoslaním dokladu sa uistite, že je správna.",
The field From Shareholder cannot be blank,Pole Od akcionára nemôže byť prázdne,
The field To Shareholder cannot be blank,Pole Akcionárovi nemôže byť prázdne,
The fields From Shareholder and To Shareholder cannot be blank,Polia Od akcionára a Pre akcionára nemôžu byť prázdne,
The folio numbers are not matching,Čísla listov sa nezhodujú,
The holiday on {0} is not between From Date and To Date,Dovolenka na {0} nie je medzi dátumom od a dátumom do,
The name of the institute for which you are setting up this system.,"Názov inštitútu, pre ktorý tento systém nastavujete.",
The name of your company for which you are setting up this system.,"Názov vašej spoločnosti, pre ktorú tento systém nastavujete.",
The number of shares and the share numbers are inconsistent,Počet akcií a čísla akcií nie sú v súlade,
The payment gateway account in plan {0} is different from the payment gateway account in this payment request,Účet platobnej brány v pláne {0} je iný ako účet platobnej brány v tejto žiadosti o platbu,
The selected BOMs are not for the same item,Vybrané kusovníky sa netýkajú tej istej položky,
The selected item cannot have Batch,Vybraná položka nemôže mať Dávka,
The seller and the buyer cannot be the same,Predávajúci a kupujúci nemôžu byť tí istí,
The shareholder does not belong to this company,Akcionár nepatrí do tejto spoločnosti,
The shares already exist,Akcie už existujú,
The shares don't exist with the {0},Akcie neexistujú so znakom {0},
"The task has been enqueued as a background job. In case there is any issue on processing in background, the system will add a comment about the error on this Stock Reconciliation and revert to the Draft stage","Úloha bola zaradená ako úloha na pozadí. V prípade, že sa vyskytne nejaký problém pri spracovaní na pozadí, systém pridá komentár o chybe pri tomto odsúhlasovaní zásob a vráti sa do fázy návrhu",
"Then Pricing Rules are filtered out based on Customer, Customer Group, Territory, Supplier, Supplier Type, Campaign, Sales Partner etc.","Potom sú cenové pravidlá filtrované na základe zákazníka, skupiny zákazníkov, územia, dodávateľa, typu dodávateľa, kampane, obchodného partnera atď.",
"There are inconsistencies between the rate, no of shares and the amount calculated","Existujú nezrovnalosti medzi sadzbou, počtom akcií a vypočítanou sumou",
There can be multiple tiered collection factor based on the total spent. But the conversion factor for redemption will always be same for all the tier.,Môže existovať viacero stupňov zberu na základe celkovej vynaloženej sumy. Konverzný faktor pre odkup bude však vždy rovnaký pre všetky úrovne.,
There can only be 1 Account per Company in {0} {1},Na jednu spoločnosť môže existovať len 1 účet v {0} {1},
"There can only be one Shipping Rule Condition with 0 or blank value for ""To Value""","Môže existovať len jedna podmienka pravidla prepravy s hodnotou 0 alebo prázdnou hodnotou pre ""To Value"".",
There is not enough leave balance for Leave Type {0},Nie je dostatočný zostatok dovolenky pre typ dovolenky {0},
There is nothing to edit.,Nie je čo upravovať.,
There isn't any item variant for the selected item,Pre vybranú položku neexistuje žiadny variant položky,
"There seems to be an issue with the server's GoCardless configuration. Don't worry, in case of failure, the amount will get refunded to your account.","Zdá sa, že je problém s konfiguráciou GoCardless na serveri. Nemajte obavy, v prípade neúspechu bude suma vrátená na váš účet.",
There were errors creating Course Schedule,Pri vytváraní rozvrhu kurzov sa vyskytli chyby,
There were errors.,Vyskytli sa chyby.,
This Item is a Template and cannot be used in transactions. Item attributes will be copied over into the variants unless 'No Copy' is set,"Táto položka je šablóna a nemožno ju použiť v transakciách. Atribúty položky sa skopírujú do variantov, pokiaľ nie je nastavená možnosť ""Bez kopírovania"".",
This Item is a Variant of {0} (Template).,Táto položka je variantom položky {0} (Šablóna).,
This Month's Summary,Zhrnutie za tento mesiac,
This Week's Summary,Zhrnutie tohto týždňa,
This action will stop future billing. Are you sure you want to cancel this subscription?,Táto akcia zastaví budúce vyúčtovanie. Určite chcete zrušiť toto predplatné?,
This covers all scorecards tied to this Setup,Toto sa vzťahuje na všetky výsledkové karty viazané na toto nastavenie,
This document is over limit by {0} {1} for item {4}. Are you making another {3} against the same {2}?,Tento doklad je nad limitom o {0} {1} pre položku {4}. Vytvárate ďalšie {3} oproti tomu istému {2}?,
This is a root account and cannot be edited.,"Ide o koreňové konto, ktoré nie je možné upravovať.",
This is a root customer group and cannot be edited.,"Ide o koreňovú skupinu zákazníkov, ktorú nemožno upravovať.",
This is a root department and cannot be edited.,Toto je koreňové oddelenie a nie je možné ho upravovať.,
This is a root healthcare service unit and cannot be edited.,"Ide o koreňovú jednotku zdravotnej starostlivosti, ktorú nemožno upravovať.",
This is a root item group and cannot be edited.,"Ide o koreňovú skupinu položiek, ktorú nemožno upravovať.",
This is a root sales person and cannot be edited.,Toto je koreňový predajca a nie je možné ho upravovať.,
This is a root supplier group and cannot be edited.,Toto je koreňová skupina dodávateľov a nie je možné ju upravovať.,
This is a root territory and cannot be edited.,Toto je koreňové územie a nie je možné ho upravovať.,
This is an example website auto-generated from ERPNext,Toto je príklad webovej stránky automaticky vygenerovanej z ERPNext,
This is based on logs against this Vehicle. See timeline below for details,Toto je založené na záznamoch proti tomuto vozidlu. Podrobnosti nájdete na časovej osi nižšie,
This is based on stock movement. See {0} for details,Vychádza to z pohybu zásob. Podrobnosti nájdete v časti {0},
This is based on the Time Sheets created against this project,Vychádza to z časových výkazov vytvorených k tomuto projektu,
This is based on the attendance of this Student,Je to založené na účasti tohto študenta,
This is based on transactions against this Customer. See timeline below for details,Vychádza to z transakcií voči tomuto zákazníkovi. Podrobnosti nájdete na časovej osi nižšie,
This is based on transactions against this Healthcare Practitioner.,Vychádza to z transakcií voči tomuto lekárovi.,
This is based on transactions against this Patient. See timeline below for details,Vychádza to z transakcií s týmto pacientom. Podrobnosti nájdete na časovej osi nižšie,
This is based on transactions against this Sales Person. See timeline below for details,Vychádza z transakcií voči tomuto predajcovi. Podrobnosti nájdete na časovej osi nižšie,
This is based on transactions against this Supplier. See timeline below for details,Vychádza to z transakcií voči tomuto dodávateľovi. Podrobnosti nájdete na časovej osi nižšie,
This {0} conflicts with {1} for {2} {3},Tento {0} je v rozpore s {1} pre {2} {3},
Time Sheet for manufacturing.,Časový výkaz pre výrobu.,
Time Tracking,Sledovanie času,
"Time slot skiped, the slot {0} to {1} overlap exisiting slot {2} to {3}","Časový interval preskočený, interval {0} až {1} prekrýva existujúci interval {2} až {3}",
Time slots added,Pridanie časových intervalov,
Time(in mins),Čas (v minútach),
Timer,Časovač,
Timer exceeded the given hours.,Časovač prekročil stanovený počet hodín.,
Timesheet,Časový výkaz,
Timesheet for tasks.,Časový rozpis úloh.,
Timesheet {0} is already completed or cancelled,Časový výkaz {0} je už vyplnený alebo zrušený,
Timesheets,Časové hárky,
"Timesheets help keep track of time, cost and billing for activites done by your team","Časové hárky pomáhajú sledovať čas, náklady a fakturáciu činností vykonávaných vaším tímom",
Titles for print templates e.g. Proforma Invoice.,"Názvy pre tlačové šablóny, napr. Proforma faktúra.",
To,Na,
To Address 1,Na adresu 1,
To Address 2,Na adresu 2,
To Bill,Billovi,
To Date,K dnešnému dňu,
To Date cannot be before From Date,Dátum do nemôže byť pred dátumom od,
To Date cannot be less than From Date,Dátum do nemôže byť menší ako dátum od,
To Date must be greater than From Date,Dátum do musí byť väčší ako dátum od,
To Date should be within the Fiscal Year. Assuming To Date = {0},"Dátum by mal byť v rámci fiškálneho roka. Za predpokladu, že Dátum = {0}",
To Datetime,Na dátum,
To Deliver,Dodávať,
To Deliver and Bill,Dodanie a vyúčtovanie,
To Fiscal Year,Na fiškálny rok,
To GSTIN,Na GSTIN,
To Party Name,Názov strany,
To Pin Code,Na Pin kód,
To Place,Na miesto,
To Receive,Prijímanie,
To Receive and Bill,Prijatie a vyúčtovanie,
To State,Do štátu,
To Warehouse,Do skladu,
To create a Payment Request reference document is required,Na vytvorenie žiadosti o platbu je potrebný referenčný dokument,
"To filter based on Party, select Party Type first","Ak chcete filtrovať na základe strany, vyberte najprv typ strany",
"To get the best out of ERPNext, we recommend that you take some time and watch these help videos.","Ak chcete čo najlepšie využívať ERPNext, odporúčame vám, aby ste si našli čas a pozreli si tieto videá s nápovedou.",
"To include tax in row {0} in Item rate, taxes in rows {1} must also be included","Ak chcete zahrnúť daň v riadku {0} do sadzby položky, musia byť zahrnuté aj dane v riadkoch {1}",
To make Customer based incentive schemes.,Vytvárať motivačné systémy založené na zákazníkoch.,
"To merge, following properties must be same for both items",Na zlúčenie musia byť nasledujúce vlastnosti pre obe položky rovnaké,
"To not apply Pricing Rule in a particular transaction, all applicable Pricing Rules should be disabled.","Ak chcete v konkrétnej transakcii neuplatniť pravidlo oceňovania, všetky príslušné pravidlá oceňovania by mali byť vypnuté.",
"To set this Fiscal Year as Default, click on 'Set as Default'","Ak chcete nastaviť tento fiškálny rok ako predvolený, kliknite na ""Nastaviť ako predvolený"".",
To view logs of Loyalty Points assigned to a Customer.,Zobrazenie protokolov vernostných bodov pridelených zákazníkovi.,
To {0},Na {0},
To {0} | {1} {2},Na {0} | {1} {2},
Toggle Filters,Prepínanie filtrov,
Too many columns. Export the report and print it using a spreadsheet application.,Príliš veľa stĺpcov. Exportujte správu a vytlačte ju pomocou tabuľkového procesora.,
Tools,Nástroje,
Total (Credit),Spolu (Kredit),
Total (Without Tax),Spolu (bez dane),
Total Achieved,Dosiahnutý súčet,
Total Actual,Celkom Skutočné,
Total Amount,Celková suma,
Total Amount Credited,Celková pripísaná suma,
Total Applicable Charges in Purchase Receipt Items table must be same as Total Taxes and Charges,Celkové uplatniteľné poplatky v tabuľke položiek dokladu o kúpe musia byť rovnaké ako celkové dane a poplatky,
Total Budget,Celkový rozpočet,
Total Collected: {0},Celkovo vyzbieraná suma: {0},
Total Commission,Celková provízia,
Total Contribution Amount: {0},Celková výška príspevku: {0},
Total Credit/ Debit Amount should be same as linked Journal Entry,Celková suma na ťarchu/od ťarchy účtu by mala byť rovnaká ako prepojený zápis v denníku,
Total Debit must be equal to Total Credit. The difference is {0},Celkový debet sa musí rovnať celkovému kreditu. Rozdiel je {0}.,
Total Invoiced Amount,Celková fakturovaná suma,
Total Order Considered,Celková zohľadnená objednávka,
Total Order Value,Celková hodnota objednávky,
Total Outgoing,Odchádzajúci celkom,
Total Outstanding,Celkové nevyrovnané záväzky,
Total Outstanding Amount,Celková nesplatená suma,
Total Outstanding: {0},Celkovo nevyrovnané: {0},
Total Paid Amount,Celková vyplatená suma,
Total Payment Amount in Payment Schedule must be equal to Grand / Rounded Total,Celková suma platby v splátkovom kalendári sa musí rovnať hlavnej/zaokrúhlenej sume,
Total Payments,Celkové platby,
Total Qty,Celkové množstvo,
Total Quantity,Celkové množstvo,
Total Revenue,Celkové príjmy,
Total Student,Celkom Študent,
Total Target,Celkový cieľ,
Total Tax,Celková daň,
Total Taxable Amount,Celková zdaniteľná suma,
Total Taxable Value,Celková zdaniteľná hodnota,
Total Unpaid: {0},Celkovo nezaplatené: {0},
Total Variance,Celková odchýlka,
Total Weightage of all Assessment Criteria must be 100%,Celková váha všetkých hodnotiacich kritérií musí byť 100 %.,
Total advance ({0}) against Order {1} cannot be greater than the Grand Total ({2}),Celková záloha ({0}) na zákazku {1} nemôže byť vyššia ako celková suma ({2}),
Total advance amount cannot be greater than total claimed amount,Celková výška zálohy nemôže byť vyššia ako celková požadovaná suma,
Total allocated leaves are more days than maximum allocation of {0} leave type for employee {1} in the period,Celkový počet pridelených dovoleniek je väčší ako maximálny počet dní pridelenej dovolenky typu {0} pre zamestnanca {1} v danom období,
Total allocated leaves are more than days in the period,Celkový počet pridelených dovoleniek je vyšší ako počet dní v období,
Total allocated percentage for sales team should be 100,Celkové pridelené percento pre predajný tím by malo byť 100,
Total cannot be zero,Celkový súčet nemôže byť nula,
Total contribution percentage should be equal to 100,Celkové percento príspevku by sa malo rovnať 100,
Total hours: {0},Celkový počet hodín: {0},
Total {0} ({1}),Spolu {0} ({1}),
"Total {0} for all items is zero, may be you should change 'Distribute Charges Based On'","Celková suma {0} pre všetky položky je nula, možno by ste mali zmeniť 'Distribuovať poplatky na základe'",
Total(Amt),Celkom (Amt),
Total(Qty),Spolu (Množstvo),
Traceability,Vysledovateľnosť,
Track Leads by Lead Source.,Sledovanie prílevu podľa zdroja prílevu.,
Transaction,Transakcia,
Transaction Date,Dátum transakcie,
Transaction Type,Typ transakcie,
Transaction currency must be same as Payment Gateway currency,Mena transakcie musí byť rovnaká ako mena platobnej brány,
Transaction not allowed against stopped Work Order {0},Transakcia nie je povolená voči zastavenému pracovnému príkazu {0},
Transaction reference no {0} dated {1},Referenčné číslo transakcie {0} s dátumom {1},
Transactions,Transakcie,
Transactions can only be deleted by the creator of the Company,Transakcie môže vymazať len tvorca spoločnosti,
Transfer,Prenos,
Transfer Material,Prenos materiálu,
Transfer Type,Typ prenosu,
Transfer an asset from one warehouse to another,Presun majetku z jedného skladu do druhého,
Transfered,Prevedené,
Transferred Quantity,Prenesené množstvo,
Transport Receipt Date,Dátum prijatia prepravy,
Transport Receipt No,Prepravné potvrdenie č.,
Transportation,Doprava,
Transporter ID,ID dopravcu,
Transporter Name,Názov dopravcu,
Travel Expenses,Cestovné výdavky,
Tree Type,Typ stromu,
Tree of Bill of Materials,Strom kusovníka,
Tree of Item Groups.,Strom skupín položiek.,
Tree of Procedures,Strom postupov,
Tree of Quality Procedures.,Strom postupov kvality.,
Tree of financial Cost Centers.,Strom finančných nákladových stredísk.,
Tree of financial accounts.,Strom finančných účtov.,
Treshold {0}% appears more than once,Prahová hodnota {0}% sa objaví viac ako raz,
Trial Period End Date Cannot be before Trial Period Start Date,Dátum ukončenia skúšobného obdobia nemôže byť skorší ako dátum začiatku skúšobného obdobia,
Trialling,Skúšanie,
Type of Business,Typ podniku,
Types of activities for Time Logs,Typy činností pre časové záznamy,
UOM,UOM,
UOM Conversion factor is required in row {0},UOM Konverzný faktor sa vyžaduje v riadku {0},
UOM coversion factor required for UOM: {0} in Item: {1},Faktor krytia UOM požadovaný pre UOM: {0} v položke: {1},
URL,ADRESA URL,
Unable to find exchange rate for {0} to {1} for key date {2}. Please create a Currency Exchange record manually,"Nie je možné nájsť výmenný kurz pre {0} na {1} pre kľúčový dátum {2}. Prosím, vytvorte záznam o výmene mien ručne",
Unable to find score starting at {0}. You need to have standing scores covering 0 to 100,Nie je možné nájsť skóre začínajúce na {0}. Musíte mať skóre od 0 do 100,
Unable to find variable:,Nie je možné nájsť premennú:,
Unblock Invoice,Odblokovanie faktúry,
Uncheck all,Zrušte začiarknutie všetkých,
Unclosed Fiscal Years Profit / Loss (Credit),Neukončené fiškálne roky Zisk/strata (kredit),
Unit,Jednotka,
Unit of Measure,Merná jednotka,
Unit of Measure {0} has been entered more than once in Conversion Factor Table,Merná jednotka {0} bola v tabuľke konverzných faktorov zadaná viac ako raz,
Unknown,Neznáme,
Unpaid,Nezaplatené,
Unsecured Loans,Nezabezpečené úvery,
Unsubscribe from this Email Digest,Odhlásenie z odberu tohto e-mailového spravodajcu,
Unsubscribed,Odhlásené,
Until,Až do,
Unverified Webhook Data,Neoverené údaje webhooku,
Update Account Name / Number,Aktualizácia názvu/čísla účtu,
Update Account Number / Name,Aktualizácia čísla účtu / názvu,
Update Cost,Aktualizácia nákladov,
Update Items,Aktualizácia položiek,
Update Print Format,Aktualizácia formátu tlače,
Update bank payment dates with journals.,Aktualizujte dátumy bankových platieb pomocou denníkov.,
Update in progress. It might take a while.,Prebieha aktualizácia. Môže to chvíľu trvať.,
Update rate as per last purchase,Aktualizačná sadzba podľa posledného nákupu,
Update stock must be enable for the purchase invoice {0},Pre nákupnú faktúru musí byť povolená aktualizácia zásob {0},
Updating Variants...,Aktualizácia variantov...,
Upload your letter head and logo. (you can edit them later).,Nahrajte svoju hlavičku a logo. (môžete ich upraviť neskôr).,
Upper Income,Vyššie príjmy,
Use Sandbox,Používanie pieskoviska,
User,Používateľ,
User ID,ID používateľa,
User ID not set for Employee {0},ID používateľa nie je nastavené pre zamestnanca {0},
User Remark,Poznámka používateľa,
User has not applied rule on the invoice {0},Používateľ neuplatnil pravidlo na faktúre {0},
User {0} already exists,Užívateľ {0} už existuje,
User {0} created,Vytvorený používateľ {0},
User {0} does not exist,Používateľ {0} neexistuje,
User {0} doesn't have any default POS Profile. Check Default at Row {1} for this User.,Používateľ {0} nemá žiadny predvolený profil POS. Začiarknite položku Default (Predvolené) v riadku {1} pre tohto používateľa.,
User {0} is already assigned to Employee {1},Používateľ {0} je už priradený k zamestnancovi {1},
User {0} is already assigned to Healthcare Practitioner {1},Používateľ {0} je už priradený k lekárovi {1},
Users,Používatelia,
Utility Expenses,Výdavky na verejné služby,
Valid From Date must be lesser than Valid Upto Date.,Dátum platnosti od musí byť menší ako dátum platnosti do.,
Valid Till,Platnosť do,
Valid from and valid upto fields are mandatory for the cumulative,Polia Platné od a Platné do sú povinné pre kumulatívny,
Valid from date must be less than valid upto date,Platnosť od dátumu musí byť menšia ako platnosť do dátumu,
Valid till date cannot be before transaction date,Dátum platnosti do nemôže byť pred dátumom transakcie,
Validity,Platnosť,
Validity period of this quotation has ended.,Platnosť tejto ponuky sa skončila.,
Valuation Rate,Sadzba ocenenia,
Valuation Rate is mandatory if Opening Stock entered,"Hodnotiaca sadzba je povinná, ak je zadaná počiatočná zásoba",
Valuation type charges can not marked as Inclusive,Poplatky typu ocenenia nemôžu byť označené ako Inclusive,
Value Or Qty,Hodnota alebo množstvo,
Value Proposition,Hodnotový návrh,
Value for Attribute {0} must be within the range of {1} to {2} in the increments of {3} for Item {4},Hodnota atribútu {0} musí byť v rozsahu od {1} do {2} s prírastkom {3} pre položku {4},
Value must be between {0} and {1},Hodnota musí byť medzi {0} a {1},
"Values of exempt, nil rated and non-GST inward supplies","Hodnoty dodávok oslobodených od dane, dodávok s nulovou sadzbou dane a dodávok bez DPH",
Variance,Odchýlka,
Variance ({}),Rozdiel ({}),
Variant,Variant,
Variant Attributes,Atribúty variantov,
Variant Based On cannot be changed,Variant Based On nie je možné zmeniť,
Variant Details Report,Správa s podrobnosťami o variante,
Variant creation has been queued.,Vytvorenie variantu bolo zaradené do frontu.,
Vehicle Expenses,Výdavky na vozidlá,
Vehicle No,Číslo vozidla,
Vehicle Type,Typ vozidla,
Vehicle/Bus Number,Číslo vozidla/autobusu,
Venture Capital,Rizikový kapitál,
View Chart of Accounts,Zobraziť účtovnú osnovu,
View Fees Records,Zobraziť záznamy o poplatkoch,
View Form,Zobraziť formulár,
View Lab Tests,Zobraziť laboratórne testy,
View Leads,Zobraziť vedenia,
View Ledger,Zobraziť účtovnú knihu,
View Now,Zobraziť teraz,
View a list of all the help videos,Zobrazenie zoznamu všetkých videí s nápovedou,
View in Cart,Zobraziť v košíku,
Visit report for maintenance call.,Navštívte správu o údržbe.,
Visit the forums,Navštívte fóra,
Vital Signs,Životné funkcie,
Volunteer,Dobrovoľník,
Volunteer Type information.,Informácie o type dobrovoľníka.,
Volunteer information.,Informácie pre dobrovoľníkov.,
Voucher #,Voucher #,
Voucher No,Číslo poukazu,
Voucher Type,Typ poukazu,
WIP Warehouse,WIP Warehouse,
Warehouse can not be deleted as stock ledger entry exists for this warehouse.,"Sklad nie je možné vymazať, pretože pre tento sklad existuje záznam v skladovej knihe.",
Warehouse cannot be changed for Serial No.,Sklad nie je možné zmeniť pre sériové číslo.,
Warehouse is mandatory,Sklad je povinný,
Warehouse is mandatory for stock Item {0} in row {1},Sklad je povinný pre skladovú položku {0} v riadku {1},
Warehouse not found in the system,Sklad sa v systéme nenachádza,
"Warehouse required at Row No {0}, please set default warehouse for the item {1} for the company {2}","Sklad požadovaný v riadku č. {0}, nastavte predvolený sklad pre položku {1} pre spoločnosť {2}.",
Warehouse required for stock Item {0},Sklad požadovaný pre skladovú položku {0},
Warehouse {0} can not be deleted as quantity exists for Item {1},"Sklad {0} nie je možné vymazať, pretože existuje množstvo pre položku {1}",
Warehouse {0} does not belong to company {1},Sklad {0} nepatrí spoločnosti {1},
Warehouse {0} does not exist,Sklad {0} neexistuje,
"Warehouse {0} is not linked to any account, please mention the account in  the warehouse record or set default inventory account in company {1}.","Sklad {0} nie je prepojený so žiadnym účtom, uveďte účet v zázname skladu alebo nastavte predvolený skladový účet vo firme {1}.",
Warehouses with child nodes cannot be converted to ledger,Sklady s podriadenými uzlami nie je možné konvertovať na účtovnú knihu,
Warehouses with existing transaction can not be converted to group.,Sklady s existujúcou transakciou nie je možné previesť na skupinu.,
Warehouses with existing transaction can not be converted to ledger.,Sklady s existujúcimi transakciami nie je možné previesť do účtovnej knihy.,
Warning,Upozornenie,
Warning: Another {0} # {1} exists against stock entry {2},Varovanie: Ďalší {0} # {1} existuje oproti skladovej položke {2},
Warning: Invalid SSL certificate on attachment {0},Varovanie: Neplatný certifikát SSL na prílohe {0},
Warning: Invalid attachment {0},Varovanie: Neplatná príloha {0},
Warning: Material Requested Qty is less than Minimum Order Qty,Varovanie: Požadované množstvo materiálu je menšie ako minimálne objednané množstvo,
Warning: Sales Order {0} already exists against Customer's Purchase Order {1},Varovanie: Predajná objednávka {0} už existuje oproti nákupnej objednávke zákazníka {1},
Warning: System will not check overbilling since amount for Item {0} in {1} is zero,"Varovanie: Systém nekontroluje preúčtovanie, pretože suma pre položku {0} v položke {1} je nulová",
Warranty,Záruka,
Warranty Claim,Reklamácia záruky,
Warranty Claim against Serial No.,Nárok na záruku na sériové číslo,
Website,Webová lokalita,
Website Image should be a public file or website URL,Obrázok webovej stránky by mal byť verejný súbor alebo adresa URL webovej stránky,
Website Image {0} attached to Item {1} cannot be found,Webovú stránku Obrázok {0} pripojený k položke {1} nemožno nájsť,
Website Manager,Správca webovej lokality,
Website Settings,Nastavenia webovej lokality,
Wednesday,Streda,
Week,Týždeň,
Weekly,Týždeň,
"Weight is mentioned,\nPlease mention ""Weight UOM"" too","Hmotnosť je uvedená, \nProsím, uveďte aj ""Hmotnosť UOM""",
Welcome email sent,Odoslanie uvítacieho e-mailu,
Welcome to ERPNext,Vitajte na stránke ERPNext,
What do you need help with?,S čím potrebujete pomôcť?,
What does it do?,Čo robí?,
Where manufacturing operations are carried.,Kde sa vykonávajú výrobné operácie.,
White,Biela,
Wire Transfer,Bankový prevod,
WooCommerce Products,Produkty WooCommerce,
Work In Progress,Prebiehajúce práce,
Work Order,Pracovná objednávka,
Work Order already created for all items with BOM,Pracovná objednávka je už vytvorená pre všetky položky s kusovníkom,
Work Order cannot be raised against a Item Template,Pracovný príkaz nie je možné vystaviť na základe šablóny položky,
Work Order has been {0},Pracovná objednávka bola {0},
Work Order not created,Pracovná objednávka nebola vytvorená,
Work Order {0} must be cancelled before cancelling this Sales Order,Pracovná objednávka {0} musí byť zrušená pred zrušením tejto predajnej objednávky,
Work Order {0} must be submitted,Musí sa predložiť pracovná objednávka {0},
Work Orders Created: {0},Vytvorené pracovné príkazy: {0},
Work-in-Progress Warehouse is required before Submit,Sklad rozpracovanej výroby sa vyžaduje pred odoslaním,
Working,Pracovná stránka,
Working Hours,Pracovný čas,
Workstation,Pracovná stanica,
Workstation is closed on the following dates as per Holiday List: {0},Pracovisko je zatvorené v nasledujúcich dňoch podľa zoznamu sviatkov: {0},
Wrapping up,Zhrnutie,
Wrong Password,Nesprávne heslo,
Year start date or end date is overlapping with {0}. To avoid please set company,"Dátum začiatku alebo konca roka sa prekrýva s dátumom {0}. Aby ste sa tomu vyhli, nastavte spoločnosť",
You are not authorized to add or update entries before {0},Nie ste oprávnení pridávať alebo aktualizovať položky pred {0},
You are not authorized to set Frozen value,Nie ste oprávnení nastaviť hodnotu Frozen,
You can not change rate if BOM mentioned agianst any item,"Nemôžete zmeniť sadzbu, ak je v kusovníku uvedená akákoľvek položka",
You can not enter current voucher in 'Against Journal Entry' column,"Nemôžete zadať aktuálny poukaz do stĺpca ""Proti záznamu v denníku",
You can only have Plans with the same billing cycle in a Subscription,V jednom predplatnom môžete mať len plány s rovnakým fakturačným cyklom.,
You can only redeem max {0} points in this order.,V tomto poradí môžete uplatniť maximálne {0} bodov.,
You can only renew if your membership expires within 30 days,"Obnoviť si členstvo môžete len vtedy, ak vám vyprší do 30 dní.",
You can only select a maximum of one option from the list of check boxes.,Zo zoznamu zaškrtávacích políčok môžete vybrať maximálne jednu možnosť.,
You can't redeem Loyalty Points having more value than the Grand Total.,"Nemôžete uplatniť vernostné body, ktorých hodnota je vyššia ako celkový súčet.",
You cannot credit and debit same account at the same time,Nemôžete pripísať a odpísať peniaze z toho istého účtu v rovnakom čase,
You cannot delete Fiscal Year {0}. Fiscal Year {0} is set as default in Global Settings,Fiškálny rok {0} nemožno vymazať. Fiškálny rok {0} je nastavený ako predvolený v globálnych nastaveniach,
You cannot delete Project Type 'External',"Nemôžete vymazať typ projektu ""Externý",
You cannot edit root node.,Koreňový uzol nie je možné upravovať.,
You cannot restart a Subscription that is not cancelled.,"Predplatné, ktoré nebolo zrušené, nie je možné reštartovať.",
You don't have enough Loyalty Points to redeem,Nemáte dostatok vernostných bodov na uplatnenie,
You have already assessed for the assessment criteria {}.,Kritériá hodnotenia {} ste už vyhodnotili.,
You have already selected items from {0} {1},Už ste vybrali položky z {0} {1},
You have been invited to collaborate on the project: {0},Boli ste pozvaní k spolupráci na projekte: {0},
You have entered duplicate items. Please rectify and try again.,Zadali ste duplicitné položky. Opravte to a skúste to znova.,
You need to be a user other than Administrator with System Manager and Item Manager roles to register on Marketplace.,"Ak sa chcete zaregistrovať na trhovisku, musíte byť iný používateľ ako správca s rolami Správca systému a Správca položky.",
You need to be a user with System Manager and Item Manager roles to add users to Marketplace.,Na pridanie používateľov do služby Marketplace musíte byť používateľom s rolou System Manager a Item Manager.,
You need to be a user with System Manager and Item Manager roles to register on Marketplace.,"Ak sa chcete zaregistrovať v službe Marketplace, musíte byť používateľom s rolou System Manager a Item Manager.",
You need to enable Shopping Cart,Musíte povoliť nákupný košík,
You will lose records of previously generated invoices. Are you sure you want to restart this subscription?,"Stratíte záznamy o predtým vygenerovaných faktúrach. Ste si istí, že chcete znovu spustiť toto predplatné?",
Your Organization,Vaša organizácia,
Your cart is Empty,Váš košík je prázdny,
Your email address...,Vaša e-mailová adresa...,
Your order is out for delivery!,Vaša objednávka je odoslaná na doručenie!,
Your tickets,Vaše vstupenky,
ZIP Code,PSČ,
[Error],[Chyba],
[{0}](#Form/Item/{0}) is out of stock,[{0}](#Form/Item/{0}) nie je na sklade,
`Freeze Stocks Older Than` should be smaller than %d days.,`Zmraziť zásoby staršie ako` by mala byť menšia ako %d dní.,
based_on,based_on,
cannot be greater than 100,nemôže byť väčšia ako 100,
disabled user,používateľ so zdravotným postihnutím,
"e.g. ""Build tools for builders""","napr. ""Zostaviť nástroje pre stavbárov""",
"e.g. ""Primary School"" or ""University""","napr. ""Základná škola"" alebo ""Univerzita"".",
"e.g. Bank, Cash, Credit Card","napr. banka, hotovosť, kreditná karta",
hidden,skryté,
modified,upravený,
old_parent,starý_rodič,
on,na stránke .,
{0} '{1}' is disabled,{0} '{1}' je vypnuté,
{0} '{1}' not in Fiscal Year {2},"{0} ""{1}"" nie je vo fiškálnom roku {2}",
{0} ({1}) cannot be greater than planned quantity ({2}) in Work Order {3},{0} ({1}) nemôže byť väčšie ako plánované množstvo ({2}) v pracovnej objednávke {3},
{0} - {1} is inactive student,{0} - {1} je neaktívny študent,
{0} - {1} is not enrolled in the Batch {2},{0} - {1} nie je zaradený do dávky {2},
{0} - {1} is not enrolled in the Course {2},{0} - {1} nie je zapísaný do kurzu {2},
{0} Budget for Account {1} against {2} {3} is {4}. It will exceed by {5},{0} Rozpočet pre účet {1} oproti {2} {3} je {4}. Bude prekročený o {5},
{0} Digest,{0} Digest,
{0} Request for {1},{0} Žiadosť o {1},
{0} Result submittted,{0} Výsledok odoslaný,
{0} Serial Numbers required for Item {1}. You have provided {2}.,{0} Sériové čísla požadované pre položku {1}. Poskytli ste {2}.,
{0} Student Groups created.,{0} Vytvorené skupiny študentov.,
{0} Students have been enrolled,{0} Študenti boli zapísaní,
{0} against Bill {1} dated {2},{0} proti návrhu zákona {1} zo dňa {2},
{0} against Purchase Order {1},{0} na základe objednávky {1},
{0} against Sales Invoice {1},{0} voči faktúre za predaj {1},
{0} against Sales Order {1},{0} voči objednávke predaja {1},
{0} asset cannot be transferred,{0} aktívum nie je možné previesť,
{0} can not be negative,{0} nemôže byť záporný,
{0} created,{0} vytvorené,
"{0} currently has a {1} Supplier Scorecard standing, and Purchase Orders to this supplier should be issued with caution.",{0} v súčasnosti má {1} Stav karty hodnotenia dodávateľa a objednávky na nákup pre tohto dodávateľa by sa mali vystavovať s opatrnosťou.,
"{0} currently has a {1} Supplier Scorecard standing, and RFQs to this supplier should be issued with caution.",{0} v súčasnosti má {1} Hodnotiaca karta dodávateľa a RFQ pre tohto dodávateľa by sa mali vydávať s opatrnosťou.,
{0} does not belong to Company {1},{0} nepatrí do spoločnosti {1},
{0} does not have a Healthcare Practitioner Schedule. Add it in Healthcare Practitioner master,{0} nemá rozvrh zdravotníckych pracovníkov. Pridajte ho do hlavného zoznamu lekárov,
{0} entered twice in Item Tax,{0} zadané dvakrát v položke Daň,
{0} for {1},{0} pre {1},
{0} has been submitted successfully,{0} bolo úspešne odoslané,
{0} has fee validity till {1},{0} má platnosť poplatku do {1},
{0} hours,{0} hodín,
{0} in row {1},{0} v riadku {1},
{0} is blocked so this transaction cannot proceed,"{0} je zablokovaný, takže táto transakcia nemôže pokračovať",
{0} is mandatory,{0} je povinné,
{0} is mandatory for Item {1},{0} je povinné pre položku {1},
{0} is mandatory. Maybe Currency Exchange record is not created for {1} to {2}.,{0} je povinné. Záznam o výmene mien sa možno nevytvára pre {1} až {2}.,
{0} is not a stock Item,{0} nie je skladová položka,
{0} is not a valid Batch Number for Item {1},{0} nie je platné číslo dávky pre položku {1},
{0} is not added in the table,{0} sa do tabuľky nepridáva,
{0} is now the default Fiscal Year. Please refresh your browser for the change to take effect.,"{0} je teraz predvolený fiškálny rok. Aby sa zmena prejavila, obnovte prosím prehliadač.",
{0} is on hold till {1},{0} je pozastavené do {1},
{0} item found.,{0} nájdená položka.,
{0} items found.,{0} nájdených položiek.,
{0} items in progress,{0} prebiehajúce položky,
{0} items produced,{0} vyrobených položiek,
{0} must appear only once,{0} sa musí objaviť iba raz,
{0} must be negative in return document,{0} musí byť v návratovom dokumente záporný,
{0} not allowed to transact with {1}. Please change the Company.,"{0} nemá povolenie na transakciu s {1}. Prosím, zmeňte spoločnosť.",
{0} not found for item {1},{0} nenašiel sa pre položku {1},
{0} parameter is invalid,{0} parameter je neplatný,
{0} payment entries can not be filtered by {1},{0} platobné položky nemožno filtrovať podľa {1},
{0} should be a value between 0 and 100,{0} by mala byť hodnota medzi 0 a 100,
{0} units of [{1}](#Form/Item/{1}) found in [{2}](#Form/Warehouse/{2}),{0} jednotiek [{1}](#Form/Item/{1}) nájdených v [{2}](#Form/Warehouse/{2}),
{0} units of {1} needed in {2} on {3} {4} for {5} to complete this transaction.,{0} jednotiek {1} potrebných v {2} na {3} {4} pre {5} na dokončenie tejto transakcie.,
{0} units of {1} needed in {2} to complete this transaction.,{0} jednotiek {1} potrebných v {2} na dokončenie tejto transakcie.,
{0} valid serial nos for Item {1},{0} platné sériové čísla pre položku {1},
{0} variants created.,{0} vytvorené varianty.,
{0} {1} created,{0} {1} vytvorené,
{0} {1} does not exist,{0} {1} neexistuje,
{0} {1} has been modified. Please refresh.,"{0} {1} bol upravený. Prosím, obnovte.",
{0} {1} has not been submitted so the action cannot be completed,"{0} {1} nebol predložený, takže akciu nemožno dokončiť",
"{0} {1} is associated with {2}, but Party Account is {3}","{0} {1} je spojený s {2}, ale účet strany je {3}",
{0} {1} is cancelled or closed,{0} {1} je zrušený alebo uzavretý,
{0} {1} is cancelled or stopped,{0} {1} je zrušený alebo zastavený,
{0} {1} is cancelled so the action cannot be completed,"{0} {1} je zrušená, takže akciu nemožno dokončiť",
{0} {1} is closed,{0} {1} je uzavretý,
{0} {1} is disabled,{0} {1} je vypnuté,
{0} {1} is frozen,{0} {1} je zmrazený,
{0} {1} is fully billed,{0} {1} je plne vyúčtovaný,
{0} {1} is not active,{0} {1} nie je aktívny,
{0} {1} is not associated with {2} {3},{0} {1} nie je spojený s {2} {3},
{0} {1} is not present in the parent company,{0} {1} nie je prítomný v materskej spoločnosti,
{0} {1} is not submitted,{0} {1} nie je predložený,
{0} {1} is {2},{0} {1} je {2},
{0} {1} must be submitted,{0} {1} musí sa predložiť,
{0} {1} not in any active Fiscal Year.,{0} {1} nie je v žiadnom aktívnom fiškálnom roku.,
{0} {1} status is {2},{0} {1} stav je {2},
{0} {1}: 'Profit and Loss' type account {2} not allowed in Opening Entry,"{0} {1}: Účet typu ""Zisk a strata"" {2} nie je povolený v počiatočnom zápise",
{0} {1}: Account {2} does not belong to Company {3},{0} {1}: Účet {2} nepatrí spoločnosti {3},
{0} {1}: Account {2} is inactive,{0} {1}: Účet {2} je neaktívny,
{0} {1}: Accounting Entry for {2} can only be made in currency: {3},{0} {1}: Účtovný zápis pre {2} možno vykonať len v mene: {3},
{0} {1}: Cost Center is mandatory for Item {2},{0} {1}: Nákladové stredisko je povinné pre položku {2},
{0} {1}: Cost Center is required for 'Profit and Loss' account {2}. Please set up a default Cost Center for the Company.,"{0} {1}: Nákladové stredisko sa vyžaduje pre účet ""Zisk a strata"" {2}. Nastavte predvolené nákladové stredisko pre spoločnosť.",
{0} {1}: Cost Center {2} does not belong to Company {3},{0} {1}: Nákladové stredisko {2} nepatrí spoločnosti {3},
{0} {1}: Customer is required against Receivable account {2},{0} {1}: Odberateľ je povinný voči účtu pohľadávok {2},
{0} {1}: Either debit or credit amount is required for {2},"{0} {1}: Pre {2} sa vyžaduje buď debetná, alebo kreditná suma.",
{0} {1}: Supplier is required against Payable account {2},{0} {1}: Dodávateľ je povinný voči účtu Záväzky {2},
{0}% Billed,{0}% Účtované,
{0}% Delivered,{0}% Doručené,
{0}: From {1},{0}: Od {1},
{0}: {1} does not exists,{0}: {1} neexistuje,
{0}: {1} not found in Invoice Details table,{0}: {1} nenašiel sa v tabuľke s údajmi o faktúre,
{} of {},{} z {},
Assigned To,Priradené k,
Chat,Chat,
Completed By,Ukončené do,
Day of Week,Deň v týždni,
"Dear System Manager,","Vážený správca systému,",
Default Value,Predvolená hodnota,
Email Group,E-mailová skupina,
Email Settings,Nastavenia e-mailu,
Email not sent to {0} (unsubscribed / disabled),E-mail nebol odoslaný na adresu {0} (odhlásený/vypnutý),
Error Message,Chybová správa,
Fieldtype,Typ poľa,
Help Articles,Pomocné články,
ID,ID,
Import,Import,
Language,Jazyk,
Likes,Páči sa mi,
Merge with existing,Zlúčenie s existujúcimi,
Orientation,Orientácia,
Parent,Rodič,
Payment Failed,Platba zlyhala,
Personal,Osobné,
Post,Príspevok,
Postal Code,Poštové smerovacie číslo,
Provider,Poskytovateľ,
Read Only,Len na čítanie,
Recipient,Príjemca,
Reviews,Recenzie,
Sender,Odosielateľ,
There were errors while sending email. Please try again.,Pri odosielaní e-mailu sa vyskytli chyby. Skúste to prosím znova.,
Values Changed,Zmenené hodnoty,
or,alebo,
Ageing Range 4,Rozsah starnutia 4,
Allocated amount cannot be greater than unadjusted amount,Pridelená suma nemôže byť vyššia ako neupravená suma,
Allocated amount cannot be negative,Pridelená suma nemôže byť záporná,
"Difference Account must be a Asset/Liability type account, since this Stock Entry is an Opening Entry","Rozdielový účet musí byť účtom typu Aktíva/Pasíva, pretože tento skladový zápis je počiatočným zápisom",
Import Successful,Úspešný import,
Please save first,Najskôr uložte,
Price not found for item {0} in price list {1},Cena nebola nájdená pre položku {0} v cenníku {1},
Warehouse Type,Typ skladu,
'Date' is required,'Date' je povinné,
Budgets,Rozpočty,
Bundle Qty,Množstvo balíka,
Company GSTIN,GSTIN spoločnosti,
Company field is required,Pole Spoločnosť je povinné,
Creating Dimensions...,Vytváranie rozmerov...,
Duplicate entry against the item code {0} and manufacturer {1},Duplicitný záznam oproti kódu položky {0} a výrobcovi {1},
Invalid GSTIN! The input you've entered doesn't match the GSTIN format for UIN Holders or Non-Resident OIDAR Service Providers,Neplatný GSTIN! Zadaný údaj nezodpovedá formátu GSTIN pre držiteľov UIN alebo poskytovateľov služieb OIDAR bez trvalého pobytu,
Invoice Grand Total,Faktúra Celková suma,
Last carbon check date cannot be a future date,Dátum poslednej kontroly uhlíka nemôže byť budúci dátum,
Make Stock Entry,Vykonajte vstup do zásob,
Quality Feedback,Spätná väzba o kvalite,
Quality Feedback Template,Šablóna spätnej väzby kvality,
Rules for applying different promotional schemes.,Pravidlá uplatňovania rôznych propagačných systémov.,
Show {0},Zobraziť {0},
Target Details,Cieľové údaje,
{0} already has a Parent Procedure {1}.,{0} už má rodičovský postup {1}.,
API,API,
Annual,Ročný,
Change,Zmena,
Contact Email,Kontaktný e-mail,
From Date,Od dátumu,
Group By,Skupina podľa,
Invalid URL,Neplatná adresa URL,
Landscape,Krajina,
Naming Series,Séria pomenovaní,
No data to export,Žiadne údaje na export,
Portrait,Portrét,
Print Heading,Vytlačiť nadpis,
Scheduler Inactive,Plánovač neaktívny,
Scheduler is inactive. Cannot import data.,Plánovač je neaktívny. Nie je možné importovať údaje.,
Show Document,Zobraziť dokument,
Show Traceback,Zobraziť spätnú väzbu,
Video,Video,
% Of Grand Total,% z celkovej sumy,
<b>Company</b> is a mandatory filter.,<b>Firma</b> je povinný filter.,
<b>From Date</b> is a mandatory filter.,<b>Dátum od</b> je povinný filter.,
<b>From Time</b> cannot be later than <b>To Time</b> for {0},<b>Čas odchodu</b> nemôže byť neskorší ako <b>Čas príchodu</b> pre {0},
<b>To Date</b> is a mandatory filter.,<b>Do dátumu</b> je povinný filter.,
A new appointment has been created for you with {0},Bola pre vás vytvorená nová schôdzka s {0},
Account Value,Hodnota účtu,
Account is mandatory to get payment entries,Účet je povinný na získanie platobných záznamov,
Account is not set for the dashboard chart {0},Účet nie je nastavený pre graf prístrojovej dosky {0},
Account {0} does not exists in the dashboard chart {1},Účet {0} neexistuje v grafe prístrojovej dosky {1},
Account: <b>{0}</b> is capital Work in progress and can not be updated by Journal Entry,Účet: <b>{0}</b> je nedokončená výroba a nie je možné ho aktualizovať zápisom do denníka,
Account: {0} is not permitted under Payment Entry,Účet: {0} nie je povolené v položke Platobný vstup,
Accounting Dimension <b>{0}</b> is required for 'Balance Sheet' account {1}.,"Účtovný rozmer <b>{0}</b> sa vyžaduje pre účet {1} ""Súvaha"".",
Accounting Dimension <b>{0}</b> is required for 'Profit and Loss' account {1}.,"Účtovný rozmer <b>{0}</b> sa vyžaduje pre účet ""Zisk a strata"" {1}.",
Accounting Masters,Majstri účtovníctva,
Accounting Period overlaps with {0},Účtovné obdobie sa prekrýva s {0},
Activity,Aktivita,
Add / Manage Email Accounts.,Pridanie / správa e-mailových kont.,
Add Child,Pridať dieťa,
Add Multiple,Pridať viacero,
Add Participants,Pridať účastníkov,
Add to Featured Item,Pridať k odporúčaným položkám,
Add your review,Pridajte svoju recenziu,
Add/Edit Coupon Conditions,Pridať/upraviť podmienky kupónu,
Added to Featured Items,Pridané do kategórie Odporúčané položky,
Added {0} ({1}),Pridané {0} ({1}),
Address Line 1,Adresný riadok 1,
Addresses,Adresy,
Admission End Date should be greater than Admission Start Date.,Dátum ukončenia prijímania by mal byť vyšší ako dátum začiatku prijímania.,
All,Všetky,
All bank transactions have been created,Všetky bankové transakcie boli vytvorené,
All the depreciations has been booked,Všetky odpisy boli zaúčtované,
Allow Resetting Service Level Agreement from Support Settings.,Povolenie resetovania dohody o úrovni služieb z nastavení podpory.,
Amount of {0} is required for Loan closure,Na uzatvorenie pôžičky sa vyžaduje suma {0},
Applied Coupon Code,Použitý kód kupónu,
Apply Coupon Code,Použiť kód kupónu,
Appointment Booking,Rezervácia stretnutia,
"As there are existing transactions against item {0}, you can not change the value of {1}","Keďže voči položke {0} existujú transakcie, nemôžete zmeniť hodnotu položky {1}",
Asset Id,Identifikátor majetku,
Asset Value,Hodnota majetku,
Asset Value Adjustment cannot be posted before Asset's purchase date <b>{0}</b>.,Úpravu hodnoty majetku nemožno zaúčtovať pred dátumom nákupu majetku <b>{0}</b>.,
Asset {0} does not belongs to the custodian {1},Majetok {0} nepatrí správcovi {1},
Asset {0} does not belongs to the location {1},Majetok {0} nepatrí do lokality {1},
At least one of the Applicable Modules should be selected,Mal by byť vybraný aspoň jeden z uplatniteľných modulov,
Atleast one asset has to be selected.,Je potrebné vybrať aspoň jedno aktívum.,
Authentication Failed,Neúspešná autentifikácia,
Automatic Reconciliation,Automatické zosúladenie,
Available For Use Date,Dátum k dispozícii na použitie,
Available Stock,Dostupné zásoby,
"Available quantity is {0}, you need {1}","Dostupné množstvo je {0}, potrebujete {1}",
BOM 1,BOM 1,
BOM 2,BOM 2,
BOM Comparison Tool,Nástroj na porovnávanie kusovníkov,
BOM recursion: {0} cannot be child of {1},Rekurzia BOM: {0} nemôže byť potomkom {1},
BOM recursion: {0} cannot be parent or child of {1},Rekurzia BOM: {0} nemôže byť rodičom ani potomkom {1},
Back to Messages,Späť na správy,
Bank Data mapper doesn't exist,Mapovač bankových údajov neexistuje,
Bank Details,Podrobnosti o banke,
Bank account '{0}' has been synchronized,Bankový účet '{0}' bol synchronizovaný,
Bank account {0} already exists and could not be created again,Bankový účet {0} už existuje a nie je možné ho znovu vytvoriť,
Bank accounts added,Pridané bankové účty,
Batch no is required for batched item {0},Pre dávkovanú položku {0} sa vyžaduje číslo dávky,
Billing Date,Dátum fakturácie,
Billing Interval Count cannot be less than 1,Počet fakturačných intervalov nemôže byť menší ako 1,
Blue,Modrá,
Book,Kniha,
Book Appointment,Rezervovať schôdzku,
Brand,Značka,
Browse,Prehľadávať,
Call Connected,Pripojený hovor,
Call Disconnected,Odpojený hovor,
Call Missed,Zmeškaný hovor,
Call Summary,Zhrnutie výzvy,
Call Summary Saved,Súhrn uložených hovorov,
Cancelled,Zrušené,
Cannot Calculate Arrival Time as Driver Address is Missing.,"Nie je možné vypočítať čas príchodu, pretože chýba adresa vodiča.",
Cannot Optimize Route as Driver Address is Missing.,"Nie je možné optimalizovať trasu, pretože chýba adresa ovládača.",
Cannot complete task {0} as its dependant task {1} are not ccompleted / cancelled.,"Nie je možné dokončiť úlohu {0}, pretože jej závislá úloha {1} nie je dokončená/zrušená.",
Cannot find a matching Item. Please select some other value for {0}.,"Nie je možné nájsť zodpovedajúcu položku. Prosím, vyberte inú hodnotu pre {0}.",
"Cannot overbill for Item {0} in row {1} more than {2}. To allow over-billing, please set allowance in Accounts Settings","Nie je možné preúčtovať položku {0} v riadku {1} viac ako {2}. Ak chcete povoliť preúčtovanie, nastavte v Nastaveniach účtov príspevok",
"Capacity Planning Error, planned start time can not be same as end time","Chyba pri plánovaní kapacity, plánovaný čas začiatku nemôže byť rovnaký ako čas konca",
Categories,Kategórie,
Changes in {0},Zmeny v {0},
Chart,Graf,
Choose a corresponding payment,Vyberte si zodpovedajúcu platbu,
Click on the link below to verify your email and confirm the appointment,Kliknutím na odkaz nižšie overíte svoj e-mail a potvrdíte stretnutie,
Close,Zatvoriť,
Communication,Komunikácia,
Compact Item Print,Kompaktná položka Tlač,
Company,Spoločnosť,
Company of asset {0} and purchase document {1} doesn't matches.,Firma majetku {0} a nákupný doklad {1} sa nezhodujú.,
Compare BOMs for changes in Raw Materials and Operations,Porovnanie kusovníkov pre zmeny v surovinách a operáciách,
Compare List function takes on list arguments,Funkcia Porovnať zoznam preberá argumenty zoznamu,
Complete,Kompletné,
Completed,Dokončený,
Completed Quantity,Dokončené množstvo,
Connect your Exotel Account to ERPNext and track call logs,Pripojte svoje konto Exotel k ERPNext a sledujte protokoly hovorov,
Connect your bank accounts to ERPNext,Pripojenie bankových účtov k ERPNext,
Contact Seller,Kontaktovať predávajúceho,
Continue,Pokračovať,
Cost Center: {0} does not exist,Nákladové stredisko: {0} neexistuje,
Couldn't Set Service Level Agreement {0}.,Nepodarilo sa nastaviť dohodu o úrovni služieb {0}.,
Country,Krajina,
Country Code in File does not match with country code set up in the system,Kód krajiny v súbore sa nezhoduje s kódom krajiny nastaveným v systéme,
Create New Contact,Vytvorenie nového kontaktu,
Create New Lead,Vytvoriť nové vedenie,
Create Pick List,Vytvorenie zoznamu na výber,
Create Quality Inspection for Item {0},Vytvorenie kontroly kvality pre položku {0},
Creating Accounts...,Vytváranie účtov...,
Creating bank entries...,Vytváranie bankových záznamov...,
Credit limit is already defined for the Company {0},Úverový limit je už definovaný pre spoločnosť {0},
Ctrl + Enter to submit,Ctrl + Enter na odoslanie,
Ctrl+Enter to submit,Ctrl+Enter na odoslanie,
Currency,Mena,
Current Status,Súčasný stav,
Customer PO,Zákazník PO,
Daily,Denne,
Date,Dátum,
Date of Birth cannot be greater than Joining Date.,Dátum narodenia nemôže byť vyšší ako dátum nástupu.,
Dear,Vážený,
Default,Predvolené nastavenie,
Define coupon codes.,Definujte kódy kupónov.,
Delayed Days,Oneskorené dni,
Delete,Odstrániť,
Delivered Quantity,Dodané množstvo,
Delivery Notes,Poznámky k dodávke,
Depreciated Amount,Odpisovaná suma,
Description,Popis,
Designation,Označenie,
Difference Value,Hodnota rozdielu,
Dimension Filter,Filter rozmerov,
Disabled,Bezbariérový,
Disbursement and Repayment,Vyplácanie a splácanie,
Distance cannot be greater than 4000 kms,Vzdialenosť nesmie byť väčšia ako 4000 km,
Do you want to submit the material request,Chcete predložiť žiadosť o materiál,
Doctype,Doktorový typ,
Document {0} successfully uncleared,Dokument {0} úspešne odúčtovaný,
Download Template,Stiahnuť šablónu,
Dr,Dr.,
Due Date,Dátum splatnosti,
Duplicate,Duplikát,
Duplicate Project with Tasks,Duplikovanie projektu s úlohami,
Duplicate project has been created,Bol vytvorený duplicitný projekt,
E-Way Bill JSON can only be generated from a submitted document,JSON elektronického cestovného dokladu sa dá vygenerovať len z odoslaného dokladu,
E-Way Bill JSON can only be generated from submitted document,JSON elektronického nákladného listu sa dá vygenerovať len z predloženého dokumentu,
E-Way Bill JSON cannot be generated for Sales Return as of now,Pre vrátenie tržieb nie je možné vygenerovať JSON pre E-Way Bill,
ERPNext could not find any matching payment entry,ERPNext nenašiel žiadnu zodpovedajúcu platobnú položku,
Earliest Age,Najstarší vek,
Edit Details,Upraviť podrobnosti,
Either GST Transporter ID or Vehicle No is required if Mode of Transport is Road,"Ak je druh dopravy cestná doprava, vyžaduje sa buď ID dopravcu GST, alebo číslo vozidla",
Email,E-mail,
Email Campaigns,E-mailové kampane,
Employee ID is linked with another instructor,ID zamestnanca je prepojené s iným inštruktorom,
Employee Tax and Benefits,Dane a výhody pre zamestnancov,
Employee is required while issuing Asset {0},Zamestnanec je potrebný pri vydávaní aktíva {0},
Employee {0} does not belongs to the company {1},Zamestnanec {0} nepatrí do spoločnosti {1},
Enable Auto Re-Order,Povolenie automatického opakovaného objednávania,
End Date of Agreement can't be less than today.,Dátum ukončenia dohody nemôže byť kratší ako dnes.,
End Time,Čas konca,
Energy Point Leaderboard,Rebríček energetických bodov,
Enter API key in Google Settings.,Zadajte kľúč API v Nastaveniach Google.,
Enter Supplier,Zadajte dodávateľa,
Enter Value,Zadajte hodnotu,
Entity Type,Typ subjektu,
Error,Chyba,
Error in Exotel incoming call,Chyba v prichádzajúcom hovore Exotel,
Error: {0} is mandatory field,Chyba: {0} je povinné pole,
Exception occurred while reconciling {0},Pri zosúlaďovaní {0} došlo k výnimke,
Expected and Discharge dates cannot be less than Admission Schedule date,Očakávaný dátum a dátum prepustenia nemôžu byť kratšie ako dátum podľa harmonogramu prijímania,
Expired,Vypršala platnosť,
Export,Export,
Export not allowed. You need {0} role to export.,Export nie je povolený. Na export potrebujete rolu {0}.,
Failed to add Domain,Nepodarilo sa pridať doménu,
Fetch Items from Warehouse,Získavanie položiek zo skladu,
Fetching...,Získavanie...,
Field,Pole,
Filters,Filtre,
Finding linked payments,Vyhľadávanie prepojených platieb,
Fleet Management,Správa vozového parku,
Following fields are mandatory to create address:,Pri vytváraní adresy sú povinné nasledujúce polia:,
For Month,Na mesiac,
"For item {0} at row {1}, count of serial numbers does not match with the picked quantity",Pre položku {0} v riadku {1} sa počet sériových čísel nezhoduje s vybraným množstvom,
For operation {0}: Quantity ({1}) can not be greter than pending quantity({2}),Pre operáciu {0}: Množstvo ({1}) nemôže byť väčšie ako čakajúce množstvo ({2}),
For quantity {0} should not be greater than work order quantity {1},Množstvo {0} by nemalo byť väčšie ako množstvo {1} v pracovnej objednávke.,
Free item not set in the pricing rule {0},"Bezplatná položka, ktorá nie je nastavená v cenovom pravidle {0}",
From Date and To Date are Mandatory,Dátum od a dátum do sú povinné,
From employee is required while receiving Asset {0} to a target location,Od zamestnanca sa vyžaduje pri príjme aktíva {0} na cieľové miesto,
Future Payment Amount,Výška budúcej platby,
Future Payment Ref,Budúca platba Ref,
Future Payments,Budúce platby,
GST HSN Code does not exist for one or more items,Kód HSN GST neexistuje pre jednu alebo viac položiek,
Generate E-Way Bill JSON,Generovanie elektronického účtu JSON,
Get Items,Získajte položky,
Get Outstanding Documents,Získajte nevyriešené dokumenty,
Goal,Cieľ,
Greater Than Amount,Väčšia ako suma,
Green,Zelená,
Group,Skupina,
Group By Customer,Skupina podľa zákazníka,
Group By Supplier,Skupina podľa dodávateľa,
Group Node,Uzol skupiny,
Group Warehouses cannot be used in transactions. Please change the value of {0},Skupinové sklady nie je možné použiť v transakciách. Zmeňte prosím hodnotu {0},
Help,Pomoc,
Help Article,Pomocný článok,
"Helps you keep tracks of Contracts based on Supplier, Customer and Employee","Pomáha vám sledovať zmluvy na základe dodávateľa, zákazníka a zamestnanca",
Helps you manage appointments with your leads,Pomáha vám spravovať stretnutia s potenciálnymi zákazníkmi,
Home,Domov,
IBAN is not valid,IBAN nie je platný,
Import Data from CSV / Excel files.,Import údajov zo súborov CSV / Excel.,
In Progress,V štádiu rozpracovanosti,
Incoming call from {0},Prichádzajúci hovor od {0},
Incorrect Warehouse,Nesprávny sklad,
Invalid Barcode. There is no Item attached to this barcode.,Neplatný čiarový kód. K tomuto čiarovému kódu nie je pripojená žiadna položka.,
Invalid credentials,Neplatné poverenia,
Issue Priority.,Priorita problému.,
Issue Type.,Typ vydania.,
"It seems that there is an issue with the server's stripe configuration. In case of failure, the amount will get refunded to your account.","Zdá sa, že je problém s konfiguráciou prúžkov na serveri. V prípade neúspechu bude suma vrátená na váš účet.",
Item Reported,Nahlásená položka,
Item listing removed,Výpis položky odstránený,
Item taxes updated,Aktualizácia daní z položky,
Item {0}: {1} qty produced.,Položka {0}: {1} vyrobené množstvo.,
Joining Date can not be greater than Leaving Date,Dátum nástupu nemôže byť väčší ako dátum odchodu,
Lab Test Item {0} already exist,Položka laboratórneho testu {0} už existuje,
Last Issue,Posledné vydanie,
Latest Age,Najnovší vek,
Leaves Taken,Odobraté listy,
Less Than Amount,Menej ako suma,
Liabilities,Záväzky,
Loading...,Načítanie...,
Loan Applications from customers and employees.,Žiadosti o pôžičku od zákazníkov a zamestnancov.,
Loan Processes,Úverové procesy,
Loan Type for interest and penalty rates,Typ úveru pre úrokové a sankčné sadzby,
Loans,Úvery,
Loans provided to customers and employees.,Úvery poskytnuté zákazníkom a zamestnancom.,
Location,Umiestnenie,
Looks like someone sent you to an incomplete URL. Please ask them to look into it.,"Zdá sa, že vás niekto poslal na neúplnú adresu URL. Požiadajte ich, aby sa na to pozreli.",
Make Journal Entry,Záznam do denníka,
Make Purchase Invoice,Vystavenie nákupnej faktúry,
Manufactured,Vyrobené,
Mark Work From Home,Mark Práca z domu,
Master,Majster,
Max strength cannot be less than zero.,Maximálna sila nemôže byť menšia ako nula.,
Maximum attempts for this quiz reached!,Maximálny počet pokusov pre tento kvíz dosiahnutý!,
Message,Správa,
Missing Values Required,Požadované chýbajúce hodnoty,
Mobile No,Mobilné číslo,
Mobile Number,Mobilné číslo,
Month,Mesiac,
Name,Názov,
Near you,Vo vašom okolí,
Net Profit/Loss,Čistý zisk/strata,
New Expense,Nové výdavky,
New Invoice,Nová faktúra,
New Payment,Nová platba,
New release date should be in the future,Nový dátum vydania by mal byť v budúcnosti,
No Account matched these filters: {},Týmto filtrom nezodpovedal žiadny účet: {},
No communication found.,Nenašla sa žiadna komunikácia.,
No correct answer is set for {0},Pre {0} nie je stanovená žiadna správna odpoveď,
No description,Žiadny popis,
No issue has been raised by the caller.,Volajúci nevzniesol žiadny problém.,
No items to publish,Žiadne položky na zverejnenie,
No outstanding invoices found,Nenašli sa žiadne neuhradené faktúry,
No outstanding invoices found for the {0} {1} which qualify the filters you have specified.,"Nenašli sa žiadne neuhradené faktúry pre {0} {1}, ktoré spĺňajú zadané filtre.",
No outstanding invoices require exchange rate revaluation,Žiadne neuhradené faktúry si nevyžadujú precenenie výmenného kurzu,
No reviews yet,Zatiaľ žiadne recenzie,
No views yet,Zatiaľ žiadne názory,
Non stock items,Neskladové položky,
Not Allowed,Nie je povolené,
Not allowed to create accounting dimension for {0},Nie je povolené vytvoriť účtovnú dimenziu pre {0},
Not permitted. Please disable the Lab Test Template,Nie je povolené. Zakážte šablónu laboratórneho testu,
Note,Poznámka,
Notes:,Poznámky:,
On Converting Opportunity,O konverzii príležitostí,
On Purchase Order Submission,Pri predkladaní objednávok,
On Sales Order Submission,Pri odosielaní objednávky na predaj,
On Task Completion,Pri dokončení úlohy,
On {0} Creation,Na {0} Vytvorenie,
Only .csv and .xlsx files are supported currently,V súčasnosti sú podporované len súbory .csv a .xlsx,
Open,Otvorený,
Open Contact,Otvorený kontakt,
Open Lead,Otvorené vedenie,
Opening and Closing,Otvorenie a ukončenie,
Operating Cost as per Work Order / BOM,Prevádzkové náklady podľa objednávky práce / kusovníka,
Order Amount,Výška objednávky,
Page {0} of {1},Strana {0} z {1},
Paid amount cannot be less than {0},Vyplatená suma nemôže byť nižšia ako {0},
Parent Company must be a group company,Materská spoločnosť musí byť spoločnosťou skupiny,
Passing Score value should be between 0 and 100,Hodnota úspešnosti by mala byť medzi 0 a 100,
Patient History,Anamnéza pacienta,
Pause,Pauza,
Pay,Platba,
Payment Document Type,Typ platobného dokladu,
Payment Name,Názov platby,
Pending,Čaká sa na,
Performance,Výkon,
Period based On,Obdobie založené na,
Perpetual inventory required for the company {0} to view this report.,Na zobrazenie tejto správy je potrebný trvalý inventár spoločnosti {0}.,
Phone,Telefón,
Pick List,Zoznam na výber,
Plaid authentication error,Chyba overovania Plaid,
Plaid public token error,Chyba verejného tokenu Plaid,
Plaid transactions sync error,Chyba synchronizácie transakcií Plaid,
Please check the error log for details about the import errors,Podrobnosti o chybách importu nájdete v protokole o chybách,
Please create <b>DATEV Settings</b> for Company <b>{}</b>.,"Prosím, vytvorte <b>Nastavenia DATEV</b> pre spoločnosť <b>{}</b>.",
Please create adjustment Journal Entry for amount {0},"Prosím, vytvorte opravný záznam do denníka na sumu {0}.",
Please do not create more than 500 items at a time,Nevytvárajte viac ako 500 položiek naraz,
Please enter <b>Difference Account</b> or set default <b>Stock Adjustment Account</b> for company {0},Zadajte prosím <b>Rozdielový účet</b> alebo nastavte predvolený <b>Účet úpravy zásob</b> pre spoločnosť {0}.,
Please enter GSTIN and state for the Company Address {0},Zadajte GSTIN a štát pre adresu spoločnosti {0},
Please enter Item Code to get item taxes,"Zadajte kód položky, aby ste získali dane z položky",
Please enter Warehouse and Date,Zadajte prosím sklad a dátum,
Please login as a Marketplace User to edit this item.,"Ak chcete upraviť túto položku, prihláste sa ako používateľ trhoviska.",
Please login as a Marketplace User to report this item.,"Ak chcete nahlásiť túto položku, prihláste sa ako používateľ trhoviska.",
Please select <b>Template Type</b> to download template,Vyberte <b>Typ šablóny</b> na stiahnutie šablóny,
Please select Customer first,Najskôr vyberte položku Zákazník,
Please select Item Code first,Najprv vyberte kód položky,
Please select a Delivery Note,"Prosím, vyberte dodací list",
Please select a Sales Person for item: {0},"Prosím, vyberte predajcu pre položku: {0}",
Please select another payment method. Stripe does not support transactions in currency '{0}',Vyberte si iný spôsob platby. Stripe nepodporuje transakcie v mene '{0}',
Please select the customer.,Vyberte zákazníka.,
Please set a Supplier against the Items to be considered in the Purchase Order.,"Nastavte dodávateľa pri položkách, ktoré sa majú zohľadniť v objednávke.",
Please set account heads in GST Settings for Compnay {0},Nastavte prosím hlavičky účtov v Nastaveniach GST pre Compnay {0},
Please set an email id for the Lead {0},"Prosím, nastavte e-mailové ID pre Lead {0}",
Please set default UOM in Stock Settings,Nastavte predvolený UOM v nastaveniach zásob,
Please set filter based on Item or Warehouse due to a large amount of entries.,Z dôvodu veľkého množstva položiek nastavte filter na základe položky alebo skladu.,
Please set up the Campaign Schedule in the Campaign {0},Nastavte plán kampane v časti Kampaň {0},
Please set valid GSTIN No. in Company Address for company {0},V položke Adresa spoločnosti pre spoločnosť {0} nastavte platné číslo GSTIN.,
Please set {0},Nastavte prosím {0},customer
Please setup a default bank account for company {0},Nastavte predvolený bankový účet pre spoločnosť {0},
Please specify,"Prosím, uveďte",
Please specify a {0},Zadajte prosím {0},lead
Priority,Priorita,
Priority has been changed to {0}.,Priorita bola zmenená na {0}.,
Priority {0} has been repeated.,Priorita {0} sa opakuje.,
Processing XML Files,Spracovanie súborov XML,
Profitability,Ziskovosť,
Project,Projekt,
Provide the academic year and set the starting and ending date.,Zadajte akademický rok a nastavte dátum začiatku a konca.,
Public token is missing for this bank,Pre túto banku chýba verejný token,
Publish 1 Item,Publikovať 1 položku,
Publish Items,Publikovanie položiek,
Publish More Items,Publikovať ďalšie položky,
Publish Your First Items,Publikujte svoje prvé položky,
Publish {0} Items,Publikovať {0} položky,
Published Items,Uverejnené položky,
Purchase Invoice cannot be made against an existing asset {0},Nákupnú faktúru nemožno vystaviť na existujúci majetok {0},
Purchase Invoices,Nákupné faktúry,
Purchase Orders,Objednávky na nákup,
Purchase Receipt doesn't have any Item for which Retain Sample is enabled.,"Doklad o kúpe neobsahuje žiadnu položku, pre ktorú je povolené uchovávanie vzorky.",
Purchase Return,Vrátenie nákupu,
Qty of Finished Goods Item,Množstvo hotového tovaru Položka,
Quality Inspection required for Item {0} to submit,Kontrola kvality požadovaná pre položku {0} na predloženie,
Quantity to Manufacture,Množstvo na výrobu,
Quantity to Manufacture can not be zero for the operation {0},Množstvo do výroby nemôže byť nulové pre operáciu {0},
Quarterly,Štvrťročne,
Queued,Čakanie v rade,
Quick Entry,Rýchly vstup,
Quiz {0} does not exist,Kvíz {0} neexistuje,
Quotation Amount,Výška cenovej ponuky,
Rate or Discount is required for the price discount.,Pre zľavu z ceny je potrebná sadzba alebo zľava.,
Reason,Dôvod,
Reconcile Entries,Zosúladiť položky,
Reconcile this account,Zosúladiť tento účet,
Reconciled,Zosúladené,
Recruitment,Nábor zamestnancov,
Red,Červená,
Release date must be in the future,Dátum vydania musí byť v budúcnosti,
Relieving Date must be greater than or equal to Date of Joining,Dátum prepustenia musí byť väčší alebo rovný dátumu nástupu,
Rename,Premenovať stránku,
Rename Not Allowed,Premenovanie nie je povolené,
Report Item,Položka správy,
Report this Item,Nahlásiť túto položku,
Reserved Qty for Subcontract: Raw materials quantity to make subcontracted items.,Rezervované množstvo pre subdodávku: Množstvo surovín na výrobu subdodávaných položiek.,
Reset,Obnovenie,
Reset Service Level Agreement,Obnovenie dohody o úrovni služieb,
Resetting Service Level Agreement.,Obnovenie dohody o úrovni služieb.,
Return amount cannot be greater unclaimed amount,Vrátená suma nemôže byť vyššia ako nevyzdvihnutá suma,
Review,Prehľad,
Room,Izba,
Room Type,Typ izby,
Row #,Riadok #,
Row #{0}: Accepted Warehouse and Supplier Warehouse cannot be same,Riadok #{0}: Prijatý sklad a sklad dodávateľa nemôžu byť rovnaké,
Row #{0}: Cannot delete item {1} which has already been billed.,"Riadok #{0}: Nie je možné vymazať položku {1}, ktorá už bola zaúčtovaná.",
Row #{0}: Cannot delete item {1} which has already been delivered,"Riadok #{0}: Nie je možné vymazať položku {1}, ktorá už bola dodaná",
Row #{0}: Cannot delete item {1} which has already been received,"Riadok #{0}: Nemožno vymazať položku {1}, ktorá už bola prijatá",
Row #{0}: Cannot delete item {1} which has work order assigned to it.,"Riadok #{0}: Nie je možné vymazať položku {1}, ku ktorej je priradená pracovná zákazka.",
Row #{0}: Cannot delete item {1} which is assigned to customer's purchase order.,"Riadok #{0}: Nie je možné vymazať položku {1}, ktorá je priradená k objednávke zákazníka.",
Row #{0}: Cannot select Supplier Warehouse while suppling raw materials to subcontractor,Riadok #{0}: Nemožno vybrať sklad dodávateľa pri dodávaní surovín subdodávateľovi,
Row #{0}: Cost Center {1} does not belong to company {2},Riadok #{0}: Nákladové stredisko {1} nepatrí spoločnosti {2}.,
Row #{0}: Operation {1} is not completed for {2} qty of finished goods in Work Order {3}. Please update operation status via Job Card {4}.,Riadok #{0}: Operácia {1} nie je dokončená pre {2} množstvo hotových výrobkov v pracovnej objednávke {3}. Aktualizujte stav operácie prostredníctvom karty práce {4}.,
Row #{0}: Payment document is required to complete the transaction,Riadok #{0}: Na dokončenie transakcie je potrebný platobný doklad,
Row #{0}: Quantity for Item {1} cannot be zero.,Riadok #{0}: Množstvo pre položku {1} nemôže byť nulové.,
Row #{0}: Serial No {1} does not belong to Batch {2},Riadok #{0}: Sériové číslo {1} nepatrí do dávky {2}.,
Row #{0}: Service End Date cannot be before Invoice Posting Date,Riadok #{0}: Dátum ukončenia služby nemôže byť pred dátumom zaúčtovania faktúry,
Row #{0}: Service Start Date cannot be greater than Service End Date,Riadok #{0}: Dátum začiatku služby nemôže byť väčší ako dátum ukončenia služby,
Row #{0}: Service Start and End Date is required for deferred accounting,Riadok #{0}: Dátum začatia a ukončenia služby sa vyžaduje pre odložené účtovníctvo,
Row {0}: Invalid Item Tax Template for item {1},Riadok {0}: Neplatná daňová šablóna pre položku {1},
Row {0}: Quantity not available for {4} in warehouse {1} at posting time of the entry ({2} {3}),Riadok {0}: Množstvo nie je k dispozícii pre {4} v sklade {1} v čase zaúčtovania záznamu ({2} {3}),
Row {0}: user has not applied the rule {1} on the item {2},Riadok {0}: používateľ neuplatnil pravidlo {1} na položku {2},
Row {0}:Sibling Date of Birth cannot be greater than today.,Riadok {0}:Dátum narodenia súrodenca nemôže byť väčší ako dnes.,
Row({0}): {1} is already discounted in {2},Riadok({0}): {1} je už zľavnený v {2},
Rows Added in {0},Riadky pridané v {0},
Rows Removed in {0},Odstránené riadky v {0},
Save,Uložiť,
Save Item,Uložiť položku,
Saved Items,Uložené položky,
Search Items ...,Vyhľadávanie položiek...,
Search for a payment,Vyhľadávanie platby,
Search for anything ...,Vyhľadajte čokoľvek...,
Search results for,Výsledky vyhľadávania pre,
Select Difference Account,Vyberte rozdielový účet,
Select a Default Priority.,Vyberte predvolenú prioritu.,
Select a company,Výber spoločnosti,
Select finance book for the item {0} at row {1},Vyberte finančnú knihu pre položku {0} v riadku {1},
Select only one Priority as Default.,Vyberte iba jednu prioritu ako predvolenú.,
Seller Information,Informácie o predajcovi,
Send,Odoslať,
Send a message,Odoslať správu,
Sending,Odosielanie,
Sends Mails to lead or contact based on a Campaign schedule,Odosiela e-maily vedúcim osobám alebo kontaktom na základe plánu kampane,
Serial Number Created,Vytvorené sériové číslo,
Serial Numbers Created,Vytvorené sériové čísla,
Serial no(s) required for serialized item {0},Sériové číslo (čísla) požadované pre serializovanú položku {0},
Series,Séria,
Server Error,Chyba servera,
Service Level Agreement has been changed to {0}.,Dohoda o úrovni služieb bola zmenená na {0}.,
Service Level Agreement was reset.,Dohoda o úrovni služieb bola obnovená.,
Service Level Agreement with Entity Type {0} and Entity {1} already exists.,Dohoda o úrovni služieb so subjektom typu {0} a subjektom {1} už existuje.,
Set Meta Tags,Nastavenie meta značiek,
Set {0} in company {1},Súbor {0} v spoločnosti {1},
Setup,Nastavenie,
Shift Management,Riadenie zmeny,
Show Future Payments,Zobraziť budúce platby,
Show Linked Delivery Notes,Zobraziť prepojené poznámky o doručení,
Show Sales Person,Ukážte predajcu,
Show Stock Ageing Data,Zobraziť údaje o starnutí zásob,
Show Warehouse-wise Stock,Zobraziť skladové zásoby,
Size,Veľkosť,
Something went wrong while evaluating the quiz.,Pri vyhodnocovaní kvízu sa niečo pokazilo.,
Sr,Senior,
Start,Štart,
Start Date cannot be before the current date,Dátum začiatku nesmie byť pred aktuálnym dátumom,
Start Time,Čas začiatku,
Status,Stav,
Status must be Cancelled or Completed,Stav musí byť Zrušený alebo Ukončený,
Stock Balance Report,Správa o stave zásob,
Stock Entry has been already created against this Pick List,Záznam o zásobách už bol vytvorený na základe tohto zoznamu skladových zásob,
Stock Ledger ID,ID skladovej knihy,
Stock Value ({0}) and Account Balance ({1}) are out of sync for account {2} and it's linked warehouses.,Hodnota zásob ({0}) a zostatok účtu ({1}) nie sú synchronizované pre účet {2} a jeho prepojené sklady.,
Stores - {0},Obchody - {0},
Student with email {0} does not exist,Študent s e-mailom {0} neexistuje,
Submit Review,Odoslať recenziu,
Submitted,Odoslané,
Supplier Addresses And Contacts,Adresy a kontakty dodávateľov,
Synchronize this account,Synchronizovať toto konto,
Tag,Štítok,
Target Location is required while receiving Asset {0} from an employee,Cieľové umiestnenie sa vyžaduje pri prijímaní aktíva {0} od zamestnanca,
Target Location is required while transferring Asset {0},Pri prenose aktíva sa vyžaduje cieľové umiestnenie {0},
Target Location or To Employee is required while receiving Asset {0},Pri prijímaní aktíva sa vyžaduje cieľové miesto alebo Zamestnanec {0},
Task's {0} End Date cannot be after Project's End Date.,Dátum ukončenia úlohy {0} nemôže byť po dátume ukončenia projektu.,
Task's {0} Start Date cannot be after Project's End Date.,Dátum začiatku úlohy {0} nemôže byť po dátume ukončenia projektu.,
Tax Account not specified for Shopify Tax {0},Daňový účet nie je zadaný pre Shopify Tax {0},
Tax Total,Daň Spolu,
Template,Šablóna,
The Campaign '{0}' already exists for the {1} '{2}',Kampaň '{0}' už existuje pre {1} '{2}',
The difference between from time and To Time must be a multiple of Appointment,Rozdiel medzi časom od a časom do musí byť násobkom času vymenovania,
The field Asset Account cannot be blank,Pole Účet majetku nemôže byť prázdne,
The field Equity/Liability Account cannot be blank,Pole Účet vlastného imania/pasíva nemôže byť prázdne,
The following serial numbers were created: <br><br> {0},Boli vytvorené tieto sériové čísla: <br><br> {0},
The parent account {0} does not exists in the uploaded template,Nadradený účet {0} neexistuje v nahranej šablóne,
The question cannot be duplicate,Otázka nemôže byť duplicitná,
The selected payment entry should be linked with a creditor bank transaction,Vybraná platobná položka by mala byť prepojená s bankovou transakciou veriteľa,
The selected payment entry should be linked with a debtor bank transaction,Vybraná platobná položka by mala byť prepojená s bankovou transakciou dlžníka,
The total allocated amount ({0}) is greated than the paid amount ({1}).,Celková pridelená suma ({0}) je vyššia ako vyplatená suma ({1}).,
This Service Level Agreement is specific to Customer {0},Táto dohoda o úrovni služieb je špecifická pre zákazníka {0},
This action will unlink this account from any external service integrating ERPNext with your bank accounts. It cannot be undone. Are you certain ?,"Táto akcia zruší prepojenie tohto účtu so všetkými externými službami, ktoré integrujú ERPNext s vašimi bankovými účtami. Nie je možné ju vrátiť späť. Ste si istí ?",
This bank account is already synchronized,Tento bankový účet je už synchronizovaný,
This bank transaction is already fully reconciled,Táto banková transakcia je už úplne odsúhlasená,
This page keeps track of items you want to buy from sellers.,"Táto stránka sleduje položky, ktoré chcete kúpiť od predajcov.",
This page keeps track of your items in which buyers have showed some interest.,"Táto stránka sleduje vaše položky, o ktoré kupujúci prejavili záujem.",
Thursday,Štvrtok,
Title,Názov,
"To allow over billing, update ""Over Billing Allowance"" in Accounts Settings or the Item.","Ak chcete povoliť nadmernú fakturáciu, aktualizujte položku ""Over Billing Allowance"" v Nastaveniach účtov alebo položky.",
"To allow over receipt / delivery, update ""Over Receipt/Delivery Allowance"" in Stock Settings or the Item.","Ak chcete povoliť prekročenie príjmu/dodania, aktualizujte položku ""Povolenie prekročenia príjmu/dodania"" v nastaveniach zásob alebo položky.",
Total,Celkom,
Total Payment Request amount cannot be greater than {0} amount,Celková suma žiadosti o platbu nemôže byť vyššia ako suma {0},
Total payments amount can't be greater than {},Celková suma platieb nemôže byť vyššia ako {},
Totals,Celkové sumy,
Transactions already retreived from the statement,Transakcie už získané z výpisu,
Transfer Material to Supplier,Prenos materiálu k dodávateľovi,
Transport Receipt No and Date are mandatory for your chosen Mode of Transport,Číslo a dátum potvrdenia o preprave sú povinné pre zvolený spôsob dopravy,
Tuesday,Utorok,
Type,Typ,
Unable to find the time slot in the next {0} days for the operation {1}.,Nie je možné nájsť časový interval v nasledujúcich {0} dňoch pre operáciu {1}.,
Unable to update remote activity,Nie je možné aktualizovať vzdialenú aktivitu,
Unknown Caller,Neznámy volajúci,
Unlink external integrations,Odpojenie externých integrácií,
Unpublish Item,Zrušenie zverejnenia položky,
Unreconciled,Nevyrovnané,
Unsupported GST Category for E-Way Bill JSON generation,Nepodporovaná kategória GST pre generovanie JSON elektronického vyúčtovania,
Update,Aktualizácia,
Update Taxes for Items,Aktualizácia daní pre položky,
"Upload a bank statement, link or reconcile a bank account","Odoslanie bankového výpisu, prepojenie alebo zosúladenie bankového účtu",
Upload a statement,Nahrať výpis,
Use a name that is different from previous project name,"Použite názov, ktorý sa líši od predchádzajúceho názvu projektu",
User {0} is disabled,Používateľ {0} je vypnutý,
Users and Permissions,Používatelia a oprávnenia,
Valuation Rate required for Item {0} at row {1},Sadzba ocenenia požadovaná pre položku {0} v riadku {1},
Values Out Of Sync,Nesynchronizované hodnoty,
Vehicle Type is required if Mode of Transport is Road,"Typ vozidla sa vyžaduje, ak je druh dopravy cestná doprava",
Vendor Name,Názov predajcu,
Verify Email,Overenie e-mailu,
View,Zobraziť,
View all issues from {0},Zobraziť všetky čísla od {0},
View call log,Zobrazenie denníka hovorov,
Warehouse,Sklad,
Warehouse not found against the account {0},Sklad nebol nájdený voči účtu {0},
Welcome to {0},Vitajte na stránke {0},
Why do think this Item should be removed?,"Prečo si myslíte, že by sa táto položka mala odstrániť?",
Work Order {0}: Job Card not found for the operation {1},Pracovný príkaz {0}: Karta práce nebola nájdená pre operáciu {1},
Workday {0} has been repeated.,Pracovný deň {0} sa opakuje.,
XML Files Processed,Spracované súbory XML,
Year,Rok,
Yearly,Ročný,
You are not allowed to enroll for this course,Na tento kurz sa nemôžete prihlásiť,
You are not enrolled in program {0},Nie ste zapísaný do programu {0},
You can Feature upto 8 items.,Môžete mať až 8 položiek.,
You can also copy-paste this link in your browser,Toto prepojenie môžete skopírovať a vložiť aj do prehliadača,
You can publish upto 200 items.,Môžete publikovať až 200 položiek.,
You have to enable auto re-order in Stock Settings to maintain re-order levels.,"Ak chcete zachovať úroveň opätovného objednania, musíte v Nastaveniach zásob povoliť automatické opätovné objednanie.",
You must be a registered supplier to generate e-Way Bill,"Musíte byť registrovaným dodávateľom, aby ste mohli vygenerovať e-Way Bill",
You need to login as a Marketplace User before you can add any reviews.,Pred pridaním recenzií sa musíte prihlásiť ako používateľ trhoviska.,
Your Featured Items,Vaše odporúčané položky,
Your Items,Vaše položky,
Your Profile,Váš profil,
Your rating:,Vaše hodnotenie:,
and,a,
e-Way Bill already exists for this document,Pre tento dokument už existuje e-Way Bill,
woocommerce - {0},woocommerce - {0},
{0} Coupon used are {1}. Allowed quantity is exhausted,{0} Použité kupóny sú {1}. Povolené množstvo je vyčerpané,
{0} Operations: {1},{0} Operácie: {1},
{0} bank transaction(s) created,{0} vytvorené bankové transakcie,
{0} bank transaction(s) created and {1} errors,{0} vytvorené bankové transakcie a {1} chyby,
{0} can not be greater than {1},{0} nemôže byť väčší ako {1},
{0} conversations,{0} konverzácie,
{0} is not a company bank account,{0} nie je bankovým účtom spoločnosti,
{0} is not a group node. Please select a group node as parent cost center,{0} nie je uzol skupiny. Ako nadradené nákladové stredisko vyberte uzol skupiny,
{0} is not the default supplier for any items.,{0} nie je predvoleným dodávateľom pre žiadne položky.,
{0} is required,{0} je potrebné,
{0}: {1} must be less than {2},{0}: {1} musí byť menšia ako {2},
{} is required to generate E-Way Bill JSON,{} je potrebný na vygenerovanie JSON E-Way Bill,
"Invalid lost reason {0}, please create a new lost reason","Neplatný dôvod straty {0}, vytvorte nový dôvod straty",
Profit This Year,Zisk v tomto roku,
Total Expense,Celkové výdavky,
Total Expense This Year,Celkové výdavky v tomto roku,
Total Income,Celkové príjmy,
Total Income This Year,Celkový príjem v tomto roku,
Barcode,Čiarový kód,
Clear,Jasné,
Comments,Komentáre,
DocType,DocType,
Download,Stiahnite si,
Left,Vľavo,
Link,Odkaz,
New,Nový,
Print,Tlač,
Reference Name,Referenčný názov,
Refresh,Obnoviť,
Success,Úspech,
Time,Čas,
Value,Hodnota,
Actual,Skutočné,
Add to Cart,Pridať do košíka,
Days Since Last Order,Dni od poslednej objednávky,
In Stock,Na sklade,
Mode Of Payment,Spôsob platby,
No students Found,Nenašli sa žiadni študenti,
Not in Stock,Nie je na sklade,
Please select a Customer,"Prosím, vyberte zákazníka",
Received From,Prijaté od,
Sales Person,Predajca,
To date cannot be before From date,Dátum do nemôže byť pred dátumom od,
Write Off,Odpis,
{0} Created,{0} Vytvorené,
Email Id,E-mailová adresa,
No,Nie,
Reference Doctype,Referenčný typ Doctype,
Yes,Áno,
Actual,Skutočné,
Add to cart,Pridať do košíka,
Budget,Rozpočet,
Chart of Accounts,Účtová osnova,
Customer database.,Databáza zákazníkov.,
Days Since Last order,Dni od poslednej objednávky,
Download as JSON,Stiahnuť ako JSON,
End date can not be less than start date,Dátum ukončenia nesmie byť kratší ako dátum začiatku,
For Default Supplier (Optional),Pre predvoleného dodávateľa (voliteľné),
From date cannot be greater than To date,Dátum od nemôže byť väčší ako dátum do,
Group by,Skupina podľa,
In stock,Na sklade,
Item name,Názov položky,
Minimum Qty,Minimálny počet kusov,
More details,Viac informácií,
Nature of Supplies,Charakter dodávok,
No Items found.,Nenašli sa žiadne položky.,
No students found,Nenašli sa žiadni študenti,
Not in stock,Nie je na sklade,
Not permitted,Nie je povolené,
Open Issues,Otvorené otázky,
Open Projects,Otvorené projekty,
Open To Do,Otvorené na vykonanie,
Operation Id,Id operácie,
Partially ordered,Čiastočne objednané,
Please select company first,Najskôr vyberte spoločnosť,
Please select patient,"Prosím, vyberte pacienta",
Printed On,Vytlačené na,
Projected qty,Predpokladaný počet,
Sales person,Predajca,
Serial No {0} Created,Vytvorené sériové číslo {0},
Source Location is required for the Asset {0},Zdrojové umiestnenie sa vyžaduje pre aktívum {0},
Tax Id,Daňové identifikačné číslo,
To Time,Na čas,
To date cannot be before from date,Do dátumu nemôže byť pred dátumom od,
Total Taxable value,Celková zdaniteľná hodnota,
Upcoming Calendar Events,Nadchádzajúce udalosti v kalendári,
Value or Qty,Hodnota alebo množstvo,
Variance,Odchýlka,
Variant of,Variant,
Write off,Odpis,
hours,hodiny,
received from,prijaté od,
to,na,
Cards,Karty,
Percentage,Percento,
Failed to setup defaults for country {0}. Please contact support@erpnext.com,Nepodarilo sa nastaviť predvolené hodnoty pre krajinu {0}. Obráťte sa na support@erpnext.com,
Row #{0}: Item {1} is not a Serialized/Batched Item. It cannot have a Serial No/Batch No against it.,Riadok #{0}: Položka {1} nie je serializovaná/dávkovaná položka. Nemôže mať proti sebe sériové číslo/číslo šarže.,
Please set {0},Nastavte prosím {0},
Please set {0},Nastavte prosím {0},supplier
Draft,Návrh,"docstatus,=,0"
Cancelled,Zrušený,"docstatus,=,2"
Please setup Instructor Naming System in Education > Education Settings,Nastavte systém pomenovania inštruktorov v ponuke Vzdelávanie > Nastavenia vzdelávania,
Please set Naming Series for {0} via Setup > Settings > Naming Series,"Prosím, nastavte pomenovanie série pre {0} cez Nastavenie > Nastavenia > Pomenovanie série",
UOM Conversion factor ({0} -> {1}) not found for item: {2},UOM Konverzný faktor ({0} -> {1}) nebol nájdený pre položku: {2},
Item Code > Item Group > Brand,Kód položky > Skupina položiek > Značka,
Customer > Customer Group > Territory,Zákazník > Skupina zákazníkov > Územie,
Supplier > Supplier Type,Dodávateľ > Typ dodávateľa,
The value of {0} differs between Items {1} and {2},Hodnota {0} sa líši medzi položkami {1} a {2},
Auto Fetch,Automatické načítanie,
Fetch Serial Numbers based on FIFO,Získavanie sériových čísel na základe FIFO,
"Outward taxable supplies(other than zero rated, nil rated and exempted)","Dodávky tovaru podliehajúce zdaneniu (iné ako s nulovou sadzbou dane, s nulovou sadzbou dane a oslobodené od dane)",
"To allow different rates, disable the {0} checkbox in {1}.","Ak chcete povoliť rôzne sadzby, vypnite zaškrtávacie políčko {0} v poli {1}.",
Asset{} {assets_link} created for {},Asset{} {assets_link} vytvorený pre {},
Row {}: Asset Naming Series is mandatory for the auto creation for item {},Riadok {}: Pre automatické vytváranie položky {} je povinná položka Asset Naming Series,
Assets not created for {0}. You will have to create asset manually.,Majetok nebol vytvorený pre {0}. Aktíva budete musieť vytvoriť ručne.,
{0} {1} has accounting entries in currency {2} for company {3}. Please select a receivable or payable account with currency {2}.,{0} {1} má účtovné záznamy v mene {2} pre spoločnosť {3}. Vyberte pohľadávkový alebo záväzkový účet s menou {2}.,
Invalid Account,Neplatný účet,
Purchase Order Required,Požadovaná objednávka,
Purchase Receipt Required,Požaduje sa potvrdenie o nákupe,
Account Missing,Chýbajúci účet,
Requested,Požadované,
Partially Paid,Čiastočne zaplatené,
Invalid Account Currency,Neplatná mena účtu,
"Row {0}: The item {1}, quantity must be positive number","Riadok {0}: Položka {1}, množstvo musí byť kladné číslo",
"Please set {0} for Batched Item {1}, which is used to set {2} on Submit.","Nastavte {0} pre dávkovú položku {1}, ktorá sa používa na nastavenie {2} pri odoslaní.",
Expiry Date Mandatory,Dátum skončenia platnosti Povinné,
Variant Item,Variant položky,
BOM 1 {0} and BOM 2 {1} should not be same,BOM 1 {0} a BOM 2 {1} by nemali byť rovnaké,
Note: Item {0} added multiple times,Poznámka: Položka {0} pridaná viackrát,
YouTube,YouTube,
Vimeo,Vimeo,
Publish Date,Dátum vydania,
Duration,Trvanie,
Advanced Settings,Rozšírené nastavenia,
Path,Cesta,
Components,Komponenty,
Verified By,Overené podľa,
Invalid naming series (. missing) for {0},Neplatné pomenovanie radu (. chýba) pre {0},
Filter Based On,Filtrovanie na základe,
Reqd by date,Vyžiadané do dátumu,
Manufacturer Part Number <b>{0}</b> is invalid,Číslo dielu výrobcu <b>{0}</b> je neplatné,
Invalid Part Number,Neplatné číslo dielu,
Select atleast one Social Media from Share on.,Vyberte aspoň jedno sociálne médium zo Share on.,
Invalid Scheduled Time,Neplatný naplánovaný čas,
Length Must be less than 280.,Dĺžka musí byť menšia ako 280.,
Error while POSTING {0},Chyba pri odosielaní {0},
"Session not valid, Do you want to login?","Session not valid, Chcete sa prihlásiť?",
Session Active,Aktívna relácia,
Session Not Active. Save doc to login.,Relácia nie je aktívna. Uložte dokument na prihlásenie.,
Error! Failed to get request token.,Chyba! Nepodarilo sa získať token požiadavky.,
Invalid {0} or {1},Neplatné {0} alebo {1},
Error! Failed to get access token.,Chyba! Nepodarilo sa získať prístupový token.,
Invalid Consumer Key or Consumer Secret Key,Neplatný kľúč spotrebiteľa alebo tajný kľúč spotrebiteľa,
Your Session will be expire in,Platnosť vašej relácie vyprší v,
days.,dní.,
Session is expired. Save doc to login.,Platnosť relácie vypršala. Uložte dokument na prihlásenie.,
Error While Uploading Image,Chyba pri nahrávaní obrázka,
You Didn't have permission to access this API,Nemáte oprávnenie na prístup k tomuto rozhraniu API,
Valid Upto date cannot be before Valid From date,Dátum platnosti do nemôže byť pred dátumom platnosti od,
Valid From date not in Fiscal Year {0},"Platné od dátumu, ktorý nie je vo fiškálnom roku {0}",
Valid Upto date not in Fiscal Year {0},"Platné do dátumu, ktorý nie je vo fiškálnom roku {0}",
Group Roll No,Skupina Roll No,
Maintain Same Rate Throughout Sales Cycle,Zachovanie rovnakej sadzby počas celého predajného cyklu,
"Row {1}: Quantity ({0}) cannot be a fraction. To allow this, disable '{2}' in UOM {3}.","Riadok {1}: Množstvo ({0}) nemôže byť zlomok. Ak to chcete povoliť, zakážte ""{2}"" v UOM {3}.",
Must be Whole Number,Musí to byť celé číslo,
Please setup Razorpay Plan ID,"Prosím, nastavte ID plánu Razorpay",
Contact Creation Failed,Vytvorenie kontaktu sa nepodarilo,
Leaves Expired,Listy Vypršala platnosť,
Row #{}: {} of {} should be {}. Please modify the account or select a different account.,"Riadok #{}: {} z {} by malo byť {}. Prosím, upravte účet alebo vyberte iný účet.",
Row #{}: Please asign task to a member.,"Riadok #{}: Prosím, priraďte úlohu členovi.",
Process Failed,Proces zlyhal,
Tally Migration Error,Chyba migrácie Tally,
Please set Warehouse in Woocommerce Settings,"Prosím, nastavte sklad v nastaveniach Woocommerce",
Row {0}: Delivery Warehouse ({1}) and Customer Warehouse ({2}) can not be same,Riadok {0}: Sklad dodávok ({1}) a sklad zákazníkov ({2}) nemôžu byť rovnaké,
Row {0}: Due Date in the Payment Terms table cannot be before Posting Date,Riadok {0}: Dátum splatnosti v tabuľke Platobné podmienky nemôže byť pred dátumom zaúčtovania,
Cannot find {} for item {}. Please set the same in Item Master or Stock Settings.,Nie je možné nájsť {} pre položku {}. Nastavte to isté v hlavnom nastavení položky alebo v nastaveniach zásob.,
Row #{0}: The batch {1} has already expired.,Riadok #{0}: Dávka {1} už vypršala.,
Start Year and End Year are mandatory,Počiatočný rok a koncový rok sú povinné,
GL Entry,Vstup GL,
Cannot allocate more than {0} against payment term {1},Nemožno prideliť viac ako {0} oproti termínu platby {1},
The root account {0} must be a group,Koreňový účet {0} musí byť skupinou,
Shipping rule not applicable for country {0} in Shipping Address,Pravidlo prepravy sa neuplatňuje pre krajinu {0} v adrese prepravy,
Get Payments from,Získajte platby od,
Set Shipping Address or Billing Address,Nastavenie dodacej adresy alebo fakturačnej adresy,
Consultation Setup,Nastavenie konzultácie,
Fee Validity,Platnosť poplatkov,
Laboratory Setup,Nastavenie laboratória,
Dosage Form,Dávkovacia forma,
Records and History,Záznamy a história,
Patient Medical Record,Zdravotný záznam pacienta,
Rehabilitation,Rehabilitácia,
Exercise Type,Typ cvičenia,
Exercise Difficulty Level,Úroveň náročnosti cvičenia,
Therapy Type,Typ terapie,
Therapy Plan,Plán terapie,
Therapy Session,Terapeutické sedenie,
Motor Assessment Scale,Škála hodnotenia motoriky,
[Important] [ERPNext] Auto Reorder Errors,[Dôležité] [ERPNext] Chyby pri automatickej zmene poradia,
"Regards,","S pozdravom,",
The following {0} were created: {1},Boli vytvorené tieto {0}: {1},
Work Orders,Pracovné objednávky,
The {0} {1} created sucessfully,{0} {1} vytvorené úspešne,
Work Order cannot be created for following reason: <br> {0},Pracovnú objednávku nie je možné vytvoriť z nasledujúceho dôvodu: <br> {0},
Add items in the Item Locations table,Pridanie položiek do tabuľky Umiestnenia položiek,
Update Current Stock,Aktualizácia aktuálnych zásob,
"{0} Retain Sample is based on batch, please check Has Batch No to retain sample of item","{0} Ponechať vzorku je založené na šarži, zaškrtnite Has Batch No, aby ste si ponechali vzorku položky",
Empty,Prázdne stránky,
Currently no stock available in any warehouse,Momentálne nie sú k dispozícii žiadne zásoby na sklade,
BOM Qty,Množstvo BOM,
Time logs are required for {0} {1},Časové záznamy sa vyžadujú pre {0} {1},
Total Completed Qty,Celkové dokončené množstvo,
Qty to Manufacture,Množstvo na výrobu,
Social Media Campaigns,Kampane v sociálnych médiách,
From Date can not be greater than To Date,Dátum od nemôže byť väčší ako dátum do,
Please set a Customer linked to the Patient,Nastavte zákazníka prepojeného s pacientom,
Customer Not Found,Zákazník nebol nájdený,
Please Configure Clinical Procedure Consumable Item in,Nakonfigurujte spotrebný materiál pre klinické postupy v,
Missing Configuration,Chýbajúca konfigurácia,
Out Patient Consulting Charge Item,Poplatok za konzultácie s pacientom,
Inpatient Visit Charge Item,Poplatok za hospitalizačnú návštevu Položka,
OP Consulting Charge,Poplatok za poradenstvo OP,
Inpatient Visit Charge,Poplatok za hospitalizačnú návštevu,
Appointment Status,Stav vymenovania,
Test:,Test:,
Collection Details:,Podrobnosti o zbierke:,
{0} out of {1},{0} z {1},
Select Therapy Type,Vyberte typ terapie,
{0} sessions completed,{0} ukončené relácie,
{0} session completed,{0} relácia ukončená,
out of {0},z {0},
Therapy Sessions,Terapeutické sedenia,
Add Exercise Step,Pridať krok cvičenia,
Edit Exercise Step,Úprava kroku cvičenia,
Patient Appointments,Stretnutia s pacientmi,
Item with Item Code {0} already exists,Položka s kódom položky {0} už existuje,
Registration Fee cannot be negative or zero,Registračný poplatok nemôže byť záporný alebo nulový,
Configure a service Item for {0},Konfigurácia služby Položka pre {0},
Temperature:,Teplota:,
Pulse:,Pulz:,
Respiratory Rate:,Dýchacia frekvencia:,
BP:,BP:,
BMI:,BMI:,
Note:,Poznámka:,
Check Availability,Overiť dostupnosť,
Please select Patient first,Najskôr vyberte položku Pacient,
Please select a Mode of Payment first,Najprv vyberte spôsob platby,
Please set the Paid Amount first,Najprv nastavte zaplatenú sumu,
Not Therapies Prescribed,Nie predpísané terapie,
There are no Therapies prescribed for Patient {0},Pacientovi {0} nie je predpísaná žiadna terapia,
Appointment date and Healthcare Practitioner are Mandatory,Dátum vymenovania a zdravotnícky pracovník sú povinné,
No Prescribed Procedures found for the selected Patient,Pre vybraného pacienta neboli nájdené žiadne predpísané postupy,
Please select a Patient first,Najskôr vyberte pacienta,
There are no procedure prescribed for,Neexistuje žiadny postup predpísaný pre,
Prescribed Therapies,Predpísané terapie,
Appointment overlaps with,Menovanie sa prekrýva s,
{0} has appointment scheduled with {1} at {2} having {3} minute(s) duration.,{0} má naplánované stretnutie s {1} na {2} s trvaním {3} minút.,
Appointments Overlapping,Prekrývajúce sa vymenovania,
Consulting Charges: {0},Poplatky za poradenstvo: {0},
Appointment Cancelled. Please review and cancel the invoice {0},Schôdzka zrušená. Skontrolujte a zrušte faktúru {0},
Appointment Cancelled.,Schôdzka zrušená.,
Fee Validity {0} updated.,Platnosť poplatku {0} aktualizované.,
Practitioner Schedule Not Found,Plán praktického lekára nebol nájdený,
{0} is on a Half day Leave on {1},{0} je na poldennej dovolenke dňa {1},
{0} is on Leave on {1},{0} je na dovolenke na {1},
{0} does not have a Healthcare Practitioner Schedule. Add it in Healthcare Practitioner,{0} nemá rozvrh zdravotníckych pracovníkov. Pridajte ho do časti Zdravotnícky pracovník,
Healthcare Service Units,Jednotky zdravotníckych služieb,
Complete and Consume,Dokončiť a spotrebovať,
Complete {0} and Consume Stock?,Dokončiť {0} a spotrebovať zásoby?,
Complete {0}?,Dokončiť {0}?,
Stock quantity to start the Procedure is not available in the Warehouse {0}. Do you want to record a Stock Entry?,Množstvo zásob na začatie postupu nie je v sklade {0} k dispozícii. Chcete zaevidovať skladovú položku?,
{0} as on {1},{0} ako na {1},
Clinical Procedure ({0}):,Klinický postup ({0}):,
Please set Customer in Patient {0},"Prosím, nastavte zákazníka v položke Pacient {0}",
Item {0} is not active,Položka {0} nie je aktívna,
Therapy Plan {0} created successfully.,Terapeutický plán {0} úspešne vytvorený.,
Symptoms:,Príznaky:,
No Symptoms,Žiadne príznaky,
Diagnosis:,Diagnóza:,
No Diagnosis,Žiadna diagnóza,
Drug(s) Prescribed.,Predpísané lieky.,
Test(s) Prescribed.,Predpísané testy.,
Procedure(s) Prescribed.,Predpísané postupy.,
Counts Completed: {0},Ukončené počty: {0},
Patient Assessment,Hodnotenie pacienta,
Assessments,Hodnotenia,
Heads (or groups) against which Accounting Entries are made and balances are maintained.,"Hlavy (alebo skupiny), voči ktorým sa vykonávajú účtovné zápisy a udržiavajú zostatky.",
Account Name,Názov účtu,
Inter Company Account,Vnútropodnikový účet,
Parent Account,Rodičovský účet,
Setting Account Type helps in selecting this Account in transactions.,Nastavenie typu účtu pomáha pri výbere tohto účtu v transakciách.,
Chargeable,Spoplatnené,
Rate at which this tax is applied,"Sadzba, podľa ktorej sa táto daň uplatňuje",
Frozen,Zmrazené,
"If the account is frozen, entries are allowed to restricted users.","Ak je účet zmrazený, vstupy sú povolené používateľom s obmedzeným prístupom.",
Balance must be,Zostatok musí byť,
Lft,Lft,
Rgt,Rgt,
Old Parent,Starý rodič,
Include in gross,Zahrnúť do hrubej hodnoty,
Auditor,Audítor,
Accounting Dimension,Rozmer účtovníctva,
Dimension Name,Názov rozmeru,
Dimension Defaults,Predvolené hodnoty rozmerov,
Accounting Dimension Detail,Detail účtovného rozmeru,
Default Dimension,Predvolený rozmer,
Mandatory For Balance Sheet,Povinné pre súvahu,
Mandatory For Profit and Loss Account,Povinné pre výkaz ziskov a strát,
Accounting Period,Účtovné obdobie,
Period Name,Názov obdobia,
Closed Documents,Uzavreté dokumenty,
Accounts Settings,Nastavenia účtov,
Settings for Accounts,Nastavenia účtov,
Make Accounting Entry For Every Stock Movement,Účtovanie každého pohybu zásob,
Users with this role are allowed to set frozen accounts and create / modify accounting entries against frozen accounts,Používatelia s touto rolou môžu nastavovať zmrazené účty a vytvárať/upravovať účtovné záznamy na zmrazených účtoch.,
Determine Address Tax Category From,Určiť adresu Daňová kategória Od,
Over Billing Allowance (%),Príspevok na prekročenie fakturácie (%),
Credit Controller,Úverový kontrolór,
Check Supplier Invoice Number Uniqueness,Kontrola jedinečnosti čísla faktúry dodávateľa,
Make Payment via Journal Entry,Vykonanie platby prostredníctvom záznamu v denníku,
Unlink Payment on Cancellation of Invoice,Odpojenie platby pri zrušení faktúry,
Book Asset Depreciation Entry Automatically,Automatické zaúčtovanie odpisov majetku,
Automatically Add Taxes and Charges from Item Tax Template,Automatické pridávanie daní a poplatkov zo šablóny dane z položky,
Automatically Fetch Payment Terms,Automatické načítanie platobných podmienok,
Show Payment Schedule in Print,Zobrazenie rozvrhu platieb v tlači,
Currency Exchange Settings,Nastavenia výmeny mien,
Allow Stale Exchange Rates,Povolenie zastaraných výmenných kurzov,
Stale Days,Stále dni,
Report Settings,Nastavenia správy,
Use Custom Cash Flow Format,Používanie vlastného formátu peňažných tokov,
Allowed To Transact With,Povolené transakcie s,
SWIFT number,Číslo SWIFT,
Branch Code,Kód pobočky,
Address and Contact,Adresa a kontakt,
Address HTML,Adresa HTML,
Contact HTML,Kontakt HTML,
Data Import Configuration,Konfigurácia importu údajov,
Bank Transaction Mapping,Mapovanie bankových transakcií,
Plaid Access Token,Prístupový žetón Plaid,
Company Account,Účet spoločnosti,
Account Subtype,Podtyp účtu,
Is Default Account,Je predvolené konto,
Is Company Account,Je účet spoločnosti,
Party Details,Podrobnosti o večierku,
Account Details,Podrobnosti o účte,
IBAN,IBAN,
Bank Account No,Číslo bankového účtu,
Integration Details,Podrobnosti o integrácii,
Integration ID,ID integrácie,
Last Integration Date,Dátum poslednej integrácie,
Change this date manually to setup the next synchronization start date,Zmeniť tento dátum manuálne a nastaviť dátum začiatku ďalšej synchronizácie,
Mask,Maska,
Bank Account Subtype,Podtyp bankového účtu,
Bank Account Type,Typ bankového účtu,
Bank Guarantee,Banková záruka,
Bank Guarantee Type,Typ bankovej záruky,
Receiving,Prijímanie,
Providing,Poskytovanie,
Reference Document Name,Názov referenčného dokumentu,
Validity in Days,Platnosť v dňoch,
Bank Account Info,Informácie o bankovom účte,
Clauses and Conditions,Doložky a podmienky,
Other Details,Ďalšie podrobnosti,
Bank Guarantee Number,Číslo bankovej záruky,
Name of Beneficiary,Názov príjemcu,
Margin Money,Peňažná marža,
Charges Incurred,Vzniknuté náklady,
Fixed Deposit Number,Číslo pevného vkladu,
Account Currency,Mena účtu,
Select the Bank Account to reconcile.,"Vyberte bankový účet, ktorý chcete odsúhlasiť.",
Include Reconciled Entries,Zahrnúť zosúladené položky,
Get Payment Entries,Získanie platobných záznamov,
Payment Entries,Platobné položky,
Update Clearance Date,Aktualizácia dátumu zúčtovania,
Bank Reconciliation Detail,Detail bankového odsúhlasenia,
Cheque Number,Číslo šeku,
Cheque Date,Dátum šeku,
Statement Header Mapping,Mapovanie hlavičky výpisu,
Statement Headers,Hlavičky výkazov,
Transaction Data Mapping,Mapovanie údajov transakcií,
Mapped Items,Zmapované položky,
Bank Statement Settings Item,Nastavenia bankového výpisu Položka,
Mapped Header,Mapované záhlavie,
Bank Header,Záhlavie banky,
Bank Statement Transaction Entry,Zadávanie transakcií z bankového výpisu,
Bank Transaction Entries,Záznamy bankových transakcií,
New Transactions,Nové transakcie,
Match Transaction to Invoices,Priradenie transakcie k faktúram,
Create New Payment/Journal Entry,Vytvorenie novej platby/zápisu do denníka,
Submit/Reconcile Payments,Odoslanie/znovuobnovenie platieb,
Matching Invoices,Zodpovedajúce faktúry,
Payment Invoice Items,Položky platobnej faktúry,
Reconciled Transactions,Zosúhlasené transakcie,
Bank Statement Transaction Invoice Item,Bankový výpis Transakcia Faktúra Položka,
Payment Description,Popis platby,
Invoice Date,Dátum faktúry,
invoice,faktúra,
Bank Statement Transaction Payment Item,Bankový výpis Transakcia Platobná položka,
outstanding_amount,outstanding_amount,
Payment Reference,Platobný odkaz,
Bank Statement Transaction Settings Item,Nastavenia bankových transakcií Položka výpisu,
Bank Data,Bankové údaje,
Mapped Data Type,Mapovaný typ údajov,
Mapped Data,Zmapované údaje,
Bank Transaction,Bankové transakcie,
ACC-BTN-.YYYY.-,ACC-BTN-.YYYY.-,
Transaction ID,ID transakcie,
Unallocated Amount,Nepridelená suma,
Field in Bank Transaction,Pole v bankovej transakcii,
Column in Bank File,Stĺpec v bankovom súbore,
Bank Transaction Payments,Platby bankových transakcií,
Control Action,Kontrolná akcia,
Applicable on Material Request,Uplatňuje sa na žiadosť o materiál,
Action if Annual Budget Exceeded on MR,Opatrenia v prípade prekročenia ročného rozpočtu na MR,
Warn,Upozornenie,
Ignore,Ignorovať,
Action if Accumulated Monthly Budget Exceeded on MR,Akcia v prípade prekročenia kumulovaného mesačného rozpočtu na MR,
Applicable on Purchase Order,Uplatňuje sa na objednávku,
Action if Annual Budget Exceeded on PO,Opatrenia v prípade prekročenia ročného rozpočtu na PO,
Action if Accumulated Monthly Budget Exceeded on PO,Akcia v prípade prekročenia kumulovaného mesačného rozpočtu na PO,
Applicable on booking actual expenses,Uplatňuje sa pri účtovaní skutočných výdavkov,
Action if Annual Budget Exceeded on Actual,Opatrenie v prípade prekročenia ročného rozpočtu na základe skutočnosti,
Action if Accumulated Monthly Budget Exceeded on Actual,Akcia v prípade prekročenia kumulovaného mesačného rozpočtu v skutočnosti,
Budget Accounts,Rozpočtové účty,
Budget Account,Rozpočtový účet,
Budget Amount,Rozpočtová suma,
C-Form,Formulár C,
ACC-CF-.YYYY.-,ACC-CF-.YYYY.-,
C-Form No,Formulár C Nie,
Received Date,Dátum prijatia,
Quarter,Štvrtina,
I,I,
II,II,
III,III,
IV,IV,
C-Form Invoice Detail,Detail faktúry vo formulári C,
Invoice No,Číslo faktúry,
Cash Flow Mapper,Mapovač peňažných tokov,
Section Name,Názov sekcie,
Section Header,Záhlavie sekcie,
Section Leader,Vedúci sekcie,
e.g Adjustments for:,Napr. úpravy pre:,
Section Subtotal,Sekcia Medzisúčet,
Section Footer,Päta sekcie,
Cash Flow Mapping,Mapovanie peňažných tokov,
Select Maximum Of 1,Vyberte maximálne 1,
Is Finance Cost,Sú finančné náklady,
Is Working Capital,Je prevádzkový kapitál,
Is Finance Cost Adjustment,Je úprava finančných nákladov,
Is Income Tax Liability,Je daňová povinnosť z príjmu,
Is Income Tax Expense,Je výdavok na daň z príjmu,
Cash Flow Mapping Accounts,Účty mapovania peňažných tokov,
account,účet,
Cash Flow Mapping Template,Šablóna mapovania peňažných tokov,
Cash Flow Mapping Template Details,Šablóna mapovania peňažných tokov Podrobnosti,
POS-CLO-,POS-CLO-,
Custody,Opatrovníctvo,
Net Amount,Čistá suma,
Cashier Closing Payments,Záverečné platby v pokladni,
Chart of Accounts Importer,Importér účtovnej osnovy,
Import Chart of Accounts from a csv file,Importovať účtovnú osnovu zo súboru csv,
Attach custom Chart of Accounts file,Pripojenie vlastného súboru účtovnej osnovy,
Chart Preview,Náhľad grafu,
Chart Tree,Strom grafov,
Cheque Print Template,Šablóna na tlač šekov,
Has Print Format,Má formát tlače,
Primary Settings,Primárne nastavenia,
Cheque Size,Veľkosť šeku,
Regular,Pravidelné,
Starting position from top edge,Východisková poloha od horného okraja,
Cheque Width,Šírka šeku,
Cheque Height,Výška šeku,
Scanned Cheque,Naskenovaný šek,
Is Account Payable,Je účet splatný,
Distance from top edge,Vzdialenosť od horného okraja,
Distance from left edge,Vzdialenosť od ľavého okraja,
Message to show,Správa na zobrazenie,
Date Settings,Nastavenia dátumu,
Starting location from left edge,Východisková poloha od ľavého okraja,
Payer Settings,Nastavenia platiteľa,
Width of amount in word,Šírka sumy v slove,
Line spacing for amount in words,Medzery medzi riadkami pre množstvo v slovách,
Amount In Figure,Suma na obrázku,
Signatory Position,Signatár Pozícia,
Closed Document,Uzavretý dokument,
Track separate Income and Expense for product verticals or divisions.,Sledovanie samostatných príjmov a výdavkov pre vertikálne produkty alebo divízie.,
Cost Center Name,Názov nákladového strediska,
Parent Cost Center,Materské nákladové stredisko,
lft,lft,
rgt,rgt,
Coupon Code,Kód kupónu,
Coupon Name,Názov kupónu,
"e.g. ""Summer Holiday 2019 Offer 20""","napr. ""Letná dovolenka 2019 Ponuka 20""",
Coupon Type,Typ kupónu,
Promotional,Propagačné,
Gift Card,Darčeková karta,
unique e.g. SAVE20  To be used to get discount,"jedinečné, napr. SAVE20 Na získanie zľavy",
Validity and Usage,Platnosť a používanie,
Valid From,Platí od,
Valid Upto,Platí do,
Maximum Use,Maximálne využitie,
Used,Použité,
Coupon Description,Popis kupónu,
Discounted Invoice,Zvýhodnená faktúra,
Debit to,Zaúčtovanie na ťarchu,
Exchange Rate Revaluation,Prehodnotenie výmenného kurzu,
Get Entries,Získajte záznamy,
Exchange Rate Revaluation Account,Účet precenenia výmenného kurzu,
Total Gain/Loss,Celkový zisk/strata,
Balance In Account Currency,Zostatok v mene účtu,
Current Exchange Rate,Aktuálny výmenný kurz,
Balance In Base Currency,Zostatok v základnej mene,
New Exchange Rate,Nový výmenný kurz,
New Balance In Base Currency,Nový zostatok v základnej mene,
Gain/Loss,Zisk/strata,
**Fiscal Year** represents a Financial Year. All accounting entries and other major transactions are tracked against **Fiscal Year**.,**Fiškálny rok** predstavuje rozpočtový rok. Všetky účtovné záznamy a iné významné transakcie sa sledujú na základe **fiškálneho roka**.,
Year Name,Rok Názov,
"For e.g. 2012, 2012-13","Napr. 2012, 2012-13",
Year Start Date,Rok Dátum začiatku,
Year End Date,Dátum ukončenia roka,
Companies,Spoločnosti,
Auto Created,Automaticky vytvorené,
Stock User,Používateľ zásob,
Fiscal Year Company,Fiškálny rok Spoločnosť,
Debit Amount,Suma na ťarchu účtu,
Credit Amount,Výška úveru,
Debit Amount in Account Currency,Debetná suma v mene účtu,
Credit Amount in Account Currency,Suma na účte v mene účtu,
Voucher Detail No,Detail poukazu č.,
Is Opening,Je otvorenie,
Is Advance,Je Advance,
To Rename,Premenovanie,
GST Account,Účet GST,
CGST Account,Účet CGST,
SGST Account,Účet SGST,
IGST Account,Účet IGST,
CESS Account,Účet CESS,
Loan Start Date,Dátum začiatku pôžičky,
Loan Period (Days),Výpožičná lehota (dni),
Loan End Date,Dátum ukončenia pôžičky,
Bank Charges,Bankové poplatky,
Short Term Loan Account,Krátkodobý úverový účet,
Bank Charges Account,Účet bankových poplatkov,
Accounts Receivable Credit Account,Kreditný účet pohľadávok,
Accounts Receivable Discounted Account,Pohľadávky Diskontovaný účet,
Accounts Receivable Unpaid Account,Nezaplatené pohľadávky,
Item Tax Template,Šablóna dane z položky,
Tax Rates,Sadzby dane,
Item Tax Template Detail,Detail šablóny dane z položky,
Entry Type,Typ záznamu,
Inter Company Journal Entry,Zápis do vnútropodnikového denníka,
Bank Entry,Vstup do banky,
Cash Entry,Zadávanie hotovosti,
Credit Card Entry,Zadanie kreditnej karty,
Contra Entry,Kontra vstup,
Excise Entry,Vstup do systému spotrebných daní,
Write Off Entry,Zápis na odpis,
Opening Entry,Úvodný vstup,
ACC-JV-.YYYY.-,ACC-JV-.YYYY.-,
Accounting Entries,Účtovné záznamy,
Total Debit,Celkom Debet,
Total Credit,Celkový kredit,
Difference (Dr - Cr),Rozdiel (Dr - Cr),
Make Difference Entry,Záznam o rozdieloch,
Total Amount Currency,Celková suma Mena,
Total Amount in Words,Celková suma v slovách,
Remark,Poznámka,
Paid Loan,Splatená pôžička,
Inter Company Journal Entry Reference,Odkaz na zápis do vnútropodnikového denníka,
Write Off Based On,Odpis na základe,
Get Outstanding Invoices,Získať neuhradené faktúry,
Write Off Amount,Odpisovaná suma,
Printing Settings,Nastavenia tlače,
Pay To / Recd From,Platba na / Odber z,
Payment Order,Platobný príkaz,
Subscription Section,Sekcia predplatného,
Journal Entry Account,Účty zápisov do denníka,
Account Balance,Zostatok účtu,
Party Balance,Bilancia strany,
Accounting Dimensions,Rozmery účtovníctva,
If Income or Expense,Ak príjem alebo výdavok,
Exchange Rate,Výmenný kurz,
Debit in Company Currency,Debet v mene spoločnosti,
Credit in Company Currency,Úver v mene spoločnosti,
Payroll Entry,Zadávanie miezd,
Employee Advance,Záloha pre zamestnancov,
Reference Due Date,Referenčný dátum splatnosti,
Loyalty Program Tier,Úroveň vernostného programu,
Redeem Against,Vykúpiť proti,
Expiry Date,Dátum skončenia platnosti,
Loyalty Point Entry Redemption,Redemácia vstupného vernostného bodu,
Redemption Date,Dátum splatnosti,
Redeemed Points,Uplatnené body,
Loyalty Program Name,Názov vernostného programu,
Loyalty Program Type,Typ vernostného programu,
Single Tier Program,Jednoúrovňový program,
Multiple Tier Program,Viacúrovňový program,
Customer Territory,Územie zákazníka,
Auto Opt In (For all customers),Automatické prihlásenie (pre všetkých zákazníkov),
Collection Tier,Úroveň zberu,
Collection Rules,Pravidlá zberu,
Redemption,Vykúpenie,
Conversion Factor,Konverzný faktor,
1 Loyalty Points = How much base currency?,1 Vernostné body = koľko základnej meny?,
Expiry Duration (in days),Trvanie platnosti (v dňoch),
Help Section,Sekcia pomoci,
Loyalty Program Help,Pomoc pri vernostnom programe,
Loyalty Program Collection,Zber vernostných programov,
Tier Name,Názov úrovne,
Minimum Total Spent,Minimálna celková vynaložená suma,
Collection Factor (=1 LP),Koeficient zberu (=1 LP),
For how much spent = 1 Loyalty Point,Za koľko ste minuli = 1 vernostný bod,
Mode of Payment Account,Spôsob platby Účet,
Default Account,Predvolený účet,
Default account will be automatically updated in POS Invoice when this mode is selected.,"Predvolený účet sa automaticky aktualizuje vo faktúre POS, keď je zvolený tento režim.",
**Monthly Distribution** helps you distribute the Budget/Target across months if you have seasonality in your business.,"**Mesačné rozdelenie** vám pomôže rozdeliť rozpočet/cieľ na jednotlivé mesiace, ak máte v podnikaní sezónnosť.",
Distribution Name,Názov distribúcie,
Name of the Monthly Distribution,Názov mesačnej distribúcie,
Monthly Distribution Percentages,Mesačné percentá distribúcie,
Monthly Distribution Percentage,Mesačné percento distribúcie,
Percentage Allocation,Percentuálne pridelenie,
Create Missing Party,Vytvoriť chýbajúcu stranu,
Create missing customer or supplier.,Vytvorenie chýbajúceho zákazníka alebo dodávateľa.,
Opening Invoice Creation Tool Item,Otvorenie nástroja na vytváranie faktúr Položka,
Temporary Opening Account,Dočasné otvorenie účtu,
Party Account,Účet strany,
Type of Payment,Typ platby,
ACC-PAY-.YYYY.-,ACC-PAY-.YYYY.-,
Receive,Príjem,
Internal Transfer,Interný prenos,
Payment Order Status,Stav platobného príkazu,
Payment Ordered,Objednaná platba,
Payment From / To,Platba od / do,
Company Bank Account,Bankový účet spoločnosti,
Party Bank Account,Bankový účet strany,
Account Paid From,Účet zaplatený z,
Account Paid To,"Účet, na ktorý sa platí",
Paid Amount (Company Currency),Vyplatená suma (mena spoločnosti),
Received Amount,Prijatá suma,
Received Amount (Company Currency),Prijatá suma (mena spoločnosti),
Get Outstanding Invoice,Získať neuhradenú faktúru,
Payment References,Platobné odkazy,
Writeoff,Odpis,
Total Allocated Amount,Celková pridelená suma,
Total Allocated Amount (Company Currency),Celková pridelená suma (mena spoločnosti),
Set Exchange Gain / Loss,Nastavenie kurzových ziskov/strát,
Difference Amount (Company Currency),Suma rozdielu (mena spoločnosti),
Write Off Difference Amount,Suma odpisovaného rozdielu,
Deductions or Loss,Odpočty alebo straty,
Payment Deductions or Loss,Zrážky alebo straty z platieb,
Cheque/Reference Date,Dátum šeku/odkazu,
Payment Entry Deduction,Odpočet pri zadávaní platby,
Payment Entry Reference,Referencia platobného záznamu,
Allocated,Pridelené,
Payment Gateway Account,Účet platobnej brány,
Payment Account,Platobný účet,
Default Payment Request Message,Predvolená správa o žiadosti o platbu,
PMO-,PMO-,
Payment Order Type,Typ platobného príkazu,
Payment Order Reference,Referencia platobného príkazu,
Bank Account Details,Údaje o bankovom účte,
Payment Reconciliation,Zosúhlasenie platieb,
Receivable / Payable Account,Účet pohľadávok/záväzkov,
Bank / Cash Account,Bankový účet / účet v hotovosti,
From Invoice Date,Od dátumu faktúry,
To Invoice Date,Do dátumu faktúry,
Minimum Invoice Amount,Minimálna fakturovaná suma,
Maximum Invoice Amount,Maximálna výška faktúry,
System will fetch all the entries if limit value is zero.,"Systém načíta všetky záznamy, ak je hodnota limitu nulová.",
Get Unreconciled Entries,Získanie nezhodných záznamov,
Unreconciled Payment Details,Podrobnosti o nezrovnalostiach v platbách,
Invoice/Journal Entry Details,Podrobnosti o faktúre/zápise do denníka,
Payment Reconciliation Invoice,Zosúhlasenie platieb Faktúra,
Invoice Number,Číslo faktúry,
Payment Reconciliation Payment,Zosúladenie platieb Platba,
Reference Row,Referenčný riadok,
Allocated amount,Pridelená suma,
Payment Request Type,Typ žiadosti o platbu,
Outward,Vonkajšie,
Inward,Dovnútra,
ACC-PRQ-.YYYY.-,ACC-PRQ-.YYYY.-,
Transaction Details,Podrobnosti o transakcii,
Amount in customer's currency,Suma v mene zákazníka,
Is a Subscription,Je predplatné,
Transaction Currency,Mena transakcie,
Subscription Plans,Plány predplatného,
SWIFT Number,Číslo SWIFT,
Recipient Message And Payment Details,Správa pre príjemcu a podrobnosti o platbe,
Make Sales Invoice,Zostavte faktúru za predaj,
Mute Email,Stlmenie e-mailu,
payment_url,payment_url,
Payment Gateway Details,Podrobnosti o platobnej bráne,
Payment Schedule,Harmonogram platieb,
Invoice Portion,Časť faktúry,
Payment Amount,Výška platby,
Payment Term Name,Názov platobného termínu,
Due Date Based On,Dátum splatnosti na základe,
Day(s) after invoice date,Deň(y) po dátume faktúry,
Day(s) after the end of the invoice month,Deň(y) po skončení fakturačného mesiaca,
Month(s) after the end of the invoice month,Mesiac(y) po skončení fakturačného mesiaca,
Credit Days,Kreditné dni,
Credit Months,Úverové mesiace,
Allocate Payment Based On Payment Terms,Prideľovanie platieb na základe platobných podmienok,
"If this checkbox is checked, paid amount will be splitted and allocated as per the amounts in payment schedule against each payment term","Ak je toto začiarkavacie políčko začiarknuté, zaplatená suma sa rozdelí a pridelí podľa súm v rozvrhu platieb na každý termín platby.",
Payment Terms Template Detail,Šablóna platobných podmienok Detail,
Closing Fiscal Year,Záverečný fiškálny rok,
Closing Account Head,Vedúci záverečného účtu,
"The account head under Liability or Equity, in which Profit/Loss will be booked","Účtovná položka v rámci pasív alebo vlastného imania, na ktorej sa zaúčtuje zisk/strata",
POS Customer Group,Skupina zákazníkov POS,
POS Field,Pole POS,
POS Item Group,Skupina položiek POS,
Company Address,Adresa spoločnosti,
Update Stock,Aktualizácia zásob,
Ignore Pricing Rule,Ignorovanie pravidla o cenách,
Applicable for Users,Platí pre používateľov,
Sales Invoice Payment,Platba predajnej faktúry,
Item Groups,Skupiny položiek,
Only show Items from these Item Groups,Zobraziť len položky z týchto skupín položiek,
Customer Groups,Skupiny zákazníkov,
Only show Customer of these Customer Groups,Zobraziť len zákazníka týchto skupín zákazníkov,
Write Off Account,Odpisový účet,
Write Off Cost Center,Odpisové nákladové stredisko,
Account for Change Amount,Účet pre zmenu Suma,
Taxes and Charges,Dane a poplatky,
Apply Discount On,Uplatniť zľavu na,
POS Profile User,Používateľ profilu POS,
Apply On,Aplikujte na,
Price or Product Discount,Zľava na cenu alebo produkt,
Apply Rule On Item Code,Uplatniť pravidlo na kód položky,
Apply Rule On Item Group,Použiť pravidlo na skupinu položiek,
Apply Rule On Brand,Uplatniť pravidlo o značke,
Mixed Conditions,Zmiešané podmienky,
Conditions will be applied on all the selected items combined.,Podmienky sa uplatnia na všetky vybrané položky spolu.,
Is Cumulative,Je kumulatívny,
Coupon Code Based,Kód kupónu,
Discount on Other Item,Zľava na inú položku,
Apply Rule On Other,Použiť pravidlo na iné,
Party Information,Informácie o strane,
Quantity and Amount,Množstvo a suma,
Min Qty,Min. množstvo,
Max Qty,Max. množstvo,
Min Amt,Min. suma,
Max Amt,Max Amt,
Period Settings,Nastavenia obdobia,
Margin,Margin,
Margin Type,Typ marže,
Margin Rate or Amount,Sadzba alebo suma marže,
Price Discount Scheme,Systém cenových zliav,
Rate or Discount,Sadzba alebo zľava,
Discount Percentage,Percentuálna zľava,
Discount Amount,Výška zľavy,
For Price List,Pre cenník,
Product Discount Scheme,Systém zliav na výrobky,
Same Item,Tá istá položka,
Free Item,Bezplatná položka,
Threshold for Suggestion,Prahová hodnota pre návrh,
System will notify to increase or decrease quantity or amount,Systém oznámi zvýšenie alebo zníženie množstva alebo sumy,
"Higher the number, higher the priority",Vyššie číslo znamená vyššiu prioritu,
Apply Multiple Pricing Rules,Uplatnenie viacerých pravidiel tvorby cien,
Apply Discount on Rate,Uplatniť zľavu na sadzbu,
Validate Applied Rule,Overenie aplikovaného pravidla,
Rule Description,Popis pravidla,
Pricing Rule Help,Pomocník pre pravidlá tvorby cien,
Promotional Scheme Id,Propagačná schéma Id,
Promotional Scheme,Propagačný program,
Pricing Rule Brand,Cenové pravidlo Značka,
Pricing Rule Detail,Podrobnosti o pravidle stanovenia ceny,
Child Docname,Meno dieťaťa Docname,
Rule Applied,Uplatnené pravidlo,
Pricing Rule Item Code,Cenové pravidlo Kód položky,
Pricing Rule Item Group,Skupina položiek cenového pravidla,
Price Discount Slabs,Cenová zľava Dosky,
Promotional Scheme Price Discount,Propagačný program Zľava z ceny,
Product Discount Slabs,Produkt Zľava dosky,
Promotional Scheme Product Discount,Propagačná schéma Zľava na produkty,
Min Amount,Minimálna suma,
Max Amount,Maximálna suma,
Discount Type,Typ zľavy,
ACC-PINV-.YYYY.-,ACC-PINV-.YYYY.-,
Tax Withholding Category,Kategória zrážkovej dane,
Edit Posting Date and Time,Upraviť dátum a čas odoslania,
Is Paid,Je zaplatené,
Is Return (Debit Note),Je výnos (debetná poznámka),
Apply Tax Withholding Amount,Uplatniť sumu zrážkovej dane,
Accounting Dimensions,Rozmery účtovníctva,
Supplier Invoice Details,Podrobnosti o faktúre dodávateľa,
Supplier Invoice Date,Dátum faktúry dodávateľa,
Return Against Purchase Invoice,Vrátenie oproti nákupnej faktúre,
Select Supplier Address,Vyberte adresu dodávateľa,
Contact Person,Kontaktná osoba,
Select Shipping Address,Vyberte adresu prepravy,
Currency and Price List,Mena a cenník,
Price List Currency,Cenník Mena,
Price List Exchange Rate,Cenník Výmenný kurz,
Set Accepted Warehouse,Súbor Prijaté skladisko,
Rejected Warehouse,Odmietnutý sklad,
Warehouse where you are maintaining stock of rejected items,"Sklad, v ktorom udržiavate zásoby vyradených položiek",
Raw Materials Supplied,Dodané suroviny,
Supplier Warehouse,Sklad dodávateľa,
Pricing Rules,Pravidlá tvorby cien,
Supplied Items,Dodané položky,
Total (Company Currency),Spolu (mena spoločnosti),
Net Total (Company Currency),Čistá suma (mena spoločnosti),
Total Net Weight,Celková čistá hmotnosť,
Shipping Rule,Pravidlo prepravy,
Purchase Taxes and Charges Template,Šablóna daní a poplatkov pri nákupe,
Purchase Taxes and Charges,Dane a poplatky pri nákupe,
Tax Breakup,Rozdelenie daní,
Taxes and Charges Calculation,Výpočet daní a poplatkov,
Taxes and Charges Added (Company Currency),Pridané dane a poplatky (mena spoločnosti),
Taxes and Charges Deducted (Company Currency),Odpočítané dane a poplatky (mena spoločnosti),
Total Taxes and Charges (Company Currency),Dane a poplatky spolu (v mene spoločnosti),
Taxes and Charges Added,Pridané dane a poplatky,
Taxes and Charges Deducted,Odpočítané dane a poplatky,
Total Taxes and Charges,Dane a poplatky spolu,
Additional Discount,Dodatočná zľava,
Apply Additional Discount On,Uplatniť dodatočnú zľavu na,
Additional Discount Amount (Company Currency),Dodatočná suma zľavy (mena spoločnosti),
Additional Discount Percentage,Ďalšie percento zľavy,
Additional Discount Amount,Dodatočná výška zľavy,
Grand Total (Company Currency),Celková suma (mena spoločnosti),
Rounding Adjustment (Company Currency),Úprava zaokrúhľovania (mena spoločnosti),
Rounded Total (Company Currency),Zaokrúhlená suma (mena spoločnosti),
In Words (Company Currency),V slovách (mena spoločnosti),
Rounding Adjustment,Úprava zaokrúhľovania,
In Words,Slovami,
Total Advance,Celková záloha,
Disable Rounded Total,Zakázať Zaokrúhlený súčet,
Cash/Bank Account,Hotovosť/bankový účet,
Write Off Amount (Company Currency),Odpisovaná suma (mena spoločnosti),
Set Advances and Allocate (FIFO),Nastavenie záloh a prideľovanie (FIFO),
Get Advances Paid,Získajte vyplatené zálohy,
Advances,Zálohy,
Terms,Podmienky,
Terms and Conditions1,Podmienky a ustanovenia1,
Group same items,Skupina rovnakých položiek,
Print Language,Jazyk tlače,
"Once set, this invoice will be on hold till the set date",Po nastavení bude táto faktúra pozastavená do stanoveného dátumu.,
Credit To,Úver na,
Party Account Currency,Účet strany Mena,
Against Expense Account,Proti účtu nákladov,
Inter Company Invoice Reference,Odkaz na faktúru medzi spoločnosťami,
Is Internal Supplier,Je interný dodávateľ,
Start date of current invoice's period,Dátum začiatku obdobia aktuálnej faktúry,
End date of current invoice's period,Dátum konca obdobia aktuálnej faktúry,
Update Auto Repeat Reference,Aktualizácia odkazu na automatické opakovanie,
Purchase Invoice Advance,Preddavok na nákupnú faktúru,
Purchase Invoice Item,Položka nákupnej faktúry,
Quantity and Rate,Množstvo a sadzba,
Received Qty,Prijaté množstvo,
Accepted Qty,Prijaté množstvo,
Rejected Qty,Odmietnuté množstvo,
UOM Conversion Factor,Konverzný faktor UOM,
Discount on Price List Rate (%),Zľava z cenníkovej sadzby (%),
Price List Rate (Company Currency),Cenníková sadzba (mena spoločnosti),
Rate,Hodnotenie,
Rate (Company Currency),Sadzba (mena spoločnosti),
Amount (Company Currency),Suma (mena spoločnosti),
Is Free Item,Je bezplatná položka,
Net Rate,Čistá sadzba,
Net Rate (Company Currency),Čistá sadzba (mena spoločnosti),
Net Amount (Company Currency),Čistá suma (mena spoločnosti),
Item Tax Amount Included in Value,Položka Suma dane zahrnutá v hodnote,
Landed Cost Voucher Amount,Suma poukazu na vyložené náklady,
Raw Materials Supplied Cost,Náklady na dodané suroviny,
Accepted Warehouse,Prijatý sklad,
Serial No,Sériové číslo,
Rejected Serial No,Odmietnuté sériové číslo,
Expense Head,Vedúci výdavkov,
Is Fixed Asset,Je dlhodobý majetok,
Asset Location,Umiestnenie majetku,
Deferred Expense,Výdavky budúcich období,
Deferred Expense Account,Účet nákladov budúcich období,
Service Stop Date,Dátum ukončenia služby,
Enable Deferred Expense,Povolenie výdavkov budúcich období,
Service Start Date,Dátum začatia služby,
Service End Date,Dátum ukončenia služby,
Allow Zero Valuation Rate,Povolenie nulovej sadzby ocenenia,
Item Tax Rate,Sadzba dane z položky,
Tax detail table fetched from item master as a string and stored in this field.\nUsed for Taxes and Charges,Tabuľka daňových údajov získaná z hlavnej položky ako reťazec a uložená v tomto poli.\nPoužíva sa pre dane a poplatky,
Purchase Order Item,Položka objednávky,
Purchase Receipt Detail,Detail potvrdenia o kúpe,
Item Weight Details,Podrobnosti o hmotnosti položky,
Weight Per Unit,Hmotnosť na jednotku,
Total Weight,Celková hmotnosť,
Weight UOM,Hmotnosť UOM,
Page Break,Prestávka na stránku,
Consider Tax or Charge for,Zvážiť daň alebo poplatok za,
Valuation and Total,Ocenenie a celková suma,
Valuation,Oceňovanie,
Add or Deduct,Pridajte alebo odpočítajte,
Deduct,Odpočet,
On Previous Row Amount,Na predchádzajúcom riadku Suma,
On Previous Row Total,Na predchádzajúcom riadku Spolu,
On Item Quantity,Na položku Množstvo,
Reference Row #,Referenčný riadok #,
Is this Tax included in Basic Rate?,Je táto daň zahrnutá v základnej sadzbe?,
"If checked, the tax amount will be considered as already included in the Print Rate / Print Amount","Ak je začiarknuté, suma dane sa bude považovať za už zahrnutú v sadzbe tlače / sume tlače",
Account Head,Vedúci účtu,
Tax Amount After Discount Amount,Suma dane po zľave Suma,
Item Wise Tax Detail,Detail dane podľa položky,
"Standard tax template that can be applied to all Purchase Transactions. This template can contain list of tax heads and also other expense heads like ""Shipping"", ""Insurance"", ""Handling"" etc.\n\n#### Note\n\nThe tax rate you define here will be the standard tax rate for all **Items**. If there are **Items** that have different rates, they must be added in the **Item Tax** table in the **Item** master.\n\n#### Description of Columns\n\n1. Calculation Type: \n    - This can be on **Net Total** (that is the sum of basic amount).\n    - **On Previous Row Total / Amount** (for cumulative taxes or charges). If you select this option, the tax will be applied as a percentage of the previous row (in the tax table) amount or total.\n    - **Actual** (as mentioned).\n2. Account Head: The Account ledger under which this tax will be booked\n3. Cost Center: If the tax / charge is an income (like shipping) or expense it needs to be booked against a Cost Center.\n4. Description: Description of the tax (that will be printed in invoices / quotes).\n5. Rate: Tax rate.\n6. Amount: Tax amount.\n7. Total: Cumulative total to this point.\n8. Enter Row: If based on ""Previous Row Total"" you can select the row number which will be taken as a base for this calculation (default is the previous row).\n9. Consider Tax or Charge for: In this section you can specify if the tax / charge is only for valuation (not a part of total) or only for total (does not add value to the item) or for both.\n10. Add or Deduct: Whether you want to add or deduct the tax.","Štandardná daňová šablóna, ktorú možno použiť na všetky nákupné transakcie. Táto šablóna môže obsahovať zoznam daňových položiek a tiež ďalšie nákladové položky, ako napríklad ""Doprava"", ""Poistenie"", ""Manipulácia"" atď.\n\n#### Poznámka\n\nSadzba dane, ktorú tu definujete, bude štandardnou sadzbou dane pre všetky **Položky**. Ak existujú **Položky**, ktoré majú iné sadzby, musia byť pridané do tabuľky **Daň z položky** v hlavnej položke **Položky**.\n\n#### Popis stĺpcov\n\n1. Typ výpočtu: \n - Môže byť na základe **čistej sumy** (t. j. súčtu základnej sumy).\n - **na základe predchádzajúceho riadku Celkom / Sumou** (pre kumulatívne dane alebo poplatky). Ak vyberiete túto možnosť, daň sa uplatní ako percento z predchádzajúceho riadku (v daňovej tabuľke) sumy alebo celkovej sumy.\n - **Skutočná** (ako bolo uvedené).\n2. Hlava účtu: Účtovná kniha, v rámci ktorej sa táto daň zaúčtuje\n3. Nákladové stredisko: Ak je daň/náklad príjmom (ako napr. preprava) alebo výdavkom, musí byť zaúčtovaná na nákladové stredisko.\n4. Popis: V prípade, že sa jedná o nákladový účet, je potrebné uviesť názov nákladového účtu: Popis dane (ktorý sa bude tlačiť na faktúrach / cenových ponukách).\n5. Sadzba: Sadzba dane.\n6. Suma: Sadzba dane: Sadzba dane.\n7. Spolu: Kumulatívna suma k tomuto bodu.\n8. Zadajte riadok: Ak vychádzate z ""Predchádzajúceho riadku spolu"", môžete vybrať číslo riadku, ktoré sa bude brať ako základ pre tento výpočet (predvolený je predchádzajúci riadok).\n9. Zohľadnite daň alebo poplatok za: V tejto časti môžete určiť, či sa daň/náklad vzťahuje len na ocenenie (nie je súčasťou celkovej sumy) alebo len na celkovú sumu (nepridáva hodnotu položke) alebo na oboje.\n10. Pripočítať alebo odpočítať: V tejto položke vyberte, či chcete daň pripočítať alebo odpočítať.",
ACC-SINV-.YYYY.-,ACC-SINV-.YYYY.-,
Include Payment (POS),Zahrnúť platbu (POS),
Offline POS Name,Názov offline POS,
Is Return (Credit Note),Je výnos (dobropis),
Return Against Sales Invoice,Vrátenie oproti faktúre za predaj,
Update Billed Amount in Sales Order,Aktualizácia fakturovanej sumy v objednávke predaja,
Customer PO Details,Podrobnosti o zákazníckej PO,
Customer's Purchase Order,Objednávka zákazníka,
Customer's Purchase Order Date,Dátum objednávky zákazníka,
Customer Address,Adresa zákazníka,
Shipping Address Name,Názov dodacej adresy,
Company Address Name,Adresa spoločnosti Názov,
Rate at which Customer Currency is converted to customer's base currency,"Kurz, podľa ktorého sa mena zákazníka prepočíta na základnú menu zákazníka",
Rate at which Price list currency is converted to customer's base currency,"Kurz, podľa ktorého sa mena cenníka prepočíta na základnú menu zákazníka",
Set Source Warehouse,Sada Zdrojový sklad,
Packing List,Baliaci zoznam,
Packed Items,Zabalené položky,
Product Bundle Help,Pomocník balíka produktov,
Time Sheet List,Zoznam časových hárkov,
Time Sheets,Časové hárky,
Total Billing Amount,Celková fakturačná suma,
Sales Taxes and Charges Template,Šablóna daní z predaja a poplatkov,
Sales Taxes and Charges,Dane z predaja a poplatky,
Loyalty Points Redemption,Uplatnenie vernostných bodov,
Redeem Loyalty Points,Uplatnenie vernostných bodov,
Redemption Account,Redemption účet,
Redemption Cost Center,Nákladové stredisko pre umorenie,
In Words will be visible once you save the Sales Invoice.,In Words sa zobrazí po uložení predajnej faktúry.,
Allocate Advances Automatically (FIFO),Automatické prideľovanie záloh (FIFO),
Get Advances Received,Získajte prijaté zálohy,
Base Change Amount (Company Currency),Základná suma zmeny (mena spoločnosti),
Write Off Outstanding Amount,Odpísanie dlžnej sumy,
Terms and Conditions Details,Podrobnosti o podmienkach,
Is Internal Customer,Je interný zákazník,
Is Discounted,Je zľavnený,
Unpaid and Discounted,Nezaplatené a zľavnené,
Overdue and Discounted,Oneskorené a zľavnené,
Accounting Details,Podrobnosti o účtovníctve,
Debit To,Na ťarchu účtu,
Is Opening Entry,Je otvárací vstup,
C-Form Applicable,Uplatniteľný formulár C,
Commission Rate (%),Sadzba provízie (%),
Sales Team1,Obchodný tím1,
Against Income Account,Proti príjmovému účtu,
Sales Invoice Advance,Preddavková faktúra za predaj,
Advance amount,Výška zálohy,
Sales Invoice Item,Položka faktúry za predaj,
Customer's Item Code,Kód položky zákazníka,
Brand Name,Názov značky,
Qty as per Stock UOM,Množstvo podľa zásob UOM,
Discount and Margin,Zľava a marža,
Rate With Margin,Sadzba s maržou,
Discount (%) on Price List Rate with Margin,Zľava (%) z cenníkovej sadzby s maržou,
Rate With Margin (Company Currency),Sadzba s maržou (mena spoločnosti),
Delivered By Supplier,Dodané dodávateľom,
Deferred Revenue,Výnosy budúcich období,
Deferred Revenue Account,Účet výnosov budúcich období,
Enable Deferred Revenue,Povolenie výnosov budúcich období,
Stock Details,Podrobnosti o zásobách,
Customer Warehouse (Optional),Zákaznícky sklad (voliteľné),
Available Batch Qty at Warehouse,Dostupné množstvo dávky v sklade,
Available Qty at Warehouse,Dostupné množstvo v sklade,
Delivery Note Item,Poznámka k dodaniu Položka,
Base Amount (Company Currency),Základná suma (mena spoločnosti),
Sales Invoice Timesheet,Časový výkaz faktúry za predaj,
Time Sheet,Časový hárok,
Billing Hours,Fakturačné hodiny,
Timesheet Detail,Detail časového rozvrhu,
Tax Amount After Discount Amount (Company Currency),Suma dane po zľave Suma (mena spoločnosti),
Item Wise Tax Detail,Detail dane podľa položky,
Parenttype,Typ rodiča,
"Standard tax template that can be applied to all Sales Transactions. This template can contain list of tax heads and also other expense / income heads like ""Shipping"", ""Insurance"", ""Handling"" etc.\n\n#### Note\n\nThe tax rate you define here will be the standard tax rate for all **Items**. If there are **Items** that have different rates, they must be added in the **Item Tax** table in the **Item** master.\n\n#### Description of Columns\n\n1. Calculation Type: \n    - This can be on **Net Total** (that is the sum of basic amount).\n    - **On Previous Row Total / Amount** (for cumulative taxes or charges). If you select this option, the tax will be applied as a percentage of the previous row (in the tax table) amount or total.\n    - **Actual** (as mentioned).\n2. Account Head: The Account ledger under which this tax will be booked\n3. Cost Center: If the tax / charge is an income (like shipping) or expense it needs to be booked against a Cost Center.\n4. Description: Description of the tax (that will be printed in invoices / quotes).\n5. Rate: Tax rate.\n6. Amount: Tax amount.\n7. Total: Cumulative total to this point.\n8. Enter Row: If based on ""Previous Row Total"" you can select the row number which will be taken as a base for this calculation (default is the previous row).\n9. Is this Tax included in Basic Rate?: If you check this, it means that this tax will not be shown below the item table, but will be included in the Basic Rate in your main item table. This is useful where you want give a flat price (inclusive of all taxes) price to customers.","Štandardná daňová šablóna, ktorú možno použiť na všetky predajné transakcie. Táto šablóna môže obsahovať zoznam daňových položiek a tiež ďalšie nákladové/príjmové položky, ako napríklad ""Doprava"", ""Poistenie"", ""Manipulácia"" atď.\n\n#### Poznámka\n\nSadzba dane, ktorú tu definujete, bude štandardnou sadzbou dane pre všetky **Položky**. Ak existujú **Položky**, ktoré majú iné sadzby, musia byť pridané do tabuľky **Daň z položky** v hlavnej položke **Položky**.\n\n#### Popis stĺpcov\n\n1. Typ výpočtu: \n - Môže byť na základe **čistej sumy** (t. j. súčtu základnej sumy).\n - **na základe predchádzajúceho riadku Celkom / Sumou** (pre kumulatívne dane alebo poplatky). Ak vyberiete túto možnosť, daň sa uplatní ako percento z predchádzajúceho riadku (v daňovej tabuľke) sumy alebo celkovej sumy.\n - **Skutočná** (ako bolo uvedené).\n2. Hlava účtu: Účtovná kniha, v rámci ktorej sa táto daň zaúčtuje\n3. Nákladové stredisko: Ak je daň/náklad príjmom (ako napr. preprava) alebo výdavkom, musí byť zaúčtovaná na nákladové stredisko.\n4. Popis: V prípade, že sa jedná o nákladový účet, je potrebné uviesť názov nákladového účtu: Popis dane (ktorý sa bude tlačiť na faktúrach / cenových ponukách).\n5. Sadzba: Sadzba dane.\n6. Suma: Sadzba dane: Sadzba dane.\n7. Spolu: Kumulatívna suma k tomuto bodu.\n8. Zadajte riadok: Ak vychádzate z ""Predchádzajúceho riadku spolu"", môžete vybrať číslo riadku, ktoré sa bude brať ako základ pre tento výpočet (predvolený je predchádzajúci riadok).\n9. Je táto daň zahrnutá v základnej sadzbe? Ak túto možnosť zaškrtnete, znamená to, že táto daň sa nebude zobrazovať pod tabuľkou položiek, ale bude zahrnutá do Základnej sadzby v hlavnej tabuľke položiek. To je užitočné v prípadoch, keď chcete zákazníkom poskytnúť jednotnú cenu (vrátane všetkých daní).",
* Will be calculated in the transaction.,* Vypočíta sa pri transakcii.,
From No,Od č,
To No,Na č,
Is Company,Je spoločnosť,
Current State,Súčasný stav,
Purchased,Zakúpené na,
From Shareholder,Od akcionára,
From Folio No,Z fólie č.,
To Shareholder,Akcionárovi,
To Folio No,K fóliu č.,
Equity/Liability Account,Účet vlastného imania/záväzkov,
Asset Account,Účet aktív,
(including),(vrátane),
ACC-SH-.YYYY.-,ACC-SH-.YYYY.-,
Folio no.,Folio č.,
Address and Contacts,Adresa a kontakty,
Contact List,Zoznam kontaktov,
Hidden list maintaining the list of contacts linked to Shareholder,"Skrytý zoznam, ktorý udržiava zoznam kontaktov prepojených s akcionárom",
Specify conditions to calculate shipping amount,Zadajte podmienky na výpočet sumy prepravy,
Shipping Rule Label,Štítok s pravidlom prepravy,
example: Next Day Shipping,príklad: Doprava nasledujúci deň,
Shipping Rule Type,Typ prepravného pravidla,
Shipping Account,Účet prepravy,
Calculate Based On,Výpočet na základe,
Fixed,Opravené,
Net Weight,Čistá hmotnosť,
Shipping Amount,Suma prepravy,
Shipping Rule Conditions,Podmienky pravidiel prepravy,
Restrict to Countries,Obmedzenie na krajiny,
Valid for Countries,Platí pre krajiny,
Shipping Rule Condition,Podmienka pravidla prepravy,
A condition for a Shipping Rule,Podmienka pre pravidlo prepravy,
From Value,Z hodnoty,
To Value,K hodnote,
Shipping Rule Country,Pravidlo prepravy Krajina,
Subscription Period,Obdobie predplatného,
Subscription Start Date,Dátum začiatku predplatného,
Cancelation Date,Dátum zrušenia,
Trial Period Start Date,Dátum začiatku skúšobného obdobia,
Trial Period End Date,Dátum ukončenia skúšobného obdobia,
Current Invoice Start Date,Aktuálny dátum začiatku fakturácie,
Current Invoice End Date,Dátum ukončenia aktuálnej faktúry,
Days Until Due,Dni do splatnosti,
Number of days that the subscriber has to pay invoices generated by this subscription,"Počet dní, počas ktorých má predplatiteľ zaplatiť faktúry vygenerované týmto predplatným",
Cancel At End Of Period,Zrušenie na konci obdobia,
Generate Invoice At Beginning Of Period,Generovanie faktúry na začiatku obdobia,
Plans,Plány,
Discounts,Zľavy,
Additional DIscount Percentage,Dodatočné percento DIscount,
Additional DIscount Amount,Dodatočná suma DIscount,
Subscription Invoice,Faktúra za predplatné,
Subscription Plan,Plán predplatného,
Cost,Náklady,
Billing Interval,Interval fakturácie,
Billing Interval Count,Počet fakturačných intervalov,
"Number of intervals for the interval field e.g if Interval is 'Days' and Billing Interval Count is 3, invoices will be generated every 3 days","Počet intervalov pre pole Interval, napr. ak je Interval ""Dni"" a počet fakturačných intervalov je 3, faktúry sa budú generovať každé 3 dni.",
Payment Plan,Platobný plán,
Subscription Plan Detail,Detail plánu predplatného,
Plan,Plán,
Subscription Settings,Nastavenia predplatného,
Grace Period,Obdobie odkladu,
Number of days after invoice date has elapsed before canceling subscription or marking subscription as unpaid,"Počet dní od dátumu faktúry, ktoré uplynuli pred zrušením predplatného alebo označením predplatného ako nezaplateného",
Prorate,Pomerná časť,
Tax Rule,Daňové pravidlo,
Tax Type,Typ dane,
Use for Shopping Cart,Použitie pre nákupný košík,
Billing City,Fakturačné mesto,
Billing County,Fakturačný okres,
Billing State,Fakturačný štát,
Billing Zipcode,Fakturačné PSČ,
Billing Country,Fakturačná krajina,
Shipping City,Prepravné mesto,
Shipping County,Prepravný okres,
Shipping State,Štát prepravy,
Shipping Zipcode,Poštové smerovacie číslo prepravy,
Shipping Country,Krajina prepravy,
Tax Withholding Account,Účet pre zrážkovú daň,
Tax Withholding Rates,Sadzby dane vyberanej zrážkou,
Rates,Sadzby,
Tax Withholding Rate,Sadzba dane vyberanej zrážkou,
Single Transaction Threshold,Prahová hodnota jednej transakcie,
Cumulative Transaction Threshold,Kumulatívna prahová hodnota transakcie,
Agriculture Analysis Criteria,Kritériá analýzy poľnohospodárstva,
Linked Doctype,Prepojený doku-typ,
Water Analysis,Analýza vody,
Soil Analysis,Analýza pôdy,
Plant Analysis,Analýza rastlín,
Fertilizer,Hnojivo,
Soil Texture,Textúra pôdy,
Weather,Počasie,
Agriculture Manager,Manažér pre poľnohospodárstvo,
Agriculture User,Poľnohospodársky používateľ,
Agriculture Task,Úloha v oblasti poľnohospodárstva,
Task Name,Názov úlohy,
Start Day,Deň začatia,
End Day,Deň ukončenia,
Holiday Management,Manažment dovolenky,
Ignore holidays,Ignorovanie sviatkov,
Previous Business Day,Predchádzajúci pracovný deň,
Next Business Day,Nasledujúci pracovný deň,
Urgent,Naliehavé,
Crop Name,Názov plodiny,
Scientific Name,Vedecký názov,
"You can define all the tasks which need to carried out for this crop here. The day field is used to mention the day on which the task needs to be carried out, 1 being the 1st day, etc.. ","Tu môžete definovať všetky úlohy, ktoré je potrebné vykonať pre túto plodinu. Pole deň sa používa na uvedenie dňa, v ktorom sa má úloha vykonať, pričom 1 je 1. deň atď.",
Crop Spacing,Rozstupy plodín,
Crop Spacing UOM,Vzdialenosť medzi plodinami UOM,
Row Spacing,Vzdialenosť medzi riadkami,
Row Spacing UOM,Rozstup riadkov UOM,
Perennial,Trvalka,
Biennial,Dvojročná,
Planting UOM,Výsadba UOM,
Planting Area,Oblasť výsadby,
Yield UOM,Výnos UOM,
Materials Required,Požadované materiály,
Produced Items,Vyrobené položky,
Produce,Produkovať,
Byproducts,Vedľajšie produkty,
Linked Location,Prepojené umiestnenie,
A link to all the Locations in which the Crop is growing,"Odkaz na všetky lokality, v ktorých sa pestuje plodina",
This will be day 1 of the crop cycle,Toto bude 1. deň cyklu plodín,
ISO 8601 standard,Norma ISO 8601,
Cycle Type,Typ cyklu,
Less than a year,Menej ako rok,
The minimum length between each plant in the field for optimum growth,Minimálna dĺžka medzi jednotlivými rastlinami na poli pre optimálny rast,
The minimum distance between rows of plants for optimum growth,Minimálna vzdialenosť medzi radmi rastlín pre optimálny rast,
Detected Diseases,Zistené choroby,
List of diseases detected on the field. When selected it'll automatically add a list of tasks to deal with the disease,Zoznam chorôb zistených na poli. Po výbere sa automaticky pridá zoznam úloh na riešenie choroby,
Detected Disease,Zistená choroba,
LInked Analysis,Analýza s atramentom,
Disease,Choroba,
Tasks Created,Vytvorené úlohy,
Common Name,Spoločný názov,
Treatment Task,Úloha liečby,
Treatment Period,Obdobie liečby,
Fertilizer Name,Názov hnojiva,
Density (if liquid),Hustota (ak je kvapalina),
Fertilizer Contents,Obsah hnojiva,
Fertilizer Content,Obsah hnojiva,
Linked Plant Analysis,Analýza prepojených rastlín,
Linked Soil Analysis,Prepojená analýza pôdy,
Linked Soil Texture,Prepojená textúra pôdy,
Collection Datetime,Dátum zberu,
Laboratory Testing Datetime,Dátum laboratórneho testovania,
Result Datetime,Dátum výsledku,
Plant Analysis Criterias,Kritériá analýzy rastlín,
Plant Analysis Criteria,Kritériá analýzy rastlín,
Minimum Permissible Value,Minimálna prípustná hodnota,
Maximum Permissible Value,Maximálna prípustná hodnota,
Ca/K,Ca/K,
Ca/Mg,Ca/Mg,
Mg/K,Mg/K,
(Ca+Mg)/K,(Ca+Mg)/K,
Ca/(K+Ca+Mg),Ca/(K+Ca+Mg),
Soil Analysis Criterias,Kritériá analýzy pôdy,
Soil Analysis Criteria,Kritériá analýzy pôdy,
Soil Type,Typ pôdy,
Loamy Sand,Hlinitý piesok,
Sandy Loam,Piesčitá hlina,
Loam,Hlina,
Silt Loam,Siltovitá hlina,
Sandy Clay Loam,Piesočnato-hlinitá hlina,
Clay Loam,Ílovitá hlina,
Silty Clay Loam,Ílovito-hlinitá hlina,
Sandy Clay,Sandy Clay,
Silty Clay,Siltovitý íl,
Clay Composition (%),Zloženie ílu (%),
Sand Composition (%),Zloženie piesku (%),
Silt Composition (%),Zloženie siltu (%),
Ternary Plot,Ternárny pozemok,
Soil Texture Criteria,Kritériá textúry pôdy,
Type of Sample,Typ vzorky,
Container,Kontajner,
Origin,Pôvod,
Collection Temperature,Teplota zberu,
Storage Temperature,Teplota skladovania,
Appearance,Vzhľad,
Person Responsible,Zodpovedná osoba,
Water Analysis Criteria,Kritériá analýzy vody,
Weather Parameter,Parameter počasia,
ACC-ASS-.YYYY.-,ACC-ASS-.YYYY.-,
Asset Owner,Vlastník majetku,
Asset Owner Company,Vlastník aktív Spoločnosť,
Custodian,Správca,
Disposal Date,Dátum likvidácie,
Journal Entry for Scrap,Zápis do denníka pre šrot,
Available-for-use Date,Dátum k dispozícii na použitie,
Calculate Depreciation,Výpočet odpisov,
Allow Monthly Depreciation,Povolenie mesačných odpisov,
Number of Depreciations Booked,Počet zaúčtovaných odpisov,
Finance Books,Finančné knihy,
Straight Line,Priama čiara,
Double Declining Balance,Dvojitá klesajúca rovnováha,
Manual,Manuálne,
Value After Depreciation,Hodnota po odpisoch,
Total Number of Depreciations,Celkový počet odpisov,
Frequency of Depreciation (Months),Frekvencia odpisovania (mesiace),
Next Depreciation Date,Dátum nasledujúceho odpisu,
Depreciation Schedule,Odpisový plán,
Depreciation Schedules,Odpisové plány,
Insurance details,Podrobnosti o poistení,
Policy number,Číslo poistnej zmluvy,
Insurer,Poisťovateľ,
Insured value,Poistná hodnota,
Insurance Start Date,Dátum začiatku poistenia,
Insurance End Date,Dátum ukončenia poistenia,
Comprehensive Insurance,Komplexné poistenie,
Maintenance Required,Potrebná údržba,
Check if Asset requires Preventive Maintenance or Calibration,"Skontrolujte, či majetok vyžaduje preventívnu údržbu alebo kalibráciu",
Booked Fixed Asset,Zaúčtovaný dlhodobý majetok,
Purchase Receipt Amount,Suma potvrdenia o kúpe,
Default Finance Book,Finančná kniha o zlyhaní,
Quality Manager,Manažér kvality,
Asset Category Name,Názov kategórie aktív,
Depreciation Options,Možnosti odpisovania,
Enable Capital Work in Progress Accounting,Umožniť účtovanie nedokončenej výroby,
Finance Book Detail,Detail finančnej knihy,
Asset Category Account,Účet kategórie aktív,
Fixed Asset Account,Účet dlhodobého majetku,
Accumulated Depreciation Account,Účet akumulovaných odpisov,
Depreciation Expense Account,Účet nákladov na odpisy,
Capital Work In Progress Account,Účet nedokončenej výroby,
Asset Finance Book,Kniha o financovaní aktív,
Written Down Value,Odpísaná hodnota,
Expected Value After Useful Life,Očakávaná hodnota po skončení životnosti,
Rate of Depreciation,Sadzba odpisov,
In Percentage,V percentách,
Maintenance Team,Tím údržby,
Maintenance Manager Name,Meno manažéra údržby,
Maintenance Tasks,Úlohy údržby,
Manufacturing User,Výrobný používateľ,
Asset Maintenance Log,Denník údržby majetku,
ACC-AML-.YYYY.-,ACC-AML-.YYYY.-,
Maintenance Type,Typ údržby,
Maintenance Status,Stav údržby,
Planned,Plánované,
Has Certificate,Má certifikát,
Certificate,Certifikát,
Actions performed,Vykonané činnosti,
Asset Maintenance Task,Úloha údržby majetku,
Maintenance Task,Úloha údržby,
Preventive Maintenance,Preventívna údržba,
Calibration,Kalibrácia,
2 Yearly,2 ročne,
Certificate Required,Požadovaný certifikát,
Assign to Name,Priradiť k názvu,
Next Due Date,Dátum nasledujúceho termínu,
Last Completion Date,Dátum posledného dokončenia,
Asset Maintenance Team,Tím údržby majetku,
Maintenance Team Name,Názov tímu údržby,
Maintenance Team Members,Členovia tímu údržby,
Purpose,Účel,
Stock Manager,Manažér zásob,
Asset Movement Item,Pohyb aktív Položka,
Source Location,Zdroj Umiestnenie,
From Employee,Od zamestnanca,
Target Location,Cieľová lokalita,
To Employee,Zamestnancovi,
Asset Repair,Oprava majetku,
ACC-ASR-.YYYY.-,ACC-ASR-.YYYY.-,
Failure Date,Dátum zlyhania,
Assign To Name,Priradiť k názvu,
Repair Status,Stav opravy,
Error Description,Popis chyby,
Downtime,Prestoje,
Repair Cost,Náklady na opravu,
Manufacturing Manager,Vedúci výroby,
Current Asset Value,Aktuálna hodnota aktív,
New Asset Value,Hodnota nového majetku,
Make Depreciation Entry,Záznam odpisov,
Finance Book Id,Finančná kniha Id,
Location Name,Názov lokality,
Parent Location,Umiestnenie rodiča,
Is Container,Je kontajner,
Check if it is a hydroponic unit,"Skontrolujte, či ide o hydroponickú jednotku",
Location Details,Podrobnosti o polohe,
Latitude,Zemepisná šírka,
Longitude,Zemepisná dĺžka,
Area,Oblasť,
Area UOM,Oblasť UOM,
Tree Details,Podrobnosti o strome,
Maintenance Team Member,Člen tímu údržby,
Team Member,Člen tímu,
Maintenance Role,Úloha údržby,
Buying Settings,Nastavenia nákupu,
Settings for Buying Module,Nastavenia pre modul nákupu,
Supplier Naming By,Pomenovanie dodávateľa podľa,
Default Supplier Group,Predvolená skupina dodávateľov,
Default Buying Price List,Predvolený nákupný cenník,
Backflush Raw Materials of Subcontract Based On,Spätné preplachovanie surovín zo subdodávateľskej zmluvy na základe,
Material Transferred for Subcontract,Materiál prevedený na subdodávku,
Over Transfer Allowance (%),Prekročenie príspevku na prevod (%),
Percentage you are allowed to transfer more against the quantity ordered. For example: If you have ordered 100 units. and your Allowance is 10% then you are allowed to transfer 110 units.,"Percentuálne môžete previesť viac oproti objednanému množstvu. Napríklad: Ak ste si objednali 100 jednotiek a váš príspevok je 10 %, potom môžete previesť 110 jednotiek.",
PUR-ORD-.YYYY.-,PUR-ORD-.YYYY.-,
Get Items from Open Material Requests,Získavanie položiek z otvorených žiadostí o materiál,
Fetch items based on Default Supplier.,Získavanie položiek na základe predvoleného dodávateľa.,
Required By,Požadované podľa,
Order Confirmation No,Potvrdenie objednávky č.,
Order Confirmation Date,Dátum potvrdenia objednávky,
Customer Mobile No,Mobilné číslo zákazníka,
Customer Contact Email,Kontaktný e-mail zákazníka,
Set Target Warehouse,Nastavenie cieľového skladu,
Sets 'Warehouse' in each row of the Items table.,Nastaví 'Warehouse' v každom riadku tabuľky položiek.,
Supply Raw Materials,Dodávka surovín,
Purchase Order Pricing Rule,Pravidlo pre stanovenie ceny v objednávke,
Set Reserve Warehouse,Nastaviť rezervný sklad,
In Words will be visible once you save the Purchase Order.,V slovách sa zobrazia po uložení objednávky.,
Advance Paid,Zaplatená záloha,
Tracking,Sledovanie,
% Billed,% vyúčtovaných,
% Received,Prijaté %,
Ref SQ,Ref SQ,
Inter Company Order Reference,Referencia objednávky medzi spoločnosťami,
Supplier Part Number,Číslo dielu dodávateľa,
Billed Amt,Účtovaná suma,
Warehouse and Reference,Sklad a referencie,
To be delivered to customer,Dodáva sa zákazníkovi,
Material Request Item,Položka žiadosti o materiál,
Supplier Quotation Item,Cenová ponuka dodávateľa Položka,
Against Blanket Order,Proti hromadnej objednávke,
Blanket Order,Blanketová objednávka,
Blanket Order Rate,Sadzba za hromadnú objednávku,
Returned Qty,Vrátené množstvo,
Purchase Order Item Supplied,Objednávka Dodaná položka,
BOM Detail No,BOM Detail č.,
Stock Uom,Zásoby Uom,
Raw Material Item Code,Suroviny Kód položky,
Supplied Qty,Dodávané množstvo,
Purchase Receipt Item Supplied,Doklad o kúpe Dodaná položka,
Current Stock,Aktuálne zásoby,
PUR-RFQ-.YYYY.-,PUR-RFQ-.YYYY.-,
For individual supplier,Pre jednotlivých dodávateľov,
Link to Material Requests,Prepojenie na žiadosti o materiál,
Message for Supplier,Správa pre dodávateľa,
Request for Quotation Item,Žiadosť o cenovú ponuku Položka,
Required Date,Požadovaný dátum,
Request for Quotation Supplier,Žiadosť o cenovú ponuku Dodávateľ,
Send Email,Odoslať e-mail,
Quote Status,Stav citácie,
Download PDF,Stiahnuť PDF,
Supplier of Goods or Services.,Dodávateľ tovaru alebo služieb.,
Name and Type,Názov a typ,
SUP-.YYYY.-,SUP-.YYYY.-,
Default Bank Account,Predvolený bankový účet,
Is Transporter,Je transportér,
Represents Company,Zastupuje spoločnosť,
Supplier Type,Typ dodávateľa,
Allow Purchase Invoice Creation Without Purchase Order,Povolenie vytvárania nákupných faktúr bez objednávky,
Allow Purchase Invoice Creation Without Purchase Receipt,Povolenie vytvárania nákupných faktúr bez potvrdenia o nákupe,
Warn RFQs,Varovanie RFQ,
Warn POs,Upozorniť PO,
Prevent RFQs,Predchádzanie RFQ,
Prevent POs,Predchádzanie PO,
Billing Currency,Fakturačná mena,
Default Payment Terms Template,Šablóna predvolených platobných podmienok,
Block Supplier,Dodávateľ bloku,
Hold Type,Typ podržania,
Leave blank if the Supplier is blocked indefinitely,"Nechajte prázdne, ak je dodávateľ zablokovaný na neurčito",
Default Payable Accounts,Predvolené účty záväzkov,
Mention if non-standard payable account,"Uveďte, ak ide o neštandardný splatný účet",
Default Tax Withholding Config,Predvolená konfigurácia zrážkovej dane,
Supplier Details,Podrobnosti o dodávateľovi,
Statutory info and other general information about your Supplier,Zákonné informácie a ďalšie všeobecné informácie o vašom dodávateľovi,
PUR-SQTN-.YYYY.-,PUR-SQTN-.YYYY.-,
Supplier Address,Adresa dodávateľa,
Link to material requests,Prepojenie na žiadosti o materiál,
Rounding Adjustment (Company Currency,Zaokrúhľovacia úprava (mena spoločnosti,
Auto Repeat Section,Sekcia automatického opakovania,
Is Subcontracted,Je subdodávateľom,
Lead Time in days,Doba realizácie v dňoch,
Supplier Score,Skóre dodávateľa,
Indicator Color,Farba indikátora,
Evaluation Period,Hodnotiace obdobie,
Per Week,Za týždeň,
Per Month,Za mesiac,
Per Year,Za rok,
Scoring Setup,Nastavenie bodovania,
Weighting Function,Váhová funkcia,
"Scorecard variables can be used, as well as:\n{total_score} (the total score from that period),\n{period_number} (the number of periods to present day)\n","Môžu sa použiť premenné z bodového hodnotenia, ako aj:\n{total_score} (celkové skóre z daného obdobia),\n{číslo_obdobia} (počet období do dnešného dňa)\n",
Scoring Standings,Poradie v bodovaní,
Criteria Setup,Nastavenie kritérií,
Load All Criteria,Načítanie všetkých kritérií,
Scoring Criteria,Kritériá bodovania,
Scorecard Actions,Akcie hodnotiacej tabuľky,
Warn for new Request for Quotations,Upozornenie na novú žiadosť o cenovú ponuku,
Warn for new Purchase Orders,Upozorniť na nové objednávky,
Notify Supplier,Upozorniť dodávateľa,
Notify Employee,Upozorniť zamestnanca,
Supplier Scorecard Criteria,Kritériá hodnotiacej karty dodávateľa,
Criteria Name,Kritérium Názov,
Max Score,Maximálne skóre,
Criteria Formula,Vzorec kritérií,
Criteria Weight,Kritérium Váha,
Supplier Scorecard Period,Obdobie hodnotenia dodávateľov,
PU-SSP-.YYYY.-,PU-SSP-.YYYY.-,
Period Score,Obdobie Skóre,
Calculations,Výpočty,
Criteria,Kritériá,
Variables,Premenné,
Supplier Scorecard Setup,Nastavenie hodnotiacej karty dodávateľa,
Supplier Scorecard Scoring Criteria,Kritériá hodnotenia dodávateľov,
Score,Skóre,
Supplier Scorecard Scoring Standing,Hodnotiaca karta dodávateľa,
Standing Name,Stojan s názvom,
Purple,Fialová,
Yellow,Žltá,
Orange,Oranžová,
Min Grade,Minimálna trieda,
Max Grade,Maximálna trieda,
Warn Purchase Orders,Upozorniť na nákupné objednávky,
Prevent Purchase Orders,Predchádzanie nákupným objednávkam,
Employee,Zamestnanec,
Supplier Scorecard Scoring Variable,Premenná bodového hodnotenia dodávateľa,
Variable Name,Názov premennej,
Parameter Name,Názov parametra,
Supplier Scorecard Standing,Hodnotiaca karta dodávateľa,
Notify Other,Upozorniť ostatné,
Supplier Scorecard Variable,Premenná hodnotiacej karty dodávateľa,
Call Log,Denník hovorov,
Received By,Prijaté do,
Caller Information,Informácie o volajúcom,
Contact Name,Kontaktné meno,
Lead,Vedenie,
Lead Name,Vedúci názov,
Ringing,Zvonenie,
Missed,Zmeškané,
Call Duration in seconds,Trvanie hovoru v sekundách,
Recording URL,Adresa URL záznamu,
Communication Medium,Komunikačné médium,
Communication Medium Type,Typ komunikačného média,
Voice,Hlas,
Catch All,Zachytiť všetko,
"If there is no assigned timeslot, then communication will be handled by this group","Ak nie je pridelený žiadny časový interval, komunikáciu bude zabezpečovať táto skupina",
Timeslots,Časové intervaly,
Communication Medium Timeslot,Komunikačné médium Časový interval,
Employee Group,Skupina zamestnancov,
Appointment,Menovanie,
Scheduled Time,Plánovaný čas,
Unverified,Neoverené,
Customer Details,Podrobnosti o zákazníkovi,
Phone Number,Telefónne číslo,
Skype ID,ID Skype,
Linked Documents,Prepojené dokumenty,
Appointment With,Stretnutie s,
Calendar Event,Udalosť v kalendári,
Appointment Booking Settings,Nastavenia rezervácie termínu,
Enable Appointment Scheduling,Povolenie plánovania schôdzok,
Agent Details,Podrobnosti o agentovi,
Availability Of Slots,Dostupnosť slotov,
Number of Concurrent Appointments,Počet súbežných stretnutí,
Agents,Agenti,
Appointment Details,Podrobnosti o vymenovaní,
Appointment Duration (In Minutes),Trvanie stretnutia (v minútach),
Notify Via Email,Upozornenie prostredníctvom e-mailu,
Notify customer and agent via email on the day of the appointment.,Upozornite zákazníka a agenta prostredníctvom e-mailu v deň stretnutia.,
Number of days appointments can be booked in advance,"Počet dní, počas ktorých je možné rezervovať stretnutia vopred",
Success Settings,Úspešné nastavenia,
Success Redirect URL,Adresa URL presmerovania na úspech,
"Leave blank for home.\nThis is relative to site URL, for example ""about"" will redirect to ""https://yoursitename.com/about""","Ponechajte prázdne pre home.\nToto je relatívna adresa URL stránky, napríklad ""about"" sa presmeruje na ""https://yoursitename.com/about""",
Appointment Booking Slots,Sloty na rezerváciu schôdzok,
Day Of Week,Deň v týždni,
From Time,Od Time,
Campaign Email Schedule,Harmonogram e-mailovej kampane,
Send After (days),Odoslať po (dni),
Signed,Podpísané,
Party User,Používateľ strany,
Unsigned,Bez znamienka,
Fulfilment Status,Stav plnenia,
N/A,NEUPLATŇUJE SA,
Unfulfilled,Nesplnené,
Partially Fulfilled,Čiastočne splnené,
Fulfilled,Splnené,
Lapsed,Vypršala platnosť,
Contract Period,Zmluvné obdobie,
Signee Details,Podrobnosti o prihlasovateľovi,
Signee,Signatár,
Signed On,Podpísané na,
Contract Details,Podrobnosti o zmluve,
Contract Template,Šablóna zmluvy,
Contract Terms,Zmluvné podmienky,
Fulfilment Details,Podrobnosti o plnení,
Requires Fulfilment,Vyžaduje plnenie,
Fulfilment Deadline,Termín plnenia,
Fulfilment Terms,Podmienky plnenia,
Contract Fulfilment Checklist,Kontrolný zoznam plnenia zmluvy,
Requirement,Požiadavka,
Contract Terms and Conditions,Zmluvné podmienky,
Fulfilment Terms and Conditions,Podmienky plnenia,
Contract Template Fulfilment Terms,Podmienky plnenia šablóny zmluvy,
Email Campaign,E-mailová kampaň,
Email Campaign For,E-mailová kampaň pre,
Lead is an Organization,Vedenie je organizácia,
CRM-LEAD-.YYYY.-,CRM-LEAD-.YYYY.-,
Person Name,Meno osoby,
Lost Quotation,Stratená citácia,
Interested,Záujemcovia,
Converted,Konvertované,
Do Not Contact,Nekontaktovať,
From Customer,Od zákazníka,
Campaign Name,Názov kampane,
Follow Up,Následné kroky,
Next Contact By,Ďalší kontakt: By,
Next Contact Date,Dátum ďalšieho kontaktu,
Ends On,Končí na,
Address & Contact,Adresa a kontakt,
Mobile No.,Mobilné číslo,
Lead Type,Typ olova,
Channel Partner,Partner kanála,
Consultant,Konzultant,
Market Segment,Segment trhu,
Industry,Priemysel,
Request Type,Typ žiadosti,
Product Enquiry,Dopyt na produkt,
Request for Information,Žiadosť o informácie,
Suggestions,Návrhy,
Blog Subscriber,Odberateľ blogu,
LinkedIn Settings,Nastavenia LinkedIn,
Company ID,ID spoločnosti,
OAuth Credentials,Splnomocnenia OAuth,
Consumer Key,Spotrebiteľský kľúč,
Consumer Secret,Spotrebiteľské tajomstvo,
User Details,Podrobnosti o používateľovi,
Person URN,URN osoby,
Session Status,Stav relácie,
Lost Reason Detail,Stratený dôvod Detail,
Opportunity Lost Reason,Stratená príležitosť Dôvod,
Potential Sales Deal,Potenciálna predajná dohoda,
CRM-OPP-.YYYY.-,CRM-OPP-.YYYY.-,
Opportunity From,Príležitosť od,
Customer / Lead Name,Názov zákazníka / vedúceho pracovníka,
Opportunity Type,Typ príležitosti,
Converted By,Konvertované podľa,
Sales Stage,Fáza predaja,
Lost Reason,Stratený dôvod,
Expected Closing Date,Predpokladaný dátum ukončenia,
To Discuss,Diskutovať,
With Items,S položkami,
Probability (%),Pravdepodobnosť (%),
Contact Info,Kontaktné informácie,
Customer / Lead Address,Adresa zákazníka/vedúceho,
Contact Mobile No,Kontaktné mobilné číslo,
Enter name of campaign if source of enquiry is campaign,"Zadajte názov kampane, ak je zdrojom dopytu kampaň",
Opportunity Date,Dátum príležitosti,
Opportunity Item,Príležitosť Položka,
Basic Rate,Základná sadzba,
Stage Name,Názov etapy,
Social Media Post,Príspevok v sociálnych médiách,
Post Status,Stav príspevku,
Posted,Publikované,
Share On,Zdieľať na,
Twitter,Twitter,
LinkedIn,LinkedIn,
Twitter Post Id,Id príspevku na Twitteri,
LinkedIn Post Id,Id príspevku LinkedIn,
Tweet,Tweet,
Twitter Settings,Nastavenia služby Twitter,
API Secret Key,Tajný kľúč API,
Term Name,Názov termínu,
Term Start Date,Dátum začiatku obdobia,
Term End Date,Dátum ukončenia funkčného obdobia,
Academics User,Akademici Používateľ,
Academic Year Name,Akademický rok Názov,
Article,Článok,
LMS User,Používateľ LMS,
Assessment Criteria Group,Skupina hodnotiacich kritérií,
Assessment Group Name,Názov hodnotiacej skupiny,
Parent Assessment Group,Skupina pre hodnotenie rodičov,
Assessment Name,Názov hodnotenia,
Grading Scale,Stupnica hodnotenia,
Examiner,Examiner,
Examiner Name,Meno skúšajúceho,
Supervisor,Supervízor,
Supervisor Name,Meno nadriadeného,
Evaluate,Vyhodnoťte,
Maximum Assessment Score,Maximálne skóre hodnotenia,
Assessment Plan Criteria,Kritériá plánu hodnotenia,
Maximum Score,Maximálne skóre,
Grade,Trieda,
Assessment Result Detail,Detail výsledku hodnotenia,
Assessment Result Tool,Nástroj na hodnotenie výsledkov,
Result HTML,Výsledok HTML,
Content Activity,Obsahová aktivita,
Last Activity,Posledná aktivita,
Content Question,Otázka na obsah,
Question Link,Odkaz na otázku,
Course Name,Názov kurzu,
Topics,Témy,
Hero Image,Obrázok hrdinu,
Default Grading Scale,Predvolená stupnica hodnotenia,
Education Manager,Manažér pre vzdelávanie,
Course Activity,Aktivita kurzu,
Course Enrollment,Zápis do kurzu,
Activity Date,Dátum činnosti,
Course Assessment Criteria,Kritériá hodnotenia kurzu,
Weightage,Váha,
Course Content,Obsah kurzu,
Quiz,Kvíz,
Program Enrollment,Zápis do programu,
Enrollment Date,Dátum zápisu,
Instructor Name,Meno inštruktora,
EDU-CSH-.YYYY.-,EDU-CSH-.YYYY.-,
Course Scheduling Tool,Nástroj na plánovanie kurzov,
Course Start Date,Dátum začiatku kurzu,
To TIme,Do TIme,
Course End Date,Dátum ukončenia kurzu,
Course Topic,Téma kurzu,
Topic Name,Názov témy,
Education Settings,Nastavenia vzdelávania,
Current Academic Year,Aktuálny akademický rok,
Current Academic Term,Aktuálny akademický semester,
Attendance Freeze Date,Dátum zmrazenia dochádzky,
Validate Batch for Students in Student Group,Overenie dávky pre študentov v skupine študentov,
"For Batch based Student Group, the Student Batch will be validated for every Student from the Program Enrollment.",Pre skupinu študentov založenú na dávke sa dávka študentov potvrdí pre každého študenta zo zápisu do programu.,
Validate Enrolled Course for Students in Student Group,Potvrdiť zapísaný kurz pre študentov v skupine študentov,
"For Course based Student Group, the Course will be validated for every Student from the enrolled Courses in Program Enrollment.",V prípade skupiny študentov založenej na kurze sa kurz potvrdí pre každého študenta zo zapísaných kurzov v programe Zápis.,
Make Academic Term Mandatory,Urobiť akademický termín povinným,
"If enabled, field Academic Term will be Mandatory in Program Enrollment Tool.","Ak je povolené, pole Akademický termín bude povinné v nástroji na zápis programu.",
Skip User creation for new Student,Preskočiť vytvorenie používateľa pre nového študenta,
"By default, a new User is created for every new Student. If enabled, no new User will be created when a new Student is created.","V predvolenom nastavení sa pre každého nového študenta vytvorí nový používateľ. Ak je táto možnosť povolená, pri vytvorení nového študenta sa nevytvorí žiadny nový Používateľ.",
Instructor Records to be created by,"Záznamy inštruktorov, ktoré vytvorí",
Employee Number,Číslo zamestnanca,
Fee Category,Kategória poplatkov,
Fee Component,Zložka poplatku,
Fees Category,Kategória poplatkov,
Fee Schedule,Rozpis poplatkov,
Fee Structure,Štruktúra poplatkov,
EDU-FSH-.YYYY.-,EDU-FSH-.YYYY.-,
Fee Creation Status,Stav vytvorenia poplatku,
In Process,V procese,
Send Payment Request Email,Odoslanie žiadosti o platbu e-mailom,
Student Category,Kategória študentov,
Fee Breakup for each student,Rozpis poplatkov pre každého študenta,
Total Amount per Student,Celková suma na študenta,
Institution,Inštitúcia,
Fee Schedule Program,Program rozpisu poplatkov,
Student Batch,Študentská dávka,
Total Students,Celkový počet študentov,
Fee Schedule Student Group,Rozpis poplatkov Skupina študentov,
EDU-FST-.YYYY.-,EDU-FST-.YYYY.-,
EDU-FEE-.YYYY.-,EDU-FEE-.YYYY.-,
Include Payment,Zahrnúť platbu,
Send Payment Request,Odoslať žiadosť o platbu,
Student Details,Podrobnosti o študentovi,
Student Email,Študentský e-mail,
Grading Scale Name,Stupnica hodnotenia Názov,
Grading Scale Intervals,Intervaly stupnice hodnotenia,
Intervals,Intervaly,
Grading Scale Interval,Interval stupnice hodnotenia,
Grade Code,Kód triedy,
Threshold,Prahová hodnota,
Grade Description,Trieda Popis,
Guardian,Strážca,
Guardian Name,Meno opatrovníka,
Alternate Number,Náhradné číslo,
Occupation,Povolanie,
Work Address,Pracovná adresa,
Guardian Of,Strážca,
Students,Študenti,
Guardian Interests,Záujmy opatrovníka,
Guardian Interest,Záujem opatrovníka,
Interest,Úroky,
Guardian Student,Študentský opatrovník,
EDU-INS-.YYYY.-,EDU-INS-.YYYY.-,
Instructor Log,Denník inštruktora,
Other details,Ďalšie podrobnosti,
Option,Možnosť,
Is Correct,Je správne,
Program Name,Názov programu,
Program Abbreviation,Skratka programu,
Courses,Kurzy,
Is Published,Je zverejnený,
Allow Self Enroll,Povoľte samoobslužnú registráciu,
Is Featured,Je odporúčaný,
Intro Video,Úvodné video,
Program Course,Programový kurz,
School House,Školský dom,
Boarding Student,Študent na internáte,
Check this if the Student is residing at the Institute's Hostel.,"Zaškrtnite, ak študent býva na internáte inštitútu.",
Walking,Chôdza,
Institute's Bus,Autobus inštitútu,
Self-Driving Vehicle,Samojazdiace vozidlo,
Pick/Drop by Guardian,Vyzdvihnutie/odoslanie strážcom,
Enrolled courses,Zapísané kurzy,
Program Enrollment Course,Zápis do programu,
Program Enrollment Fee,Poplatok za zápis do programu,
Program Enrollment Tool,Nástroj na zápis do programu,
Get Students From,Získajte študentov z,
Student Applicant,Žiadateľ o štúdium,
Get Students,Získajte študentov,
Enrollment Details,Podrobnosti o zápise,
New Program,Nový program,
New Student Batch,Nová študentská dávka,
Enroll Students,Zapísať študentov,
New Academic Year,Nový akademický rok,
New Academic Term,Nový akademický semester,
Program Enrollment Tool Student,Nástroj na zápis do programu Študent,
Student Batch Name,Názov dávky študentov,
Program Fee,Poplatok za program,
Question,Otázka,
Single Correct Answer,Jediná správna odpoveď,
Multiple Correct Answer,Viaceré Správna odpoveď,
Quiz Configuration,Konfigurácia kvízu,
Passing Score,Úspešné absolvovanie,
Score out of 100,Skóre zo 100,
Max Attempts,Maximálny počet pokusov,
Enter 0 to waive limit,"Ak chcete zrušiť limit, zadajte 0",
Grading Basis,Základ klasifikácie,
Latest Highest Score,Najnovšie najvyššie skóre,
Latest Attempt,Posledný pokus,
Quiz Activity,Aktivita kvízu,
Enrollment,Zápis,
Pass,Prejsť,
Quiz Question,Kvízová otázka,
Quiz Result,Výsledok kvízu,
Selected Option,Vybraná možnosť,
Correct,Správne,
Wrong,Nesprávne,
Room Name,Názov miestnosti,
Room Number,Číslo izby,
Seating Capacity,Kapacita sedadiel,
House Name,Názov domu,
EDU-STU-.YYYY.-,EDU-STU-.YYYY.-,
Student Mobile Number,Číslo mobilného telefónu študenta,
Blood Group,Krvná skupina,
A+,A+,
A-,A-,
B+,B+,
B-,B-,
O+,O+,
O-,O-,
AB+,AB+,
AB-,AB-,
Nationality,Štátna príslušnosť,
Home Address,Adresa domova,
Guardian Details,Podrobnosti o opatrovníkovi,
Guardians,Strážcovia,
Sibling Details,Podrobnosti o súrodencoch,
Siblings,Súrodenci,
Exit,Exit,
Date of Leaving,Dátum odchodu,
Leaving Certificate Number,Číslo výstupného certifikátu,
Reason For Leaving,Dôvod odchodu,
Student Admission,Prijímanie študentov,
Admission Start Date,Dátum začiatku prijímania,
Admission End Date,Dátum ukončenia prijímania,
Eligibility and Details,Oprávnenosť a podrobnosti,
Student Admission Program,Program prijímania študentov,
Minimum Age,Minimálny vek,
Maximum Age,Maximálny vek,
Application Fee,Poplatok za žiadosť,
Naming Series (for Student Applicant),Séria pomenovaní (pre žiadateľa o štúdium),
LMS Only,Len LMS,
EDU-APP-.YYYY.-,EDU-APP-.YYYY.-,
Application Date,Dátum podania žiadosti,
Student Attendance Tool,Nástroj pre dochádzku študentov,
Group Based On,Skupina na základe,
Students HTML,Študenti HTML,
Group Based on,Skupina na základe,
Student Group Name,Názov skupiny študentov,
Max Strength,Maximálna sila,
Set 0 for no limit,Nastavte 0 pre žiadny limit,
Instructors,Inštruktori,
Student Group Creation Tool,Nástroj na vytváranie skupín študentov,
Leave blank if you make students groups per year,"Nechajte prázdne, ak vytvárate skupiny študentov za rok",
Get Courses,Získajte kurzy,
Separate course based Group for every Batch,Samostatná skupina založená na kurze pre každú dávku,
Leave unchecked if you don't want to consider batch while making course based groups.,"Ak nechcete pri vytváraní skupín na základe kurzu brať do úvahy dávku, ponechajte túto možnosť nezačiarknutú.",
Student Group Creation Tool Course,Kurz nástroja na vytváranie skupín študentov,
Course Code,Kód kurzu,
Student Group Instructor,Inštruktor študentskej skupiny,
Student Group Student,Skupina študentov Študent,
Group Roll Number,Číslo zoznamu skupiny,
Student Guardian,Študentský opatrovník,
Relation,Vzťah,
Mother,Matka,
Father,Otec,
Student Language,Jazyk študentov,
Student Leave Application,Žiadosť o dovolenku pre študentov,
Mark as Present,Označiť ako prítomný,
Student Log,Študentský denník,
Academic,Akademická,
Achievement,Úspech,
Student Report Generation Tool,Nástroj na vytváranie študentských správ,
Include All Assessment Group,Zahrnúť všetky hodnotiace skupiny,
Show Marks,Zobraziť značky,
Add letterhead,Pridať hlavičkový papier,
Print Section,Tlačová sekcia,
Total Parents Teacher Meeting,Celkom Stretnutie rodičov a učiteľov,
Attended by Parents,Zúčastnili sa rodičia,
Assessment Terms,Podmienky hodnotenia,
Student Sibling,Súrodenec študenta,
Studying in Same Institute,Štúdium v tom istom inštitúte,
NO,NIE,
YES,ÁNO,
Student Siblings,Súrodenci študentov,
Topic Content,Obsah témy,
Amazon MWS Settings,Nastavenia služby Amazon MWS,
ERPNext Integrations,Integrácie ERPNext,
Enable Amazon,Povoliť Amazon,
MWS Credentials,Poverenia MWS,
Seller ID,ID predávajúceho,
AWS Access Key ID,ID prístupového kľúča AWS,
MWS Auth Token,Autentifikačný token MWS,
Market Place ID,ID trhoviska,
AE,AE,
AU,AU,
BR,BR,
CA,CA,
CN,CN,
DE,DE,
ES,ES,
FR,FR,
JP,JP,
IT,IT,
MX,MX,
UK,UK,
US,US,
Customer Type,Typ zákazníka,
Market Place Account Group,Skupina účtov Market Place,
After Date,Po dátume,
Amazon will synch data updated after this date,Spoločnosť Amazon bude synchronizovať údaje aktualizované po tomto dátume,
Sync Taxes and Charges,Synchronizácia daní a poplatkov,
Get financial breakup of Taxes and charges data by Amazon,Získajte finančný rozpis údajov o daniach a poplatkoch od spoločnosti Amazon,
Sync Products,Produkty na synchronizáciu,
Always sync your products from Amazon MWS before synching the Orders details,Pred synchronizáciou údajov o objednávkach vždy synchronizujte svoje produkty zo služby Amazon MWS,
Sync Orders,Synchronizácia objednávok,
Click this button to pull your Sales Order data from Amazon MWS.,Kliknutím na toto tlačidlo stiahnete údaje o predajných objednávkach zo služby Amazon MWS.,
Enable Scheduled Sync,Povolenie plánovanej synchronizácie,
Check this to enable a scheduled Daily synchronization routine via scheduler,Začiarknutím tejto položky povolíte naplánovanú rutinu dennej synchronizácie prostredníctvom plánovača,
Max Retry Limit,Maximálny limit opakovania,
Exotel Settings,Nastavenia spoločnosti Exotel,
Account SID,SID účtu,
API Token,Token API,
GoCardless Mandate,Mandát spoločnosti GoCardless,
Mandate,Mandát,
GoCardless Customer,Zákazník spoločnosti GoCardless,
GoCardless Settings,Nastavenia služby GoCardless,
Webhooks Secret,Tajomstvo webových háčikov,
Plaid Settings,Nastavenia kockovaného plédu,
Synchronize all accounts every hour,Synchronizácia všetkých účtov každú hodinu,
Plaid Client ID,ID klienta Plaid,
Plaid Secret,Károvaný tajomstvo,
Plaid Environment,Károvaný životný priestor,
sandbox,pieskovisko,
development,vývoj,
production,výroba,
QuickBooks Migrator,Migrátor QuickBooks,
Application Settings,Nastavenia aplikácie,
Token Endpoint,Koncový bod tokenu,
Scope,Rozsah pôsobnosti,
Authorization Settings,Nastavenia autorizácie,
Authorization Endpoint,Koncový bod autorizácie,
Authorization URL,Adresa URL autorizácie,
Quickbooks Company ID,ID spoločnosti Quickbooks,
Company Settings,Nastavenia spoločnosti,
Default Shipping Account,Predvolené prepravné konto,
Default Warehouse,Predvolený sklad,
Default Cost Center,Predvolené nákladové stredisko,
Undeposited Funds Account,Účet nevysporiadaných finančných prostriedkov,
Shopify Log,Denník služby Shopify,
Shopify Settings,Nastavenia služby Shopify,
status html,stav html,
Enable Shopify,Povolenie služby Shopify,
App Type,Typ aplikácie,
Last Sync Datetime,Dátum poslednej synchronizácie,
Shop URL,Adresa URL obchodu,
eg: frappe.myshopify.com,napr.: frappe.myshopify.com,
Shared secret,Zdieľané tajomstvo,
Webhooks Details,Podrobnosti o webových hákoch,
Webhooks,Webové háčiky,
Customer Settings,Nastavenia zákazníka,
Default Customer,Predvolený zákazník,
Customer Group will set to selected group while syncing customers from Shopify,Skupina zákazníkov sa pri synchronizácii zákazníkov zo služby Shopify nastaví na vybranú skupinu,
For Company,Pre spoločnosť,
Cash Account will used for Sales Invoice creation,Hotovostný účet sa použije na vytvorenie predajnej faktúry,
Update Price from Shopify To ERPNext Price List,Aktualizácia ceny zo služby Shopify do cenníka ERPNext,
Default Warehouse to to create Sales Order and Delivery Note,Predvolený sklad na vytvorenie objednávky predaja a dodacieho listu,
Sales Order Series,Séria objednávok predaja,
Import Delivery Notes from Shopify on Shipment,Import dodacích listov zo služby Shopify pri odosielaní,
Delivery Note Series,Séria dodacích listov,
Import Sales Invoice from Shopify if Payment is marked,"Import predajnej faktúry zo služby Shopify, ak je označená platba",
Sales Invoice Series,Séria faktúr za predaj,
Shopify Tax Account,Daňový účet Shopify,
Shopify Tax/Shipping Title,Daňový/odosielací titul Shopify,
ERPNext Account,Účet ERPNext,
Shopify Webhook Detail,Webový háčik služby Shopify Detail,
Webhook ID,ID webového háčika,
Tally Migration,Migrácia Tally,
Master Data,Hlavné údaje,
"Data exported from Tally that consists of the Chart of Accounts, Customers, Suppliers, Addresses, Items and UOMs","Údaje exportované zo systému Tally, ktoré pozostávajú z účtovnej osnovy, zákazníkov, dodávateľov, adries, položiek a jednotiek UOM",
Is Master Data Processed,Spracúvajú sa základné údaje,
Is Master Data Imported,Sú importované základné údaje,
Tally Creditors Account,Účet veriteľov Tally,
Creditors Account set in Tally,Nastavenie účtu veriteľov v systéme Tally,
Tally Debtors Account,Účet dlžníkov Tally,
Debtors Account set in Tally,Nastavenie účtu dlžníkov v systéme Tally,
Tally Company,Spoločnosť Tally,
Company Name as per Imported Tally Data,Názov spoločnosti podľa importovaných údajov Tally,
Default UOM,Predvolená UOM,
UOM in case unspecified in imported data,"UOM v prípade, že nie je špecifikovaný v importovaných údajoch",
ERPNext Company,Spoločnosť ERPNext,
Your Company set in ERPNext,Vaša spoločnosť nastavená v ERPNext,
Processed Files,Spracované súbory,
Parties,Strany,
UOMs,UOM,
Vouchers,Poukazy,
Round Off Account,Zaokrúhlený účet,
Day Book Data,Údaje z dennej knihy,
Day Book Data exported from Tally that consists of all historic transactions,"Údaje dennej knihy exportované z Tally, ktoré pozostávajú zo všetkých historických transakcií",
Is Day Book Data Processed,Spracúvajú sa údaje dennej knihy,
Is Day Book Data Imported,Sú údaje dennej knihy importované,
Woocommerce Settings,Nastavenia Woocommerce,
Enable Sync,Povolenie synchronizácie,
Woocommerce Server URL,URL adresa servera Woocommerce,
Secret,Tajné,
API consumer key,Kľúč spotrebiteľa API,
API consumer secret,Tajomstvo spotrebiteľa API,
Tax Account,Daňový účet,
Freight and Forwarding Account,Nákladný a zasielateľský účet,
Creation User,Vytvorenie Používateľ,
"The user that will be used to create Customers, Items and Sales Orders. This user should have the relevant permissions.","Používateľ, ktorý sa bude používať na vytváranie zákazníkov, položiek a objednávok predaja. Tento používateľ by mal mať príslušné oprávnenia.",
"This warehouse will be used to create Sales Orders. The fallback warehouse is ""Stores"".","Tento sklad sa bude používať na vytváranie objednávok predaja. Záložný sklad je ""Stores"".",
"The fallback series is ""SO-WOO-"".","Náhradná séria je ""SO-WOO-"".",
This company will be used to create Sales Orders.,Táto spoločnosť sa bude používať na vytváranie objednávok predaja.,
Delivery After (Days),Dodanie po (dni),
This is the default offset (days) for the Delivery Date in Sales Orders. The fallback offset is 7 days from the order placement date.,Toto je predvolený posun (v dňoch) pre dátum dodania v objednávkach predaja. Náhradný posun je 7 dní od dátumu zadania objednávky.,
"This is the default UOM used for items and Sales orders. The fallback UOM is ""Nos"".","Toto je predvolená UOM používaná pre položky a objednávky predaja. Náhradný UOM je ""Nos"".",
Endpoints,Koncové body,
Endpoint,Koncový bod,
Antibiotic Name,Názov antibiotika,
Healthcare Administrator,Správca zdravotnej starostlivosti,
Laboratory User,Používateľ laboratória,
Is Inpatient,Je hospitalizovaný,
Default Duration (In Minutes),Predvolené trvanie (v minútach),
Body Part,Časť tela,
Body Part Link,Prepojenie na časť tela,
HLC-CPR-.YYYY.-,HLC-CPR-.YYYY.-,
Procedure Template,Šablóna postupu,
Procedure Prescription,Predpis postupu,
Service Unit,Servisná jednotka,
Consumables,Spotrebný materiál,
Consume Stock,Spotrebovať zásoby,
Invoice Consumables Separately,Spotrebný materiál fakturujte samostatne,
Consumption Invoiced,Fakturovaná spotreba,
Consumable Total Amount,Spotrebný materiál Celková suma,
Consumption Details,Podrobnosti o spotrebe,
Nursing User,Ošetrovateľský používateľ,
Clinical Procedure Item,Položka klinického postupu,
Invoice Separately as Consumables,Fakturujte samostatne ako spotrebný materiál,
Transfer Qty,Prenos množstva,
Actual Qty (at source/target),Skutočné množstvo (pri zdroji/cieli),
Is Billable,Je možné vystaviť faktúru,
Allow Stock Consumption,Povolenie spotreby zásob,
Sample UOM,Vzorka UOM,
Collection Details,Podrobnosti o kolekcii,
Change In Item,Zmena položky,
Codification Table,Kodifikačná tabuľka,
Complaints,Sťažnosti,
Dosage Strength,Sila dávkovania,
Strength,Sila,
Drug Prescription,Predpis lieku,
Drug Name / Description,Názov lieku / opis,
Dosage,Dávkovanie,
Dosage by Time Interval,Dávkovanie podľa časového intervalu,
Interval,Interval,
Interval UOM,Interval UOM,
Hour,Hodina,
Update Schedule,Harmonogram aktualizácie,
Exercise,Cvičenie,
Difficulty Level,Úroveň obtiažnosti,
Counts Target,Počty Cieľ,
Counts Completed,Počty dokončených,
Assistance Level,Úroveň pomoci,
Active Assist,Aktívny asistent,
Exercise Name,Názov cvičenia,
Body Parts,Časti tela,
Exercise Instructions,Pokyny na cvičenie,
Exercise Video,Cvičenie Video,
Exercise Steps,Kroky cvičenia,
Steps Table,Tabuľka krokov,
Exercise Type Step,Typ cvičenia Krok,
Max number of visit,Maximálny počet návštev,
Visited yet,Zatiaľ navštívené,
Reference Appointments,Referenčné stretnutia,
Valid till,Platnosť do,
Fee Validity Reference,Platnosť poplatku Referencia,
Basic Details,Základné údaje,
HLC-PRAC-.YYYY.-,HLC-PRAC-.YYYY.-,
Mobile,Mobilný portál,
Phone (R),Telefón (R),
Phone (Office),Telefón (kancelária),
Employee and User Details,Údaje o zamestnancoch a používateľoch,
Hospital,Nemocnica,
Appointments,Stretnutia,
Practitioner Schedules,Rozvrhy pre praktických lekárov,
Charges,Poplatky,
Out Patient Consulting Charge,Poplatok za konzultácie s pacientom,
Default Currency,Predvolená mena,
Healthcare Schedule Time Slot,Časový interval v rozvrhu zdravotnej starostlivosti,
Parent Service Unit,Jednotka služieb pre rodičov,
Service Unit Type,Typ servisnej jednotky,
Allow Appointments,Povolenie stretnutí,
Allow Overlap,Povoliť prekrývanie,
Inpatient Occupancy,Obsadenosť lôžkových zariadení,
Occupancy Status,Stav obsadenosti,
Vacant,Voľné miesto,
Occupied,Obsadené,
Item Details,Podrobnosti o položke,
UOM Conversion in Hours,Konverzia UOM v hodinách,
Rate / UOM,Sadzba / UOM,
Change in Item,Zmena v položke,
Out Patient Settings,Nastavenia ambulantných pacientov,
Patient Name By,Meno pacienta,
Patient Name,Meno pacienta,
Link Customer to Patient,Prepojenie zákazníka s pacientom,
"If checked, a customer will be created, mapped to Patient.\nPatient Invoices will be created against this Customer. You can also select existing Customer while creating Patient.","Ak je začiarknuté, vytvorí sa zákazník priradený k pacientovi.\nPacientské faktúry sa vytvoria voči tomuto zákazníkovi. Pri vytváraní položky Pacient môžete vybrať aj existujúceho zákazníka.",
Default Medical Code Standard,Predvolený štandardný lekársky kód,
Collect Fee for Patient Registration,Vyberanie poplatku za registráciu pacienta,
Checking this will create new Patients with a Disabled status by default and will only be enabled after invoicing the Registration Fee.,Zaškrtnutím tejto možnosti sa vytvoria noví pacienti so stavom Disabled (Zakázaný) a aktivuje sa až po fakturácii registračného poplatku.,
Registration Fee,Registračný poplatok,
Automate Appointment Invoicing,Automatizácia fakturácie stretnutí,
Manage Appointment Invoice submit and cancel automatically for Patient Encounter,Správa faktúry za stretnutie odoslať a zrušiť automaticky pre stretnutie s pacientom,
Enable Free Follow-ups,Povolenie bezplatných následných sledovaní,
Number of Patient Encounters in Valid Days,Počet stretnutí s pacientmi v platných dňoch,
The number of free follow ups (Patient Encounters in valid days) allowed,Povolený počet bezplatných následných návštev (stretnutí s pacientom v platných dňoch),
Valid Number of Days,Platný počet dní,
Time period (Valid number of days) for free consultations,Časové obdobie (platný počet dní) pre bezplatné konzultácie,
Default Healthcare Service Items,Predvolené položky služieb zdravotnej starostlivosti,
"You can configure default Items for billing consultation charges, procedure consumption items and inpatient visits","Môžete nakonfigurovať predvolené položky pre účtovanie poplatkov za konzultácie, položky spotreby procedúr a hospitalizácie.",
Clinical Procedure Consumable Item,Spotrebný materiál pre klinické postupy,
Default Accounts,Predvolené účty,
Default income accounts to be used if not set in Healthcare Practitioner to book Appointment charges.,"Predvolené príjmové účty, ktoré sa majú použiť, ak nie sú nastavené v Healthcare Practitioner na zaúčtovanie poplatkov za stretnutia.",
Default receivable accounts to be used to book Appointment charges.,"Účty pohľadávok s omeškaním, ktoré sa majú použiť na zaúčtovanie poplatkov za vymenovanie.",
Out Patient SMS Alerts,SMS upozornenia pre pacientov mimo nemocnice,
Patient Registration,Registrácia pacienta,
Registration Message,Registračná správa,
Confirmation Message,Potvrdzujúca správa,
Avoid Confirmation,Vyhnite sa potvrdeniu,
Do not confirm if appointment is created for the same day,"Nepotvrdzujte, ak je schôdzka vytvorená na ten istý deň",
Appointment Reminder,Pripomienka termínu,
Reminder Message,Pripomienková správa,
Laboratory Settings,Laboratórne nastavenia,
Create Lab Test(s) on Sales Invoice Submission,Vytvorenie laboratórneho testu (testov) pri predkladaní predajnej faktúry,
Checking this will create Lab Test(s) specified in the Sales Invoice on submission.,Po začiarknutí tejto položky sa pri odoslaní vytvoria laboratórne testy uvedené v predajnej faktúre.,
Create Sample Collection document for Lab Test,Vytvorenie dokumentu na odber vzorky pre laboratórny test,
Checking this will create a Sample Collection document  every time you create a Lab Test,Začiarknutím tejto možnosti sa pri každom vytvorení laboratórneho testu vytvorí dokument Zber vzoriek.,
Employee name and designation in print,Meno a označenie zamestnanca v tlači,
Check this if you want the Name and Designation of the Employee associated with the User who submits the document to be printed in the Lab Test Report.,"Začiarknite túto možnosť, ak chcete, aby sa v správe o laboratórnom teste vytlačilo meno a označenie zamestnanca spojeného s používateľom, ktorý dokument odosiela.",
Do not print or email Lab Tests without Approval,Netlačte ani neposielajte e-mailom laboratórne testy bez schválenia,
Checking this will restrict printing and emailing of Lab Test documents unless they have the status as Approved.,"Začiarknutím tejto možnosti sa obmedzí tlač a odosielanie dokumentov laboratórnych testov e-mailom, pokiaľ nemajú stav Schválené.",
Custom Signature in Print,Vlastný podpis v tlači,
Laboratory SMS Alerts,Laboratórne upozornenia SMS,
Result Printed Message,Výsledok Vytlačená správa,
Result Emailed Message,Výsledok E-mailová správa,
Check In,Registrácia,
Check Out,Pozrite si,
HLC-INP-.YYYY.-,HLC-INP-.YYYY.-,
A Positive,Pozitívny,
A Negative,Negatívny,
AB Positive,AB Pozitívne,
AB Negative,AB Negatívny,
B Positive,B Pozitívne,
B Negative,B Negatívne,
O Positive,O Pozitívne,
O Negative,O Negatívne,
Date of birth,Dátum narodenia,
Admission Scheduled,Plánované prijatie,
Discharge Scheduled,Plánované prepustenie,
Discharged,Vypúšťa sa,
Admission Schedule Date,Dátum harmonogramu prijímania,
Admitted Datetime,Dátum prijatia,
Expected Discharge,Očakávané vypustenie,
Discharge Date,Dátum prepustenia,
Lab Prescription,Laboratórny predpis,
Lab Test Name,Názov laboratórneho testu,
Test Created,Vytvorený test,
Submitted Date,Dátum predloženia,
Approved Date,Schválený dátum,
Sample ID,ID vzorky,
Lab Technician,Laborant,
Report Preference,Preferencie hlásenia,
Test Name,Názov testu,
Test Template,Testovacia šablóna,
Test Group,Testovacia skupina,
Custom Result,Vlastný výsledok,
LabTest Approver,LabTest Approver,
Add Test,Pridať test,
Normal Range,Normálny rozsah,
Result Format,Formát výsledku,
Single,Single,
Compound,Zložené,
Descriptive,Deskriptívne,
Grouped,Zoskupené,
No Result,Žiadny výsledok,
This value is updated in the Default Sales Price List.,Táto hodnota sa aktualizuje v predvolenom zozname predajných cien.,
Lab Routine,Laboratórna rutina,
Result Value,Hodnota výsledku,
Require Result Value,Požadovať hodnotu výsledku,
Normal Test Template,Normálna šablóna testu,
Patient Demographics,Demografické údaje pacienta,
HLC-PAT-.YYYY.-,HLC-PAT-.YYYY.-,
Middle Name (optional),Stredné meno (nepovinné),
Inpatient Status,Stav hospitalizácie,
"If ""Link Customer to Patient"" is checked in Healthcare Settings and an existing Customer is not selected then, a Customer will be created for this Patient for recording transactions in Accounts module.","Ak je v Nastaveniach zdravotnej starostlivosti začiarknutá možnosť ""Prepojiť zákazníka s pacientom"" a nie je vybraný existujúci zákazník, potom sa pre tohto pacienta vytvorí zákazník na zaznamenávanie transakcií v module Účty.",
Personal and Social History,Osobná a sociálna história,
Marital Status,Rodinný stav,
Married,Manželstvo,
Divorced,Rozvedený,
Widow,Vdova,
Patient Relation,Vzťah s pacientom,
"Allergies, Medical and Surgical History","Alergie, lekárska a chirurgická anamnéza",
Allergies,Alergie,
Medication,Lieky,
Medical History,Lekárska anamnéza,
Surgical History,Chirurgická história,
Risk Factors,Rizikové faktory,
Occupational Hazards and Environmental Factors,Riziká pri práci a environmentálne faktory,
Other Risk Factors,Ďalšie rizikové faktory,
Patient Details,Podrobnosti o pacientovi,
Additional information regarding the patient,Ďalšie informácie o pacientovi,
HLC-APP-.YYYY.-,HLC-APP-.YYYY.-,
Patient Age,Vek pacienta,
Get Prescribed Clinical Procedures,Získajte predpísané klinické postupy,
Therapy,Terapia,
Get Prescribed Therapies,Získajte predpísané terapie,
Appointment Datetime,Dátum stretnutia,
Duration (In Minutes),Trvanie (v minútach),
Reference Sales Invoice,Referenčná predajná faktúra,
More Info,Viac informácií,
Referring Practitioner,Odosielajúci lekár,
HLC-PA-.YYYY.-,HLC-PA-.YYYY.-,
Assessment Template,Šablóna hodnotenia,
Assessment Datetime,Dátum hodnotenia,
Assessment Description,Hodnotenie Popis,
Assessment Sheet,Hodnotiaci hárok,
Total Score Obtained,Celkové dosiahnuté skóre,
Scale Min,Mierka Min,
Scale Max,Mierka Max,
Patient Assessment Detail,Detail hodnotenia pacienta,
Assessment Parameter,Parameter hodnotenia,
Patient Assessment Parameter,Parameter hodnotenia pacienta,
Patient Assessment Sheet,Hodnotiaci hárok pacienta,
Patient Assessment Template,Šablóna hodnotenia pacienta,
Assessment Parameters,Parametre hodnotenia,
Parameters,Parametre,
Assessment Scale,Hodnotiaca stupnica,
Scale Minimum,Minimálna mierka,
Scale Maximum,Maximálna mierka,
HLC-ENC-.YYYY.-,HLC-ENC-.YYYY.-,
Encounter Date,Dátum stretnutia,
Encounter Time,Čas stretnutia,
Encounter Impression,Dojmy zo stretnutia,
Symptoms,Príznaky,
In print,V tlači,
Medical Coding,Kódovanie v zdravotníctve,
Procedures,Postupy,
Therapies,Terapie,
Review Details,Podrobnosti o recenzii,
Patient Encounter Diagnosis,Diagnóza stretnutia s pacientom,
Patient Encounter Symptom,Stretnutie s pacientom Symptóm,
HLC-PMR-.YYYY.-,HLC-PMR-.YYYY.-,
Attach Medical Record,Pripojte lekársky záznam,
Spouse,Manžel,
Family,Rodina,
Schedule Details,Podrobnosti o harmonograme,
Schedule Name,Názov plánu,
Time Slots,Časové sloty,
Practitioner Service Unit Schedule,Rozvrh služieb pre praktických lekárov,
Procedure Name,Názov postupu,
Appointment Booked,Rezervované stretnutie,
Procedure Created,Vytvorený postup,
HLC-SC-.YYYY.-,HLC-SC-.YYYY.-,
Collected By,Zozbieral,
Particulars,Podrobnosti,
Result Component,Zložka výsledku,
HLC-THP-.YYYY.-,HLC-THP-.YYYY.-,
Therapy Plan Details,Podrobnosti o pláne terapie,
Total Sessions,Celkový počet relácií,
Total Sessions Completed,Celkový počet dokončených relácií,
Therapy Plan Detail,Detail plánu terapie,
No of Sessions,Počet zasadnutí,
Sessions Completed,Ukončené relácie,
Tele,Tele,
Exercises,Cvičenia,
Therapy For,Terapia pre,
Add Exercises,Pridať cvičenia,
Body Temperature,Telesná teplota,
Presence of a fever (temp &gt; 38.5 °C/101.3 °F or sustained temp &gt; 38 °C/100.4 °F),"Prítomnosť horúčky (teplota &gt; 38,5 °C/101,3 °F alebo trvalá teplota &gt; 38 °C/100,4 °F)",
Heart Rate / Pulse,Tepová frekvencia / pulz,
Adults' pulse rate is anywhere between 50 and 80 beats per minute.,Tepová frekvencia dospelých sa pohybuje medzi 50 a 80 údermi za minútu.,
Respiratory rate,Dýchacia frekvencia,
Normal reference range for an adult is 16–20 breaths/minute (RCP 2012),Normálny referenčný rozsah pre dospelého človeka je 16-20 dychov/minútu (RCP 2012),
Tongue,Jazyk,
Coated,Povrchová úprava,
Very Coated,Veľmi potiahnuté,
Normal,Normálne,
Furry,Chlpaté,
Cuts,Rezy,
Abdomen,Brucho,
Bloated,Nadúvanie,
Fluid,Fluid,
Constipated,Zápcha,
Reflexes,Reflexy,
Hyper,Hyper,
Very Hyper,Veľmi Hyper,
One Sided,Jednostranný,
Blood Pressure (systolic),Krvný tlak (systolický),
Blood Pressure (diastolic),Krvný tlak (diastolický),
Blood Pressure,Krvný tlak,
"Normal resting blood pressure in an adult is approximately 120 mmHg systolic, and 80 mmHg diastolic, abbreviated ""120/80 mmHg""","Normálny pokojový krvný tlak u dospelého človeka je približne 120 mmHg systolický a 80 mmHg diastolický, skrátene ""120/80 mmHg"".",
Nutrition Values,Výživové hodnoty,
Height (In Meter),Výška (v metroch),
Weight (In Kilogram),Hmotnosť (v kilogramoch),
BMI,BMI,
Hotel Room,Hotelová izba,
Hotel Room Type,Typ hotelovej izby,
Capacity,Kapacita,
Extra Bed Capacity,Kapacita prístelky,
Hotel Manager,Manažér hotela,
Hotel Room Amenity,Vybavenie hotelovej izby,
Billable,Účtovná závierka,
Hotel Room Package,Balík hotelových izieb,
Amenities,Vybavenie,
Hotel Room Pricing,Ceny hotelových izieb,
Hotel Room Pricing Item,Položka Ceny hotelovej izby,
Hotel Room Pricing Package,Balík cien hotelových izieb,
Hotel Room Reservation,Rezervácia hotelovej izby,
Guest Name,Meno hosťa,
Late Checkin,Neskoré prihlásenie,
Booked,Rezervované,
Hotel Reservation User,Používateľ rezervácie hotela,
Hotel Room Reservation Item,Rezervácia hotelovej izby,
Hotel Settings,Nastavenia hotela,
Default Taxes and Charges,Predvolené dane a poplatky,
Default Invoice Naming Series,Predvolené pomenovanie série faktúr,
HR,HR,
Date on which this component is applied,"Dátum, ku ktorému sa táto zložka uplatňuje",
Salary Slip,Platový výmer,
HR User,Používateľ HR,
Job Applicant,Uchádzač o zamestnanie,
Body,Telo,
Appraisal Template,Šablóna hodnotenia,
Parent Department,Materské oddelenie,
Leave Block List,Zoznam blokov na opustenie,
Days for which Holidays are blocked for this department.,"Dni, počas ktorých sú pre toto oddelenie blokované sviatky.",
Leave Approver,Schvaľovateľ dovoleniek,
Expense Approver,Schvaľovateľ výdavkov,
Required Skills,Požadované zručnosti,
Skills,Zručnosti,
Driver,Vodič,
HR-DRI-.YYYY.-,HR-DRI-.YYYY.-,
Suspended,Pozastavené,
Transporter,Transportér,
Applicable for external driver,Použiteľné pre externý ovládač,
Cellphone Number,Číslo mobilného telefónu,
License Details,Podrobnosti o licencii,
License Number,Číslo licencie,
Issuing Date,Dátum vydania,
Driving License Categories,Kategórie vodičských preukazov,
Driving License Category,Kategória vodičského preukazu,
Fleet Manager,Manažér vozového parku,
Driver licence class,Trieda vodičského preukazu,
HR-EMP-,HR-EMP-,
Employment Type,Typ zamestnania,
Emergency Contact,Núdzový kontakt,
Emergency Contact Name,Meno núdzového kontaktu,
Emergency Phone,Núdzový telefón,
ERPNext User,Používateľ ERPNext,
"System User (login) ID. If set, it will become default for all HR forms.","ID systémového používateľa (prihlasovacie meno). Ak je nastavené, stane sa predvoleným pre všetky formuláre HR.",
Create User Permission,Vytvorenie oprávnenia používateľa,
This will restrict user access to other employee records,Tým sa obmedzí prístup používateľa k ostatným záznamom zamestnancov,
Joining Details,Podrobnosti o pripojení,
Offer Date,Dátum ponuky,
Confirmation Date,Dátum potvrdenia,
Contract End Date,Dátum ukončenia zmluvy,
Notice (days),Výpovedná lehota (dni),
Date Of Retirement,Dátum odchodu do dôchodku,
Department and Grade,Oddelenie a trieda,
Reports to,Správy pre,
Attendance and Leave Details,Podrobnosti o dochádzke a dovolenke,
Attendance Device ID (Biometric/RF tag ID),ID dochádzkového zariadenia (ID biometrického/RF tagu),
Applicable Holiday List,Platný zoznam sviatkov,
Default Shift,Predvolený posun,
Salary Mode,Platový režim,
Bank A/C No.,Bankové A/C č.,
Health Insurance,Zdravotné poistenie,
Health Insurance Provider,Poskytovateľ zdravotného poistenia,
Health Insurance No,Zdravotné poistenie Nie,
Prefered Email,Uprednostňovaný e-mail,
Personal Email,Osobný e-mail,
Permanent Address Is,Trvalá adresa je,
Rented,Prenájom,
Owned,Vlastné,
Permanent Address,Trvalá adresa,
Prefered Contact Email,Uprednostňovaný kontaktný e-mail,
Company Email,E-mail spoločnosti,
Provide Email Address registered in company,Poskytnite e-mailovú adresu registrovanú v spoločnosti,
Current Address Is,Aktuálna adresa je,
Current Address,Súčasná adresa,
Personal Bio,Osobný životopis,
Bio / Cover Letter,Životopis / sprievodný list,
Short biography for website and other publications.,Krátky životopis pre webové stránky a iné publikácie.,
Passport Number,Číslo pasu,
Date of Issue,Dátum vydania,
Place of Issue,Miesto vydania,
Widowed,Ovdovelé,
Family Background,Rodinné zázemie,
"Here you can maintain family details like name and occupation of parent, spouse and children","Tu môžete uchovávať údaje o rodine, ako je meno a povolanie rodiča, manžela/manželky a detí.",
Health Details,Podrobnosti o zdraví,
"Here you can maintain height, weight, allergies, medical concerns etc","Tu môžete uviesť výšku, hmotnosť, alergie, zdravotné problémy atď.",
Educational Qualification,Vzdelanie,
Previous Work Experience,Predchádzajúce pracovné skúsenosti,
External Work History,Externá pracovná história,
History In Company,História v spoločnosti,
Internal Work History,Interná história práce,
Resignation Letter Date,Dátum výpovede,
Relieving Date,Dátum úľavy,
Reason for Leaving,Dôvod odchodu,
Leave Encashed?,Nechajte inkasovať?,
Encashment Date,Dátum vyplatenia,
New Workplace,Nové pracovisko,
Returned Amount,Vrátená suma,
Advance Account,Zálohový účet,
Benefits Applied,Uplatnené výhody,
Benefit Type and Amount,Typ a výška dávky,
Task Weight,Váha úlohy,
Employee Education,Vzdelávanie zamestnancov,
School/University,Škola/univerzita,
Graduate,Absolvent,
Post Graduate,Postgraduálne štúdium,
Under Graduate,Absolvent,
Year of Passing,Rok odovzdania,
Class / Percentage,Trieda / percento,
Major/Optional Subjects,Hlavné/voliteľné predmety,
Employee External Work History,Externá pracovná história zamestnanca,
Total Experience,Celkové skúsenosti,
Default Leave Policy,Predvolená politika dovolenky,
Employee Group Table,Tabuľka skupiny zamestnancov,
ERPNext User ID,ID používateľa ERPNext,
Employee Internal Work History,Interná pracovná história zamestnanca,
Activities,Aktivity,
Employee Onboarding Activity,Činnosť pri nástupe zamestnancov,
Employee Promotion Detail,Detail povýšenia zamestnanca,
Employee Transfer Property,Prevod majetku zamestnanca,
Unclaimed amount,Nevyzdvihnutá suma,
Holiday List Name,Názov zoznamu dovoleniek,
Total Holidays,Dovolenka spolu,
Add Weekly Holidays,Pridať týždenné sviatky,
Weekly Off,Týždenné vypnutie,
Add to Holidays,Pridať do dovolenky,
Holidays,Dovolenka,
Clear Table,Čistý stôl,
Retirement Age,Vek odchodu do dôchodku,
Enter retirement age in years,Zadajte vek odchodu do dôchodku v rokoch,
Stop Birthday Reminders,Zastavenie pripomienok k narodeninám,
Leave Settings,Nechajte nastavenia,
Accepted,Prijaté,
Printing Details,Podrobnosti o tlači,
Job Title,Pracovný názov,
Allocation,Pridelenie,
Select Employees,Vybraní zamestnanci,
Allocate,Prideľovanie,
Max Leaves Allowed,Maximálny počet povolených listov,
Maximum Continuous Days Applicable,Maximálny počet dní v nepretržitej prevádzke,
Select Payroll Period,Vyberte výplatné obdobie,
Abbr,Skratka,
Condition and Formula,Stav a vzorec,
Total Working Hours,Celkový počet pracovných hodín,
Hour Rate,Hodinová sadzba,
Bank Account No.,Číslo bankového účtu,
Earning & Deduction,Výnosy a odpočty,
Loan repayment,Splácanie pôžičky,
Employee Loan,Zamestnanecká pôžička,
Total Principal Amount,Celková suma istiny,
Total Interest Amount,Celková suma úrokov,
Total Loan Repayment,Celková splátka pôžičky,
net pay info,informácie o čistej mzde,
Gross Pay - Total Deduction - Loan Repayment,Hrubá mzda - Zrážky spolu - Splátka pôžičky,
Net Pay (in words) will be visible once you save the Salary Slip.,Čistá mzda (v slovách) sa zobrazí po uložení výplatnej pásky.,
Staffing Plan Details,Podrobnosti o personálnom pláne,
Optional,Voliteľné,
Costing,Kalkulácia nákladov,
Vehicle,Vozidlo,
License Plate,Poznávacia značka,
Odometer Value (Last),Hodnota počítadla kilometrov (posledná),
Acquisition Date,Dátum nadobudnutia,
Chassis No,Číslo podvozku,
Vehicle Value,Hodnota vozidla,
Insurance Details,Podrobnosti o poistení,
Insurance Company,Poisťovňa,
Policy No,Politika č.,
Additional Details,Ďalšie podrobnosti,
Fuel Type,Typ paliva,
Petrol,Benzín,
Diesel,Diesel,
Natural Gas,Zemný plyn,
Electric,Elektrické,
Fuel UOM,Palivo UOM,
Last Carbon Check,Posledná kontrola uhlíka,
Wheels,Kolesá,
Doors,Dvere,
last Odometer Value,posledná hodnota počítadla kilometrov,
Service Detail,Detail služby,
Hub Tracked Item,Sledovaná položka rozbočovača,
Hub Node,Uzol Hub,
Image List,Zoznam obrázkov,
Item Manager,Správca položky,
Hub User,Používateľ rozbočovača,
Hub Password,Heslo rozbočovača,
Hub Users,Používatelia rozbočovača,
Marketplace Settings,Nastavenia trhoviska,
Disable Marketplace,Zakázanie trhoviska,
Marketplace URL (to hide and update label),Adresa URL trhoviska (na skrytie a aktualizáciu štítku),
Registered,Registrované,
Sync in Progress,Prebiehajúca synchronizácia,
Hub Seller Name,Názov predávajúceho rozbočovača,
Custom Data,Vlastné údaje,
Repay From Salary,Splácanie z platu,
Regular Payment,Pravidelná platba,
Loan Closure,Ukončenie pôžičky,
Rate of Interest (%) Yearly,Úroková sadzba (%) ročne,
MAT-MSH-.YYYY.-,MAT-MSH-.YYYY.-,
Generate Schedule,Generovať rozvrh,
Schedules,Rozvrhy,
Maintenance Schedule Detail,Detail plánu údržby,
Scheduled Date,Plánovaný dátum,
Actual Date,Skutočný dátum,
Maintenance Schedule Item,Plán údržby Položka,
Random,Náhodné,
No of Visits,Počet návštev,
MAT-MVS-.YYYY.-,MAT-MVS-.YYYY.-,
Maintenance Date,Dátum údržby,
Maintenance Time,Čas údržby,
Completion Status,Stav dokončenia,
Partially Completed,Čiastočne dokončené,
Fully Completed,Úplne dokončené,
Unscheduled,Neplánované,
Breakdown,Rozdelenie,
Purposes,Účely,
Customer Feedback,Spätná väzba od zákazníkov,
Maintenance Visit Purpose,Údržbová návšteva Účel,
Work Done,Hotová práca,
Against Document No,Proti dokumentu č.,
Against Document Detail No,Proti dokumentu Detail č.,
MFG-BLR-.YYYY.-,MFG-BLR-.YYYY.-,
Order Type,Typ objednávky,
Blanket Order Item,Položka hromadnej objednávky,
Ordered Quantity,Objednané množstvo,
Item to be manufactured or repacked,"Položka, ktorá sa má vyrobiť alebo prebaľovať",
Quantity of item obtained after manufacturing / repacking from given quantities of raw materials,Množstvo položky získané po výrobe/prebalení z daného množstva surovín,
Set rate of sub-assembly item based on BOM,Nastavenie sadzby položky podzostavy na základe kusovníka,
Allow Alternative Item,Povoliť alternatívnu položku,
Item UOM,Položka UOM,
Conversion Rate,Konverzný pomer,
Rate Of Materials Based On,Sadzba materiálov na základe,
With Operations,S operáciami,
Manage cost of operations,Riadenie prevádzkových nákladov,
Transfer Material Against,Prenos materiálu proti,
Routing,Smerovanie,
Materials,Materiály,
Quality Inspection Required,Požadovaná kontrola kvality,
Quality Inspection Template,Šablóna kontroly kvality,
Scrap,Šrot,
Scrap Items,Položky zo šrotu,
Operating Cost,Prevádzkové náklady,
Raw Material Cost,Náklady na suroviny,
Scrap Material Cost,Náklady na šrotový materiál,
Operating Cost (Company Currency),Prevádzkové náklady (v mene spoločnosti),
Raw Material Cost (Company Currency),Náklady na suroviny (mena spoločnosti),
Scrap Material Cost(Company Currency),Náklady na šrotový materiál (mena spoločnosti),
Total Cost,Celkové náklady,
Total Cost (Company Currency),Celkové náklady (v mene spoločnosti),
Materials Required (Exploded),Potrebné materiály (rozobrané),
Exploded Items,Vybuchnuté položky,
Show in Website,Zobraziť na webovej lokalite,
Item Image (if not slideshow),Obrázok položky (ak nejde o prezentáciu),
Thumbnail,Miniatúry,
Website Specifications,Špecifikácie webovej lokality,
Show Items,Zobraziť položky,
Show Operations,Zobraziť operácie,
Website Description,Popis webovej stránky,
BOM Explosion Item,Položka BOM Explosion,
Qty Consumed Per Unit,Množstvo spotrebované na jednotku,
Include Item In Manufacturing,Zahrnúť položku do výroby,
BOM Item,Položka kusovníka,
Item operation,Prevádzka položky,
Rate & Amount,Sadzba a suma,
Basic Rate (Company Currency),Základný kurz (mena spoločnosti),
Scrap %,Šrot %,
Original Item,Pôvodná položka,
BOM Operation,Prevádzka BOM,
Operation Time,Čas prevádzky,
In minutes,V minútach,
Batch Size,Veľkosť dávky,
Base Hour Rate(Company Currency),Základná hodinová sadzba (mena spoločnosti),
Operating Cost(Company Currency),Prevádzkové náklady (mena spoločnosti),
BOM Scrap Item,Položka BOM šrot,
Basic Amount (Company Currency),Základná suma (mena spoločnosti),
BOM Update Tool,Nástroj na aktualizáciu kusovníka,
"Replace a particular BOM in all other BOMs where it is used. It will replace the old BOM link, update cost and regenerate ""BOM Explosion Item"" table as per new BOM.\nIt also updates latest price in all the BOMs.","Nahradiť konkrétny kusovník vo všetkých ostatných kusovníkoch, v ktorých sa používa. Nahradí staré prepojenie kusovníka, aktualizuje náklady a vygeneruje tabuľku ""BOM Explosion Item"" podľa nového kusovníka.\nAktualizuje tiež najnovšiu cenu vo všetkých kusovníkoch.",
Replace BOM,Nahradiť BOM,
Current BOM,Aktuálny kusovník,
The BOM which will be replaced,"BOM, ktorý sa nahradí",
The new BOM after replacement,Nová BOM po výmene,
Replace,Vymeňte stránku,
Update latest price in all BOMs,Aktualizácia najnovšej ceny vo všetkých kusovníkoch,
BOM Website Item,Položka webovej stránky BOM,
BOM Website Operation,Prevádzka webovej stránky BOM,
Operation Time,Čas prevádzky,
PO-JOB.#####,PO-JOB.#####,
Timing Detail,Detail časovania,
Time Logs,Časové záznamy,
Total Time in Mins,Celkový čas v minútach,
Operation ID,ID operácie,
Transferred Qty,Prenesené množstvo,
Job Started,Začatie práce,
Started Time,Čas spustenia,
Current Time,Aktuálny čas,
Job Card Item,Položka karty práce,
Job Card Time Log,Časový záznam na karte práce,
Time In Mins,Čas v minútach,
Completed Qty,Dokončené množstvo,
Manufacturing Settings,Výrobné nastavenia,
Raw Materials Consumption,Spotreba surovín,
Allow Multiple Material Consumption,Povolenie viacnásobnej spotreby materiálu,
Backflush Raw Materials Based On,Spätné preplachovanie surovín na základe,
Material Transferred for Manufacture,Materiál odovzdaný na výrobu,
Capacity Planning,Plánovanie kapacity,
Disable Capacity Planning,Zakázanie plánovania kapacity,
Allow Overtime,Povolenie nadčasov,
Allow Production on Holidays,Povolenie výroby počas sviatkov,
Capacity Planning For (Days),Plánovanie kapacity na (dni),
Default Warehouses for Production,Predvolené sklady pre výrobu,
Default Work In Progress Warehouse,Predvolený sklad rozpracovanej výroby,
Default Finished Goods Warehouse,Predvolený sklad hotových výrobkov,
Default Scrap Warehouse,Predvolený sklad šrotu,
Overproduction Percentage For Sales Order,Percento nadprodukcie pre predajnú objednávku,
Overproduction Percentage For Work Order,Percento nadprodukcie pre pracovnú objednávku,
Other Settings,Iné nastavenia,
Update BOM Cost Automatically,Automatická aktualizácia nákladov BOM,
Material Request Plan Item,Položka plánu požiadaviek na materiál,
Material Request Type,Typ požiadavky na materiál,
Material Issue,Problém s materiálom,
Customer Provided,Poskytnuté zákazníkom,
Minimum Order Quantity,Minimálne množstvo objednávky,
Default Workstation,Predvolená pracovná stanica,
Production Plan,Výrobný plán,
MFG-PP-.YYYY.-,MFG-PP-.YYYY.-,
Get Items From,Získajte položky z,
Get Sales Orders,Získavanie objednávok predaja,
Material Request Detail,Detail požiadavky na materiál,
Get Material Request,Získať žiadosť o materiál,
Material Requests,Žiadosti o materiál,
Get Items For Work Order,Získať položky pre pracovnú objednávku,
Material Request Planning,Plánovanie požiadaviek na materiál,
Include Non Stock Items,Zahrnúť neskladové položky,
Include Subcontracted Items,Zahrnúť subdodávateľské položky,
Ignore Existing Projected Quantity,Ignorovať existujúce plánované množstvo,
"To know more about projected quantity, <a href=""https://erpnext.com/docs/user/manual/en/stock/projected-quantity"" style=""text-decoration: underline;"" target=""_blank"">click here</a>.","Ak sa chcete dozvedieť viac o predpokladanom množstve, <a href=""https://erpnext.com/docs/user/manual/en/stock/projected-quantity"" style=""text-decoration: underline;"" target=""_blank"">kliknite sem</a>.",
Download Required Materials,Stiahnutie požadovaných materiálov,
Get Raw Materials For Production,Získajte suroviny na výrobu,
Total Planned Qty,Celkové plánované množstvo,
Total Produced Qty,Celkové vyrobené množstvo,
Material Requested,Požadovaný materiál,
Production Plan Item,Výrobný plán Položka,
Make Work Order for Sub Assembly Items,Zostavte pracovnú objednávku pre položky čiastkovej montáže,
"If enabled, system will create the work order for the exploded items against which BOM is available.","Ak je táto možnosť zapnutá, systém vytvorí pracovnú objednávku pre rozobrané položky, ku ktorým je k dispozícii kusovník.",
Planned Start Date,Plánovaný dátum začatia,
Quantity and Description,Množstvo a opis,
material_request_item,material_request_item,
Product Bundle Item,Položka balíka produktov,
Production Plan Material Request,Žiadosť o materiál do plánu výroby,
Production Plan Sales Order,Plán výroby Objednávka predaja,
Sales Order Date,Dátum objednávky predaja,
Routing Name,Názov smerovania,
MFG-WO-.YYYY.-,MFG-WO-.YYYY.-,
Item To Manufacture,Položka na výrobu,
Material Transferred for Manufacturing,Materiál prenesený na výrobu,
Manufactured Qty,Vyrobené množstvo,
Use Multi-Level BOM,Používanie viacúrovňových kusovníkov,
Plan material for sub-assemblies,Plánovanie materiálu pre podzostavy,
Skip Material Transfer to WIP Warehouse,Vynechať presun materiálu do skladu WIP,
Check if material transfer entry is not required,"Skontrolujte, či nie je potrebný záznam o presune materiálu",
Backflush Raw Materials From Work-in-Progress Warehouse,Spätné prečerpávanie surovín zo skladu rozpracovanej výroby,
Update Consumed Material Cost In Project,Aktualizácia nákladov na spotrebovaný materiál v projekte,
Warehouses,Sklady,
This is a location where raw materials are available.,"Ide o miesto, kde sú k dispozícii suroviny.",
Work-in-Progress Warehouse,Sklad rozpracovanej výroby,
This is a location where operations are executed.,"Ide o miesto, kde sa vykonávajú operácie.",
This is a location where final product stored.,"Ide o miesto, kde sa skladuje finálny výrobok.",
Scrap Warehouse,Sklad šrotu,
This is a location where scraped materials are stored.,"Ide o miesto, kde sa skladuje zošrotovaný materiál.",
Required Items,Požadované položky,
Actual Start Date,Skutočný dátum začiatku,
Planned End Date,Plánovaný dátum ukončenia,
Actual End Date,Skutočný dátum ukončenia,
Operation Cost,Prevádzkové náklady,
Planned Operating Cost,Plánované prevádzkové náklady,
Actual Operating Cost,Skutočné prevádzkové náklady,
Additional Operating Cost,Dodatočné prevádzkové náklady,
Total Operating Cost,Celkové prevádzkové náklady,
Manufacture against Material Request,Výroba na základe žiadosti o materiál,
Work Order Item,Položka pracovnej objednávky,
Available Qty at Source Warehouse,Dostupné množstvo v Source Warehouse,
Available Qty at WIP Warehouse,Dostupné množstvo v sklade WIP,
Work Order Operation,Prevádzka pracovných príkazov,
Operation Description,Popis operácie,
Operation completed for how many finished goods?,Koľko hotových výrobkov bolo dokončených?,
Work in Progress,Prebiehajúce práce,
Estimated Time and Cost,Odhadovaný čas a náklady,
Planned Start Time,Plánovaný čas začiatku,
Planned End Time,Plánovaný čas ukončenia,
in Minutes,v minútach,
Actual Time and Cost,Skutočný čas a náklady,
Actual Start Time,Skutočný čas začiatku,
Actual End Time,Skutočný čas ukončenia,
Updated via 'Time Log',"Aktualizované prostredníctvom ""Časového denníka",
Actual Operation Time,Skutočný čas prevádzky,
in Minutes\nUpdated via 'Time Log',"v minútach\nAktualizované prostredníctvom ""Časového denníka",
(Hour Rate / 60) * Actual Operation Time,(hodinová sadzba / 60) * skutočný čas prevádzky,
Workstation Name,Názov pracovnej stanice,
Production Capacity,Výrobná kapacita,
Operating Costs,Prevádzkové náklady,
Electricity Cost,Náklady na elektrickú energiu,
per hour,za hodinu,
Consumable Cost,Náklady na spotrebný materiál,
Rent Cost,Náklady na nájomné,
Wages,Mzdy,
Wages per hour,Mzda na hodinu,
Net Hour Rate,Čistá hodinová sadzba,
Workstation Working Hour,Pracovná hodina pracoviska,
Certification Application,Žiadosť o certifikáciu,
Name of Applicant,Názov žiadateľa,
Certification Status,Stav certifikácie,
Yet to appear,Ešte sa neobjavili,
Certified,Certifikované,
Not Certified,Nie je certifikované,
USD,USD,
INR,INR,
Certified Consultant,Certifikovaný konzultant,
Name of Consultant,Meno konzultanta,
Certification Validity,Platnosť certifikácie,
Discuss ID,Diskusia ID,
GitHub ID,ID služby GitHub,
Non Profit Manager,Manažér neziskových organizácií,
Chapter Head,Hlava kapitoly,
Meetup Embed HTML,Meetup Vložiť HTML,
chapters/chapter_name\nleave blank automatically set after saving chapter.,chapters/chapter_name\nleave blank automaticky nastavené po uložení kapitoly.,
Chapter Members,Členovia kapitoly,
Members,Členovia,
Chapter Member,Člen kapitoly,
Website URL,Adresa URL webovej stránky,
Leave Reason,Dôvod odchodu,
Donor Name,Meno darcu,
Donor Type,Typ darcu,
Withdrawn,Stiahnuté,
Grant Application Details,Podrobnosti o žiadosti o grant,
Grant Description,Opis grantu,
Requested Amount,Požadovaná suma,
Has any past Grant Record,Má nejaký minulý záznam o grante,
Show on Website,Zobraziť na webovej lokalite,
Assessment  Mark (Out of 10),Hodnotenie Známka (z 10),
Assessment  Manager,Manažér hodnotenia,
Email Notification Sent,Odoslané e-mailové upozornenie,
NPO-MEM-.YYYY.-,NPO-MEM-.YYYY.-,
Membership Expiry Date,Dátum ukončenia platnosti členstva,
Razorpay Details,Razorpay Podrobnosti,
Subscription ID,ID predplatného,
Customer ID,ID zákazníka,
Subscription Activated,Aktivované predplatné,
Subscription Start,Začiatok predplatného,
Subscription End,Koniec predplatného,
Non Profit Member,Neziskový člen,
Membership Status,Stav členstva,
Member Since,Členom od,
Payment ID,ID platby,
Membership Settings,Nastavenia členstva,
Enable RazorPay For Memberships,Povolenie RazorPay pre členstvo,
RazorPay Settings,Nastavenia RazorPay,
Billing Cycle,Fakturačný cyklus,
Billing Frequency,Frekvencia fakturácie,
"The number of billing cycles for which the customer should be charged. For example, if a customer is buying a 1-year membership that should be billed on a monthly basis, this value should be 12.","Počet fakturačných cyklov, ktoré sa majú zákazníkovi účtovať. Ak si napríklad zákazník kupuje ročné členstvo, ktoré by sa malo účtovať mesačne, táto hodnota by mala byť 12.",
Razorpay Plan ID,ID plánu Razorpay,
Volunteer Name,Meno dobrovoľníka,
Volunteer Type,Typ dobrovoľníka,
Availability and Skills,Dostupnosť a zručnosti,
Availability,Dostupnosť,
Weekends,Víkendy,
Availability Timeslot,Dostupnosť Časový interval,
Morning,Ráno,
Afternoon,Popoludnie,
Evening,Večer,
Anytime,Kedykoľvek,
Volunteer Skills,Dobrovoľnícke zručnosti,
Volunteer Skill,Dobrovoľnícka zručnosť,
Homepage,Úvodná stránka,
Hero Section Based On,Sekcia hrdinov na základe,
Homepage Section,Úvodná stránka Sekcia,
Hero Section,Sekcia hrdinov,
Tag Line,Tag Line,
Company Tagline for website homepage,Slogan spoločnosti pre domovskú stránku webovej stránky,
Company Description for website homepage,Popis spoločnosti pre domovskú stránku webovej stránky,
Homepage Slideshow,Úvodná stránka Prezentácia,
"URL for ""All Products""","Adresa URL pre ""Všetky produkty""",
Products to be shown on website homepage,"Produkty, ktoré sa majú zobrazovať na domovskej stránke webovej stránky",
Homepage Featured Product,Úvodná stránka Odporúčaný produkt,
route,trasa,
Section Based On,Sekcia založená na,
Section Cards,Karty sekcií,
Number of Columns,Počet stĺpcov,
Number of columns for this section. 3 cards will be shown per row if you select 3 columns.,"Počet stĺpcov pre túto časť. Ak vyberiete 3 stĺpce, v každom riadku sa zobrazia 3 karty.",
Section HTML,Sekcia HTML,
Use this field to render any custom HTML in the section.,Toto pole použite na vykreslenie akéhokoľvek vlastného HTML v sekcii.,
Section Order,Objednávka sekcie,
"Order in which sections should appear. 0 is first, 1 is second and so on.","Poradie, v akom sa majú sekcie zobrazovať. 0 je prvá, 1 je druhá atď.",
Homepage Section Card,Úvodná stránka Sekcia Karta,
Subtitle,Podtitul,
Products Settings,Nastavenia produktov,
Home Page is Products,Domovská stránka je Produkty,
"If checked, the Home page will be the default Item Group for the website","Ak je začiarknuté, domovská stránka bude predvolenou skupinou položiek pre webové stránky",
Show Availability Status,Zobraziť stav dostupnosti,
Product Page,Stránka produktu,
Products per Page,Produkty na stránku,
Enable Field Filters,Povolenie filtrov polí,
Item Fields,Polia položky,
Enable Attribute Filters,Povolenie filtrov atribútov,
Attributes,Atribúty,
Hide Variants,Skryť varianty,
Website Attribute,Atribút webovej lokality,
Attribute,Atribút,
Website Filter Field,Pole filtra webovej lokality,
Activity Cost,Náklady na činnosť,
Billing Rate,Fakturačná sadzba,
Costing Rate,Výpočtová sadzba,
title,názov,
Projects User,Projekty Používateľ,
Default Costing Rate,Predvolená sadzba kalkulácie nákladov,
Default Billing Rate,Predvolená fakturačná sadzba,
Dependent Task,Závislá úloha,
Project Type,Typ projektu,
% Complete Method,Metóda % plnenia,
Task Completion,Dokončenie úlohy,
Task Progress,Priebeh úlohy,
% Completed,% Dokončené,
From Template,Zo šablóny,
Project will be accessible on the website to these users,Projekt bude týmto používateľom prístupný na webovej stránke,
Copied From,Skopírované z,
Start and End Dates,Dátumy začiatku a konca,
Actual Time in Hours (via Timesheet),Skutočný čas v hodinách (prostredníctvom časového výkazu),
Costing and Billing,Kalkulácia nákladov a fakturácia,
Total Costing Amount (via Timesheet),Celková suma nákladov (prostredníctvom časového rozvrhu),
Total Expense Claim (via Expense Claim),Celkové nároky na výdavky (prostredníctvom nároku na výdavky),
Total Purchase Cost (via Purchase Invoice),Celkové nákupné náklady (prostredníctvom nákupnej faktúry),
Total Sales Amount (via Sales Order),Celková suma predaja (prostredníctvom objednávky predaja),
Total Billable Amount (via Timesheet),Celková fakturovaná suma (prostredníctvom časového hárku),
Total Billed Amount (via Sales Invoice),Celková fakturovaná suma (prostredníctvom predajnej faktúry),
Total Consumed Material Cost (via Stock Entry),Celkové náklady na spotrebovaný materiál (prostredníctvom položky zásob),
Gross Margin,Hrubá marža,
Gross Margin %,Hrubá marža v %,
Monitor Progress,Monitorovanie pokroku,
Collect Progress,Zbierať pokrok,
Frequency To Collect Progress,Frekvencia zhromažďovania informácií o pokroku,
Twice Daily,Dvakrát denne,
First Email,Prvý e-mail,
Second Email,Druhý e-mail,
Time to send,Čas na odoslanie,
Day to Send,Deň odoslania,
Message will be sent to the users to get their status on the Project,"Používateľom sa odošle správa, aby sa dozvedeli o stave projektu.",
Projects Manager,Manažér projektov,
Project Template,Šablóna projektu,
Project Template Task,Úloha šablóny projektu,
Begin On (Days),Začať v (dni),
Duration (Days),Trvanie (dni),
Project Update,Aktualizácia projektu,
Project User,Používateľ projektu,
View attachments,Zobraziť prílohy,
Projects Settings,Nastavenia projektov,
Ignore Workstation Time Overlap,Ignorovanie časového prekrývania pracovných staníc,
Ignore User Time Overlap,Ignorovanie prekrývania času používateľa,
Ignore Employee Time Overlap,Ignorovanie prekrývania času zamestnancov,
Weight,Hmotnosť,
Parent Task,Úloha rodiča,
Timeline,Časová os,
Expected Time (in hours),Očakávaný čas (v hodinách),
% Progress,% Pokrok,
Is Milestone,Je míľnikom,
Task Description,Opis úlohy,
Dependencies,Závislosti,
Dependent Tasks,Závislé úlohy,
Depends on Tasks,Závisí od úloh,
Actual Start Date (via Timesheet),Skutočný dátum začiatku (prostredníctvom časového hárku),
Actual Time in Hours (via Timesheet),Skutočný čas v hodinách (prostredníctvom časového výkazu),
Actual End Date (via Timesheet),Skutočný dátum ukončenia (prostredníctvom časového hárku),
Total Expense Claim (via Expense Claim),Celkové nároky na výdavky (prostredníctvom nároku na výdavky),
Review Date,Dátum preskúmania,
Closing Date,Dátum uzávierky,
Task Depends On,Úloha závisí od,
Task Type,Typ úlohy,
TS-.YYYY.-,TS-.YYYY.-,
Employee Detail,Detail zamestnanca,
Billing Details,Fakturačné údaje,
Total Billable Hours,Celkový počet fakturovaných hodín,
Total Billed Hours,Celkový počet účtovaných hodín,
Total Costing Amount,Celková výška nákladov,
Total Billable Amount,Celková fakturovaná suma,
Total Billed Amount,Celková fakturovaná suma,
% Amount Billed,% Účtovaná suma,
Hrs,Hodiny,
Costing Amount,Výška nákladov,
Corrective/Preventive,Nápravné/preventívne,
Corrective,Korektívne,
Preventive,Preventívne,
Resolution,Rozlíšenie,
Resolutions,Riešenia,
Quality Action Resolution,Riešenie opatrení v oblasti kvality,
Quality Feedback Parameter,Parameter spätnej väzby kvality,
Quality Feedback Template Parameter,Parameter šablóny spätnej väzby kvality,
Quality Goal,Cieľ kvality,
Monitoring Frequency,Frekvencia monitorovania,
Weekday,Pracovný deň,
Objectives,Ciele,
Quality Goal Objective,Cieľ kvality,
Objective,Cieľ,
Agenda,Agenda,
Minutes,Minúty,
Quality Meeting Agenda,Program stretnutia o kvalite,
Quality Meeting Minutes,Zápisnica zo stretnutia o kvalite,
Minute,Minúta,
Parent Procedure,Postup pre rodičov,
Processes,Procesy,
Quality Procedure Process,Proces postupov kvality,
Process Description,Popis procesu,
Link existing Quality Procedure.,Prepojenie existujúceho postupu kvality.,
Additional Information,Ďalšie informácie,
Quality Review Objective,Cieľ preskúmania kvality,
DATEV Settings,Nastavenia DATEV,
Regional,Regionálne,
Consultant ID,ID konzultanta,
GST HSN Code,Kód HSN GST,
HSN Code,Kód HSN,
GST Settings,Nastavenia GST,
GST Summary,Zhrnutie GST,
GSTIN Email Sent On,GSTIN E-mail odoslaný dňa,
GST Accounts,Účty GST,
B2C Limit,Limit B2C,
Set Invoice Value for B2C. B2CL and B2CS calculated based on this invoice value.,Nastavenie hodnoty faktúry pre B2C. B2CL a B2CS sa vypočítajú na základe tejto fakturačnej hodnoty.,
GSTR 3B Report,Správa GSTR 3B,
January,Január,
February,Február,
March,Marec,
April,apríl,
August,August,
September,September,
October,Október,
November,November,
December,December,
JSON Output,Výstup JSON,
Invoices with no Place Of Supply,Faktúry bez miesta dodania,
Import Supplier Invoice,Importovať faktúru dodávateľa,
Invoice Series,Séria faktúr,
Upload XML Invoices,Odosielanie faktúr XML,
Zip File,Súbor Zip,
Import Invoices,Import faktúr,
Click on Import Invoices button once the zip file has been attached to the document. Any errors related to processing will be shown in the Error Log.,Po pripojení súboru zip k dokumentu kliknite na tlačidlo Importovať faktúry. Všetky chyby súvisiace so spracovaním sa zobrazia v protokole chýb.,
Lower Deduction Certificate,Certifikát o nižšej odpočítateľnej položke,
Certificate Details,Podrobnosti o certifikáte,
194A,194A,
194C,194C,
194D,194D,
194H,194H,
194I,194I,
194J,194J,
194LA,194LA,
194LBB,194LBB,
194LBC,194LBC,
Certificate No,Certifikát č.,
Deductee Details,Údaje o odpočítateľnej položke,
PAN No,PAN č.,
Validity Details,Podrobnosti o platnosti,
Rate Of TDS As Per Certificate,Sadzba TDS podľa certifikátu,
Certificate Limit,Limit certifikátu,
Invoice Series Prefix,Predpona série faktúr,
Active Menu,Aktívna ponuka,
Restaurant Menu,Menu reštaurácie,
Price List (Auto created),Cenník (automaticky vytvorený),
Restaurant Manager,Manažér reštaurácie,
Restaurant Menu Item,Položka menu reštaurácie,
Restaurant Order Entry,Zadávanie objednávok v reštaurácii,
Restaurant Table,Stôl v reštaurácii,
Click Enter To Add,Kliknutím na tlačidlo Enter pridáte,
Last Sales Invoice,Posledná predajná faktúra,
Current Order,Aktuálna objednávka,
Restaurant Order Entry Item,Položka zadávania objednávok v reštaurácii,
Served,Obsluhované stránky,
Restaurant Reservation,Rezervácia reštaurácie,
Waitlisted,Zoznam čakateľov,
No Show,Žiadne predstavenie,
No of People,Počet ľudí,
Reservation Time,Čas rezervácie,
Reservation End Time,Čas ukončenia rezervácie,
No of Seats,Počet miest,
Minimum Seating,Minimálny počet miest na sedenie,
"Keep Track of Sales Campaigns. Keep track of Leads, Quotations, Sales Order etc from Campaigns to gauge Return on Investment. ","Sledovanie predajných kampaní. Sledujte prílevy, ponuky, predajné objednávky atď. z kampaní, aby ste zistili návratnosť investícií.",
SAL-CAM-.YYYY.-,SAL-CAM-.YYYY.-,
Campaign Schedules,Harmonogramy kampaní,
Buyer of Goods and Services.,Kupujúci tovaru a služieb.,
CUST-.YYYY.-,CUST-.YYYY.-,
Default Company Bank Account,Predvolený bankový účet spoločnosti,
From Lead,Z vedenia,
Account Manager,Manažér účtu,
Allow Sales Invoice Creation Without Sales Order,Povolenie vytvárania predajných faktúr bez objednávky predaja,
Allow Sales Invoice Creation Without Delivery Note,Povolenie vytvárania predajných faktúr bez dodacieho listu,
Default Price List,Predvolený cenník,
Primary Address and Contact Detail,Hlavná adresa a kontaktné údaje,
"Select, to make the customer searchable with these fields","Vyberte, ak chcete, aby sa zákazník dal vyhľadávať pomocou týchto polí",
Customer Primary Contact,Primárny kontakt zákazníka,
"Reselect, if the chosen contact is edited after save","Opätovný výber, ak je vybraný kontakt po uložení upravený",
Customer Primary Address,Primárna adresa zákazníka,
"Reselect, if the chosen address is edited after save","Opätovný výber, ak je vybraná adresa po uložení upravená",
Primary Address,Primárna adresa,
Mention if non-standard receivable account,"Uveďte, ak ide o neštandardný pohľadávkový účet",
Credit Limit and Payment Terms,Úverový limit a platobné podmienky,
Additional information regarding the customer.,Ďalšie informácie o zákazníkovi.,
Sales Partner and Commission,Obchodný partner a provízie,
Commission Rate,Sadzba provízie,
Sales Team Details,Podrobnosti o predajnom tíme,
Customer POS id,Identifikátor zákazníka POS,
Customer Credit Limit,Úverový limit zákazníka,
Bypass Credit Limit Check at Sales Order,Obchádzanie kontroly kreditného limitu pri objednávke predaja,
Industry Type,Typ odvetvia,
MAT-INS-.YYYY.-,MAT-INS-.YYYY.-,
Installation Date,Dátum inštalácie,
Installation Time,Čas inštalácie,
Installation Note Item,Poznámka k inštalácii Položka,
Installed Qty,Inštalované množstvo,
Lead Source,Zdroj vedenia,
Period Start Date,Dátum začiatku obdobia,
Period End Date,Dátum ukončenia obdobia,
Cashier,Pokladňa,
Difference,Rozdiel,
Modes of Payment,Spôsoby platby,
Linked Invoices,Prepojené faktúry,
POS Closing Voucher Details,Podrobnosti o záverečnom poukaze POS,
Collected Amount,Vyzbieraná suma,
Expected Amount,Očakávaná suma,
POS Closing Voucher Invoices,Záverečné faktúry POS,
Quantity of Items,Množstvo položiek,
"Aggregate group of **Items** into another **Item**. This is useful if you are bundling a certain **Items** into a package and you maintain stock of the packed **Items** and not the aggregate **Item**. \n\nThe package **Item** will have ""Is Stock Item"" as ""No"" and ""Is Sales Item"" as ""Yes"".\n\nFor Example: If you are selling Laptops and Backpacks separately and have a special price if the customer buys both, then the Laptop + Backpack will be a new Product Bundle Item.\n\nNote: BOM = Bill of Materials","Agregovať skupinu **položiek** do inej **položky**. To je užitočné, ak balíte určité **položky** do balíka a udržiavate zásoby balených **položiek**, a nie súhrnných **položiek**. \n\nBalík **Položka** bude mať ""Je skladovou položkou"" ako ""Nie"" a ""Je predajnou položkou"" ako ""Áno"".\n\nPríklad: Ak predávate notebooky a batohy samostatne a máte špeciálnu cenu, ak si zákazník kúpi oboje, potom bude notebook + batoh novou položkou balíka produktov.\n\nPoznámka: BOM = Bill of Materials",
Parent Item,Nadradená položka,
List items that form the package.,"Zoznam položiek, ktoré tvoria balík.",
SAL-QTN-.YYYY.-,SAL-QTN-.YYYY.-,
Quotation To,Citácia na,
Rate at which customer's currency is converted to company's base currency,"Kurz, podľa ktorého sa mena zákazníka prepočíta na základnú menu spoločnosti",
Rate at which Price list currency is converted to company's base currency,"Kurz, podľa ktorého sa mena cenníka prepočítava na základnú menu spoločnosti",
Additional Discount and Coupon Code,Dodatočná zľava a kód kupónu,
Referral Sales Partner,Partner pre referenčný predaj,
In Words will be visible once you save the Quotation.,In Words sa zobrazí po uložení citácie.,
Term Details,Podrobnosti o termíne,
Quotation Item,Položka cenovej ponuky,
Against Doctype,Proti typu Doctype,
Against Docname,Proti Docname,
Additional Notes,Ďalšie poznámky,
SAL-ORD-.YYYY.-,SAL-ORD-.YYYY.-,
Skip Delivery Note,Vynechať poznámku o doručení,
In Words will be visible once you save the Sales Order.,V slovách sa zobrazia po uložení objednávky predaja.,
Track this Sales Order against any Project,Sledovanie tejto predajnej objednávky v rámci akéhokoľvek projektu,
Billing and Delivery Status,Stav fakturácie a dodania,
Not Delivered,Nedodané,
Fully Delivered,Plne dodané,
Partly Delivered,Čiastočne dodané,
Not Applicable,Neuplatňuje sa,
%  Delivered,Dodané %,
% of materials delivered against this Sales Order,% materiálov dodaných na základe tejto predajnej objednávky,
% of materials billed against this Sales Order,% materiálu fakturovaného na základe tejto predajnej objednávky,
Not Billed,Neúčtované,
Fully Billed,Plne účtované,
Partly Billed,Čiastočne účtované,
Ensure Delivery Based on Produced Serial No,Zabezpečenie dodávky na základe vyrobeného sériového čísla,
Supplier delivers to Customer,Dodávateľ dodáva zákazníkovi,
Delivery Warehouse,Dodávkový sklad,
Planned Quantity,Plánované množstvo,
For Production,Pre výrobu,
Work Order Qty,Objednávka práce Množstvo,
Produced Quantity,Vyrobené množstvo,
Used for Production Plan,Používa sa pre plán výroby,
Sales Partner Type,Typ obchodného partnera,
Contact No.,Kontaktné číslo.,
Contribution (%),Príspevok (%),
Contribution to Net Total,Príspevok k čistej sume,
Selling Settings,Nastavenia predaja,
Settings for Selling Module,Nastavenia predajného modulu,
Customer Naming By,Pomenovanie zákazníka podľa,
Campaign Naming By,Pomenovanie kampane podľa,
Default Customer Group,Predvolená skupina zákazníkov,
Default Territory,Predvolené územie,
Close Opportunity After Days,Uzavrieť príležitosť po niekoľkých dňoch,
Default Quotation Validity Days,Predvolené dni platnosti ponuky,
Sales Update Frequency,Frekvencia aktualizácie predaja,
Each Transaction,Každá transakcia,
SMS Center,Centrum SMS,
Send To,Odoslať na,
All Contact,Všetky kontakty,
All Customer Contact,Všetky kontakty so zákazníkmi,
All Supplier Contact,Všetci dodávatelia Kontakt,
All Sales Partner Contact,Kontakt na všetkých obchodných partnerov,
All Lead (Open),Všetko olovo (otvorené),
All Employee (Active),Všetci zamestnanci (aktívne),
All Sales Person,Všetci predajcovia,
Create Receiver List,Vytvorenie zoznamu príjemcov,
Receiver List,Zoznam prijímačov,
Messages greater than 160 characters will be split into multiple messages,Správy dlhšie ako 160 znakov budú rozdelené do viacerých správ,
Total Characters,Celkový počet znakov,
Total Message(s),Celková správa (správy),
Authorization Control,Kontrola autorizácie,
Authorization Rule,Pravidlo autorizácie,
Average Discount,Priemerná zľava,
Customerwise Discount,Zákaznícka zľava,
Itemwise Discount,Zľava Itemwise,
Customer or Item,Zákazník alebo položka,
Customer / Item Name,Názov zákazníka / položky,
Authorized Value,Autorizovaná hodnota,
Applicable To (Role),Vzťahuje sa na (Úloha),
Applicable To (Employee),Vzťahuje sa na (zamestnanca),
Applicable To (User),Platí pre (používateľa),
Applicable To (Designation),Vzťahuje sa na (označenie),
Approving Role (above authorized value),Schvaľujúca úloha (nad povolenú hodnotu),
Approving User  (above authorized value),Schvaľujúci používateľ (nad povolenú hodnotu),
Brand Defaults,Predvolené nastavenia značky,
Legal Entity / Subsidiary with a separate Chart of Accounts belonging to the Organization.,"Právnická osoba/dcérska spoločnosť so samostatnou účtovnou osnovou, ktorá patrí organizácii.",
Change Abbreviation,Zmena skratky,
Parent Company,Materská spoločnosť,
Default Values,Predvolené hodnoty,
Default Holiday List,Predvolený zoznam dovoleniek,
Default Selling Terms,Predvolené podmienky predaja,
Default Buying Terms,Predvolené podmienky nákupu,
Create Chart Of Accounts Based On,Vytvorenie účtovnej osnovy na základe,
Standard Template,Štandardná šablóna,
Existing Company,Existujúca spoločnosť,
Chart Of Accounts Template,Šablóna účtovnej osnovy,
Existing Company,Existujúca spoločnosť,
Date of Establishment,Dátum založenia,
Sales Settings,Nastavenia predaja,
Monthly Sales Target,Mesačný cieľ predaja,
Sales Monthly History,Mesačná história predaja,
Transactions Annual History,Ročná história transakcií,
Total Monthly Sales,Celkový mesačný predaj,
Default Cash Account,Predvolený peňažný účet,
Default Receivable Account,Účet pohľadávok v omeškaní,
Round Off Cost Center,Nákladové stredisko Round Off,
Discount Allowed Account,Účet s povolenou zľavou,
Discount Received Account,Účet prijatých zliav,
Exchange Gain / Loss Account,Účet kurzových ziskov/strát,
Unrealized Exchange Gain/Loss Account,Účet nerealizovaných kurzových ziskov/strát,
Allow Account Creation Against Child Company,Povolenie vytvorenia účtu voči detskej spoločnosti,
Default Payable Account,Predvolený účet záväzkov,
Default Employee Advance Account,Predvolený zálohový účet zamestnanca,
Default Cost of Goods Sold Account,Predvolený účet Náklady na predaný tovar,
Default Income Account,Predvolený príjmový účet,
Default Deferred Revenue Account,Predvolený účet výnosov budúcich období,
Default Deferred Expense Account,Predvolený účet nákladov budúcich období,
Default Payroll Payable Account,Predvolený účet pre výplaty,
Default Expense Claim Payable Account,Predvolený účet pohľadávok na úhradu nákladov,
Stock Settings,Nastavenia zásob,
Enable Perpetual Inventory,Povolenie trvalej inventúry,
Default Inventory Account,Predvolený účet zásob,
Stock Adjustment Account,Účet úpravy zásob,
Fixed Asset Depreciation Settings,Nastavenia odpisovania dlhodobého majetku,
Series for Asset Depreciation Entry (Journal Entry),Séria pre zápis odpisov majetku (zápis do denníka),
Gain/Loss Account on Asset Disposal,Účet Zisk/strata z vyradenia majetku,
Asset Depreciation Cost Center,Nákladové stredisko odpisovania majetku,
Budget Detail,Detail rozpočtu,
Exception Budget Approver Role,Úloha schvaľovateľa rozpočtu na výnimky,
Company Info,Informácie o spoločnosti,
For reference only.,Len pre informáciu.,
Company Logo,Logo spoločnosti,
Date of Incorporation,Dátum založenia,
Date of Commencement,Dátum začatia,
Phone No,Telefónne číslo,
Company Description,Popis spoločnosti,
Registration Details,Registračné údaje,
Company registration numbers for your reference. Tax numbers etc.,Registračné čísla spoločností na nahliadnutie. Daňové čísla atď.,
Delete Company Transactions,Odstránenie transakcií spoločnosti,
Currency Exchange,Zmenáreň,
Specify Exchange Rate to convert one currency into another,Zadajte výmenný kurz na prevod jednej meny na inú,
From Currency,Z meny,
To Currency,Na menu,
For Buying,Na nákup,
For Selling,Na predaj,
Customer Group Name,Názov skupiny zákazníkov,
Parent Customer Group,Skupina rodičovských zákazníkov,
Only leaf nodes are allowed in transaction,V transakcii sú povolené len listové uzly,
Mention if non-standard receivable account applicable,"Uveďte, či sa uplatňuje neštandardný účet pohľadávky",
Credit Limits,Úverové limity,
Email Digest,E-mailový prehľad,
Send regular summary reports via Email.,Pravidelné zasielanie súhrnných správ prostredníctvom e-mailu.,
Email Digest Settings,Nastavenia e-mailového Digestu,
How frequently?,Ako často?,
Next email will be sent on:,Ďalší e-mail bude odoslaný dňa:,
Note: Email will not be sent to disabled users,Poznámka: E-mail nebude odoslaný zakázaným používateľom,
Profit & Loss,Zisk a strata,
New Income,Nové príjmy,
New Expenses,Nové výdavky,
Annual Income,Ročný príjem,
Annual Expenses,Ročné výdavky,
Bank Balance,Zostatok v banke,
Bank Credit Balance,Zostatok bankového úveru,
Receivables,Pohľadávky,
Payables,Záväzky,
Sales Orders to Bill,Objednávky predaja na faktúru,
Purchase Orders to Bill,Objednávky na faktúru,
New Sales Orders,Nové objednávky predaja,
New Purchase Orders,Nové nákupné objednávky,
Sales Orders to Deliver,Objednávky predaja na dodanie,
Purchase Orders to Receive,Objednávky na nákup na prijatie,
New Purchase Invoice,Nová nákupná faktúra,
New Quotations,Nové citácie,
Open Quotations,Otvorené citácie,
Open Issues,Otvorené otázky,
Open Projects,Otvorené projekty,
Purchase Orders Items Overdue,Objednávky na nákup Položky po splatnosti,
Upcoming Calendar Events,Nadchádzajúce udalosti v kalendári,
Open To Do,Otvorené na vykonanie,
Add Quote,Pridať ponuku,
Global Defaults,Globálne predvolené nastavenia,
Default Company,Predvolená spoločnosť,
Current Fiscal Year,Bežný fiškálny rok,
Default Distance Unit,Predvolená jednotka vzdialenosti,
Hide Currency Symbol,Skryť symbol meny,
Do not show any symbol like $ etc next to currencies.,Pri menách nezobrazujte žiadne symboly ako $ atď.,
"If disable, 'Rounded Total' field will not be visible in any transaction","Ak je vypnuté, pole ""Zaokrúhlený súčet"" nebude viditeľné v žiadnej transakcii.",
Disable In Words,Zakázať v slovách,
"If disable, 'In Words' field will not be visible in any transaction","Ak je zakázané, pole ""In Words"" nebude viditeľné v žiadnej transakcii",
Item Classification,Klasifikácia položky,
General Settings,Všeobecné nastavenia,
Item Group Name,Názov skupiny položiek,
Parent Item Group,Nadradená skupina položiek,
Item Group Defaults,Predvolené nastavenia skupiny položiek,
Item Tax,Daň z položky,
Check this if you want to show in website,"Ak chcete zobraziť na webovej lokalite, začiarknite túto možnosť.",
Show this slideshow at the top of the page,Zobrazenie tejto prezentácie v hornej časti stránky,
HTML / Banner that will show on the top of product list.,"HTML / Banner, ktorý sa zobrazí v hornej časti zoznamu produktov.",
Set prefix for numbering series on your transactions,Nastavenie prefixu pre číslovanie sérií transakcií,
Setup Series,Séria nastavení,
Update Series,Séria aktualizácií,
Change the starting / current sequence number of an existing series.,Zmena počiatočného/aktuálneho poradového čísla existujúcej série.,
Quotation Lost Reason,Citácia Stratený dôvod,
A third party distributor / dealer / commission agent / affiliate / reseller who sells the companies products for a commission.,"Distribútor/obchodník/provízny zástupca/partner/predajca tretej strany, ktorý predáva výrobky spoločnosti za províziu.",
Sales Partner Name,Názov obchodného partnera,
Partner Type,Typ partnera,
Address & Contacts,Adresa a kontakty,
Address Desc,Adresa Desc,
Contact Desc,Kontakt Desc,
Sales Partner Target,Cieľový predajný partner,
Targets,Ciele,
Show In Website,Zobraziť na webovej lokalite,
Referral Code,Odporučovací kód,
To Track inbound purchase,Sledovanie prichádzajúceho nákupu,
Logo,Logo,
Partner website,Webová stránka partnera,
All Sales Transactions can be tagged against multiple **Sales Persons** so that you can set and monitor targets.,"Všetky predajné transakcie možno označiť podľa viacerých **Predajcov**, aby ste mohli nastaviť a sledovať ciele.",
Name and Employee ID,Meno a ID zamestnanca,
Sales Person Name,Meno predajcu,
Parent Sales Person,Rodičovský predajca,
Select company name first.,Najprv vyberte názov spoločnosti.,
Sales Person Targets,Ciele predajcov,
Set targets Item Group-wise for this Sales Person.,Nastavenie cieľových položiek podľa skupín pre tohto predajcu.,
Supplier Group Name,Názov skupiny dodávateľov,
Parent Supplier Group,Skupina materských dodávateľov,
Target Detail,Detail cieľa,
Target Qty,Cieľové množstvo,
Target  Amount,Cieľová suma,
Target Distribution,Cieľová distribúcia,
"Standard Terms and Conditions that can be added to Sales and Purchases.\n\nExamples:\n\n1. Validity of the offer.\n1. Payment Terms (In Advance, On Credit, part advance etc).\n1. What is extra (or payable by the Customer).\n1. Safety / usage warning.\n1. Warranty if any.\n1. Returns Policy.\n1. Terms of shipping, if applicable.\n1. Ways of addressing disputes, indemnity, liability, etc.\n1. Address and Contact of your Company.","Štandardné zmluvné podmienky, ktoré je možné pridať do predaja a nákupu.\n\nPríklady:\n\n1. Platnosť ponuky.\n1. Platobné podmienky (vopred, na úver, čiastočne vopred atď.).\n1. Čo je navyše (alebo čo platí zákazník).\n1. Bezpečnostné upozornenie / upozornenie na používanie.\n1. Záruka, ak existuje.\n1. Zásady vrátenia tovaru.\n1. Prípadné podmienky prepravy.\n1. Spôsoby riešenia sporov, náhrady škody, zodpovednosti atď. Adresa a kontakt na vašu spoločnosť.",
Applicable Modules,Príslušné moduly,
Terms and Conditions Help,Pomocník pre zmluvné podmienky,
Classification of Customers by region,Klasifikácia zákazníkov podľa regiónov,
Territory Name,Názov územia,
Parent Territory,Materské územie,
Territory Manager,Manažér územia,
For reference,Pre porovnanie,
Territory Targets,Cieľové územia,
Set Item Group-wise budgets on this Territory. You can also include seasonality by setting the Distribution.,Nastavenie rozpočtov podľa skupín položiek na tomto území. Nastavením položky Distribúcia môžete zahrnúť aj sezónnosť.,
UOM Name,Názov UOM,
Check this to disallow fractions. (for Nos),Začiarknutím tejto možnosti zakážete zlomky. (pre č.),
Website Item Group,Skupina položiek webovej lokality,
Cross Listing of Item in multiple groups,Krížový zoznam položky vo viacerých skupinách,
Default settings for Shopping Cart,Predvolené nastavenia pre nákupný košík,
Enable Shopping Cart,Povolenie nákupného košíka,
Display Settings,Nastavenia displeja,
Show Public Attachments,Zobraziť verejné prílohy,
Show Price,Zobraziť cenu,
Show Stock Availability,Zobraziť dostupnosť zásob,
Show Contact Us Button,Zobraziť tlačidlo Kontaktujte nás,
Show Stock Quantity,Zobraziť množstvo zásob,
Show Apply Coupon Code,Zobraziť Použiť kód kupónu,
Allow items not in stock to be added to cart,"Umožniť pridanie položiek, ktoré nie sú na sklade, do košíka",
Prices will not be shown if Price List is not set,"Ceny sa nezobrazia, ak nie je nastavený Cenník",
Quotation Series,Séria citácií,
Checkout Settings,Nastavenia pokladnice,
Enable Checkout,Povolenie registrácie,
Payment Success Url,Úspešná platba Url,
After payment completion redirect user to selected page.,Po dokončení platby presmerujte používateľa na vybranú stránku.,
Batch Details,Podrobnosti o dávke,
Batch ID,ID dávky,
image,obrázok,
Parent Batch,Nadradená dávka,
Manufacturing Date,Dátum výroby,
Batch Quantity,Množstvo dávky,
Batch UOM,Dávka UOM,
Source Document Type,Typ zdrojového dokumentu,
Source Document Name,Názov zdrojového dokumentu,
Batch Description,Dávka Popis,
Bin,Bin,
Reserved Quantity,Rezervované množstvo,
Actual Quantity,Skutočné množstvo,
Requested Quantity,Požadované množstvo,
Reserved Qty for sub contract,Rezervované množstvo pre čiastkovú zmluvu,
Moving Average Rate,Kĺzavá priemerná sadzba,
FCFS Rate,Sadzba FCFS,
Customs Tariff Number,Číslo colného sadzobníka,
Tariff Number,Číslo tarify,
Delivery To,Doručenie do,
MAT-DN-.YYYY.-,MAT-DN-.YYYY.-,
Is Return,Je návrat,
Issue Credit Note,Vystavenie dobropisu,
Return Against Delivery Note,Vrátenie oproti dodaciemu listu,
Customer's Purchase Order No,Objednávka zákazníka č.,
Billing Address Name,Názov fakturačnej adresy,
Required only for sample item.,Vyžaduje sa len pre položku vzorky.,
"If you have created a standard template in Sales Taxes and Charges Template, select one and click on the button below.","Ak ste vytvorili štandardnú šablónu v položke Šablóna daní z obratu a poplatkov, vyberte jednu z nich a kliknite na tlačidlo nižšie.",
In Words will be visible once you save the Delivery Note.,In Words sa zobrazí po uložení dodacieho listu.,
In Words (Export) will be visible once you save the Delivery Note.,In Words (Export) sa zobrazí po uložení dodacieho listu.,
Transporter Info,Informácie o dopravcovi,
Driver Name,Meno vodiča,
Track this Delivery Note against any Project,Sledovanie tejto dodacej poznámky k akémukoľvek projektu,
Inter Company Reference,Referencia medzi spoločnosťami,
Print Without Amount,Tlač bez sumy,
% Installed,% Nainštalované,
% of materials delivered against this Delivery Note,% materiálov dodaných na základe tohto dodacieho listu,
Installation Status,Stav inštalácie,
Excise Page Number,Číslo strany pre spotrebnú daň,
Instructions,Pokyny,
From Warehouse,Zo skladu,
Against Sales Order,Voči objednávke predaja,
Against Sales Order Item,Voči položke objednávky predaja,
Against Sales Invoice,Voči faktúre za predaj,
Against Sales Invoice Item,Voči položke faktúry za predaj,
Available Batch Qty at From Warehouse,Dostupné množstvo dávky v sklade,
Available Qty at From Warehouse,Dostupné množstvo na adrese From Warehouse,
Delivery Settings,Nastavenia doručenia,
Dispatch Settings,Nastavenia odoslania,
Dispatch Notification Template,Šablóna oznámenia o odoslaní,
Dispatch Notification Attachment,Príloha s oznámením o odoslaní,
Leave blank to use the standard Delivery Note format,"Ak chcete použiť štandardný formát dodacieho listu, nechajte prázdne.",
Send with Attachment,Odoslať s prílohou,
Delay between Delivery Stops,Oneskorenie medzi zastávkami dodávky,
Delivery Stop,Zastávka doručenia,
Lock,Zámok,
Visited,Navštívené stránky,
Order Information,Informácie o objednávke,
Contact Information,Kontaktné informácie,
Email sent to,E-mail odoslaný na adresu,
Dispatch Information,Informácie o odoslaní,
Estimated Arrival,Odhadovaný príchod,
MAT-DT-.YYYY.-,MAT-DT-.YYYY.-,
Initial Email Notification Sent,Odoslanie úvodného e-mailového oznámenia,
Delivery Details,Podrobnosti o doručení,
Driver Email,E-mail vodiča,
Driver Address,Adresa vodiča,
Total Estimated Distance,Celková odhadovaná vzdialenosť,
Distance UOM,Vzdialenosť UOM,
Departure Time,Čas odchodu,
Delivery Stops,Zastávky doručovania,
Calculate Estimated Arrival Times,Výpočet odhadovaného času príchodu,
Use Google Maps Direction API to calculate estimated arrival times,Používanie rozhrania API smeru Google Maps na výpočet odhadovaného času príchodu,
Optimize Route,Optimalizácia trasy,
Use Google Maps Direction API to optimize route,Používanie rozhrania API smeru v Mapách Google na optimalizáciu trasy,
In Transit,V tranzite,
Fulfillment User,Používateľ plnenia,
"A Product or a Service that is bought, sold or kept in stock.","Produkt alebo služba, ktoré sa kupujú, predávajú alebo držia na sklade.",
STO-ITEM-.YYYY.-,STO-ITEM-.YYYY.-,
Variant Of,Variant z,
"If item is a variant of another item then description, image, pricing, taxes etc will be set from the template unless explicitly specified","Ak je položka variantom inej položky, potom sa popis, obrázok, ceny, dane atď. nastavia zo šablóny, ak to nie je výslovne uvedené",
Is Item from Hub,Je položka z rozbočovača,
Default Unit of Measure,Predvolená merná jednotka,
Maintain Stock,Udržiavanie zásob,
Standard Selling Rate,Štandardná predajná sadzba,
Auto Create Assets on Purchase,Automatické vytvorenie aktív pri nákupe,
Asset Naming Series,Séria pomenovaní aktív,
Over Delivery/Receipt Allowance (%),Príspevok za prekročenie dodávky/príjmu (%),
Barcodes,Čiarové kódy,
Shelf Life In Days,Trvanlivosť v dňoch,
End of Life,Koniec života,
Default Material Request Type,Predvolený typ požiadavky na materiál,
Valuation Method,Metóda oceňovania,
FIFO,FIFO,
Moving Average,Kĺzavý priemer,
Warranty Period (in days),Záručná doba (v dňoch),
Auto re-order,Automatické opätovné objednanie,
Reorder level based on Warehouse,Úroveň doobjednania na základe skladu,
Will also apply for variants unless overrridden,"Uplatňuje sa aj na varianty, pokiaľ nie sú zrušené",
Units of Measure,Merné jednotky,
Will also apply for variants,Bude sa vzťahovať aj na varianty,
Serial Nos and Batches,Sériové čísla a šarže,
Has Batch No,Má číslo dávky,
Automatically Create New Batch,Automatické vytvorenie novej dávky,
Batch Number Series,Číslo šarže Séria,
"Example: ABCD.#####. If series is set and Batch No is not mentioned in transactions, then automatic batch number will be created based on this series. If you always want to explicitly mention Batch No for this item, leave this blank. Note: this setting will take priority over the Naming Series Prefix in Stock Settings.","Príklad: ABCD.#####. Ak je nastavený rad a číslo dávky nie je v transakciách uvedené, potom sa na základe tohto radu vytvorí automatické číslo dávky. Ak chcete pre túto položku vždy explicitne uvádzať číslo šarže, nechajte túto položku prázdnu. Poznámka: toto nastavenie bude mať prednosť pred nastavením Prefix pomenovania série v Nastaveniach skladu.",
Has Expiry Date,Má dátum skončenia platnosti,
Retain Sample,Ponechajte si vzorku,
Max Sample Quantity,Maximálne množstvo vzoriek,
Maximum sample quantity that can be retained,"Maximálne množstvo vzorky, ktoré možno uchovať",
Has Serial No,Má sériové číslo,
Serial Number Series,Sériové číslo Séria,
"Example: ABCD.#####\nIf series is set and Serial No is not mentioned in transactions, then automatic serial number will be created based on this series. If you always want to explicitly mention Serial Nos for this item. leave this blank.","Príklad: ABCD.#####\nAk je nastavená séria a sériové číslo nie je uvedené v transakciách, potom sa na základe tejto série vytvorí automatické sériové číslo. Ak chcete pre túto položku vždy explicitne uvádzať sériové čísla. nechajte túto položku prázdnu.",
Variants,Varianty,
Has Variants,Má varianty,
"If this item has variants, then it cannot be selected in sales orders etc.","Ak má táto položka varianty, nie je možné ju vybrať v objednávkach predaja atď.",
Variant Based On,Variant založený na,
Item Attribute,Atribút položky,
"Sales, Purchase, Accounting Defaults","Predaj, nákup, účtovné chyby",
Item Defaults,Predvolené nastavenia položky,
"Purchase, Replenishment Details","Podrobnosti o nákupe, doplnení",
Is Purchase Item,Je položka nákupu,
Default Purchase Unit of Measure,Predvolená merná jednotka nákupu,
Minimum Order Qty,Minimálna objednávka Qty,
Minimum quantity should be as per Stock UOM,Minimálne množstvo by malo byť podľa UOM zásob,
Average time taken by the supplier to deliver,"Priemerný čas, ktorý dodávateľ potrebuje na dodanie",
Is Customer Provided Item,Je položka poskytnutá zákazníkom,
Delivered by Supplier (Drop Ship),Dodané dodávateľom (Drop Ship),
Supplier Items,Položky dodávateľa,
Foreign Trade Details,Podrobnosti o zahraničnom obchode,
Country of Origin,Krajina pôvodu,
Sales Details,Podrobnosti o predaji,
Default Sales Unit of Measure,Predvolená merná jednotka predaja,
Is Sales Item,Je predajná položka,
Max Discount (%),Maximálna zľava (%),
No of Months,Počet mesiacov,
Customer Items,Položky pre zákazníkov,
Inspection Criteria,Kritériá kontroly,
Inspection Required before Purchase,Kontrola potrebná pred kúpou,
Inspection Required before Delivery,Kontrola potrebná pred dodaním,
Default BOM,Predvolená BOM,
Supply Raw Materials for Purchase,Dodávka surovín na nákup,
If subcontracted to a vendor,Ak sa zadá subdodávateľovi,
Customer Code,Kód zákazníka,
Default Item Manufacturer,Predvolený výrobca položky,
Default Manufacturer Part No,Predvolené číslo dielu výrobcu,
Show in Website (Variant),Zobraziť na webovej stránke (Variant),
Items with higher weightage will be shown higher,Položky s vyššou váhou sa zobrazia vyššie,
Show a slideshow at the top of the page,Zobrazenie prezentácie v hornej časti stránky,
Website Image,Webová stránka Obrázok,
Website Warehouse,Webová stránka Warehouse,
"Show ""In Stock"" or ""Not in Stock"" based on stock available in this warehouse.","Zobrazte ""Na sklade"" alebo ""Nie je na sklade"" na základe zásob dostupných v tomto sklade.",
Website Item Groups,Skupiny položiek webovej lokality,
List this Item in multiple groups on the website.,Uveďte túto položku vo viacerých skupinách na webovej lokalite.,
Copy From Item Group,Kopírovať zo skupiny položiek,
Website Content,Obsah webovej lokality,
You can use any valid Bootstrap 4 markup in this field. It will be shown on your Item Page.,V tomto poli môžete použiť ľubovoľnú platnú značku Bootstrap 4. Zobrazí sa na stránke položky.,
Total Projected Qty,Celkové predpokladané množstvo,
Hub Publishing Details,Podrobnosti o vydavateľstve Hub,
Publish in Hub,Publikovať v centre Hub,
Publish Item to hub.erpnext.com,Publikovanie položky na hub.erpnext.com,
Hub Category to Publish,Kategória rozbočovača na publikovanie,
Hub Warehouse,Hub Warehouse,
"Publish ""In Stock"" or ""Not in Stock"" on Hub based on stock available in this warehouse.","Publikujte ""Na sklade"" alebo ""Nie je na sklade"" na Hub-e na základe zásob dostupných v tomto sklade.",
Synced With Hub,Synchronizácia s rozbočovačom,
Item Alternative,Alternatívna položka,
Alternative Item Code,Alternatívny kód položky,
Two-way,Obojsmerný,
Alternative Item Name,Alternatívny názov položky,
Attribute Name,Názov atribútu,
Numeric Values,Číselné hodnoty,
From Range,Z rozsahu,
Increment,Inkrement,
To Range,Do rozsahu,
Item Attribute Values,Hodnoty atribútov položky,
Item Attribute Value,Hodnota atribútu položky,
Attribute Value,Hodnota atribútu,
Abbreviation,Skratka,
"This will be appended to the Item Code of the variant. For example, if your abbreviation is ""SM"", and the item code is ""T-SHIRT"", the item code of the variant will be ""T-SHIRT-SM""","Tento údaj sa pripojí ku kódu položky variantu. Napríklad, ak je vaša skratka ""SM"" a kód položky je ""T-SHIRT"", kód položky variantu bude ""T-SHIRT-SM"".",
Item Barcode,Čiarový kód položky,
Barcode Type,Typ čiarového kódu,
EAN,EAN,
UPC-A,UPC-A,
Item Customer Detail,Položka Detail zákazníka,
"For the convenience of customers, these codes can be used in print formats like Invoices and Delivery Notes","Pre pohodlie zákazníkov sa tieto kódy môžu používať v tlačových formátoch, ako sú faktúry a dodacie listy.",
Ref Code,Ref Kód,
Item Default,Položka Predvolené nastavenie,
Purchase Defaults,Predvolené nákupy,
Default Buying Cost Center,Predvolené nákladové stredisko nákupu,
Default Supplier,Predvolený dodávateľ,
Default Expense Account,Predvolený nákladový účet,
Sales Defaults,Zlyhania pri predaji,
Default Selling Cost Center,Predvolené nákladové stredisko predaja,
Item Manufacturer,Výrobca položky,
Item Price,Cena položky,
Packing Unit,Baliaca jednotka,
Quantity  that must be bought or sold per UOM,"Množstvo, ktoré sa musí nakúpiť alebo predať na UOM",
Item Quality Inspection Parameter,Parameter kontroly kvality položky,
Acceptance Criteria,Kritériá prijatia,
Item Reorder,Objednávka položky,
Check in (group),Registrácia (skupina),
Request for,Žiadosť o,
Re-order Level,Úroveň opätovného objednania,
Re-order Qty,Znovu objednať množstvo,
Item Supplier,Dodávateľ položky,
Item Variant,Variant položky,
Item Variant Attribute,Atribút položky Variant,
Do not update variants on save,Neaktualizovať varianty pri ukladaní,
Fields will be copied over only at time of creation.,Polia sa skopírujú iba v čase vytvorenia.,
Allow Rename Attribute Value,Povoliť premenovanie hodnoty atribútu,
Rename Attribute Value in Item Attribute.,Premenovať hodnotu atribútu v atribúte položky.,
Copy Fields to Variant,Kopírovanie polí do variantu,
Item Website Specification,Špecifikácia webovej stránky položky,
Table for Item that will be shown in Web Site,"Tabuľka pre položku, ktorá sa zobrazí na webovom sídle",
Landed Cost Item,Položka vyložených nákladov,
Receipt Document Type,Typ príjmového dokladu,
Receipt Document,Doklad o prijatí,
Applicable Charges,Uplatniteľné poplatky,
Purchase Receipt Item,Potvrdenie o kúpe Položka,
Landed Cost Purchase Receipt,Potvrdenie o kúpe pozemku,
Landed Cost Taxes and Charges,Dane a poplatky za pozemky,
Landed Cost Voucher,Poukaz na vyložené náklady,
MAT-LCV-.YYYY.-,MAT-LCV-.YYYY.-,
Purchase Receipts,Potvrdenia o nákupe,
Purchase Receipt Items,Položky potvrdenia o kúpe,
Get Items From Purchase Receipts,Získanie položiek z nákupných dokladov,
Distribute Charges Based On,Rozdelenie poplatkov na základe,
Landed Cost Help,Pomoc pri vyčíslení nákladov na pozemky,
Manufacturers used in Items,Výrobcovia používaní v položkách,
Limited to 12 characters,Obmedzené na 12 znakov,
MAT-MR-.YYYY.-,MAT-MR-.YYYY.-,
Partially Ordered,Čiastočne objednané,
Transferred,Prenesené,
% Ordered,% Objednané,
Terms and Conditions Content,Zmluvné podmienky Obsah,
Quantity and Warehouse,Množstvo a sklad,
Lead Time Date,Čas realizácie Dátum,
Min Order Qty,Min. množstvo objednávky,
Packed Item,Zabalená položka,
To Warehouse (Optional),Do skladu (voliteľné),
Actual Batch Quantity,Skutočné množstvo dávky,
Prevdoc DocType,Prevdoc DocType,
Parent Detail docname,Detail rodiča docname,
"Generate packing slips for packages to be delivered. Used to notify package number, package contents and its weight.","Generovanie baliacich listov pre doručované balíky. Slúži na oznámenie čísla balíka, obsahu balíka a jeho hmotnosti.",
Indicates that the package is a part of this delivery (Only Draft),"Označuje, že balík je súčasťou tejto dodávky (iba návrh)",
MAT-PAC-.YYYY.-,MAT-PAC-.YYYY.-,
From Package No.,Z balíka č.,
Identification of the package for the delivery (for print),Identifikácia zásielky na doručenie (pre tlač),
To Package No.,Do balíka č.,
If more than one package of the same type (for print),Ak je viac ako jeden balík rovnakého typu (pre tlač),
Package Weight Details,Podrobnosti o hmotnosti balenia,
The net weight of this package. (calculated automatically as sum of net weight of items),Čistá hmotnosť tohto balenia. (vypočíta sa automaticky ako súčet čistej hmotnosti položiek),
Net Weight UOM,Čistá hmotnosť UOM,
Gross Weight,Hrubá hmotnosť,
The gross weight of the package. Usually net weight + packaging material weight. (for print),Hrubá hmotnosť balíka. Zvyčajne čistá hmotnosť + hmotnosť obalového materiálu. (pre tlač),
Gross Weight UOM,Hrubá hmotnosť UOM,
Packing Slip Item,Baliaci lístok Položka,
DN Detail,DN Detail,
STO-PICK-.YYYY.-,STO-PICK-.YYYY.-,
Material Transfer for Manufacture,Prenos materiálu na výrobu,
Qty of raw materials will be decided based on the qty of the Finished Goods Item,Množstvo surovín sa určí na základe množstva položky hotového tovaru,
Parent Warehouse,Materský sklad,
Items under this warehouse will be suggested,Položky v rámci tohto skladu budú navrhnuté,
Get Item Locations,Získať umiestnenie položky,
Item Locations,Umiestnenie položky,
Pick List Item,Položka zoznamu na výber,
Picked Qty,Vybrané množstvo,
Price List Master,Cenník Master,
Price List Name,Cenník Názov,
Price Not UOM Dependent,Cena nezávisí od UOM,
Applicable for Countries,Platí pre krajiny,
Price List Country,Cenník Krajina,
MAT-PRE-.YYYY.-,MAT-PRE-.YYYY.-,
Supplier Delivery Note,Dodacia poznámka dodávateľa,
Time at which materials were received,Čas prijatia materiálov,
Return Against Purchase Receipt,Vrátenie oproti potvrdeniu o kúpe,
Rate at which supplier's currency is converted to company's base currency,"Kurz, podľa ktorého sa mena dodávateľa prepočíta na základnú menu spoločnosti",
Sets 'Accepted Warehouse' in each row of the items table.,Nastaví 'Accepted Warehouse' v každom riadku tabuľky položiek.,
Sets 'Rejected Warehouse' in each row of the items table.,"Nastaví ""Odmietnutý sklad"" v každom riadku tabuľky položiek.",
Raw Materials Consumed,Spotrebované suroviny,
Get Current Stock,Získajte aktuálne zásoby,
Consumed Items,Spotrebované položky,
Add / Edit Taxes and Charges,Pridanie/úprava daní a poplatkov,
Auto Repeat Detail,Automatické opakovanie Detail,
Transporter Details,Podrobnosti o dopravcovi,
Vehicle Number,Číslo vozidla,
Vehicle Date,Dátum vozidla,
Received and Accepted,Prijaté a akceptované,
Accepted Quantity,Prijaté množstvo,
Rejected Quantity,Odmietnuté množstvo,
Accepted Qty as per Stock UOM,Prijaté množstvo podľa skladových UOM,
Sample Quantity,Vzorka Množstvo,
Rate and Amount,Sadzba a suma,
MAT-QA-.YYYY.-,MAT-QA-.YYYY.-,
Report Date,Dátum správy,
Inspection Type,Typ kontroly,
Item Serial No,Sériové číslo položky,
Sample Size,Veľkosť vzorky,
Inspected By,Kontroluje,
Readings,Čítanie,
Quality Inspection Reading,Čítanie inšpekcie kvality,
Reading 1,Čítanie 1,
Reading 2,Čítanie 2,
Reading 3,Čítanie 3,
Reading 4,Čítanie 4,
Reading 5,Čítanie 5,
Reading 6,Čítanie 6,
Reading 7,Čítanie 7,
Reading 8,Čítanie 8,
Reading 9,Čítanie 9,
Reading 10,Čítanie 10,
Quality Inspection Template Name,Názov šablóny kontroly kvality,
Quick Stock Balance,Rýchla bilancia zásob,
Available Quantity,Dostupné množstvo,
Distinct unit of an Item,Samostatná jednotka položky,
Warehouse can only be changed via Stock Entry / Delivery Note / Purchase Receipt,Sklad je možné zmeniť len prostredníctvom položky Zásoby / dodacieho listu / nákupného dokladu,
Purchase / Manufacture Details,Podrobnosti o nákupe / výrobe,
Creation Document Type,Vytvorenie Typ dokumentu,
Creation Document No,Dokument o vytvorení č.,
Creation Date,Dátum vytvorenia,
Creation Time,Čas stvorenia,
Asset Details,Podrobnosti o aktívach,
Asset Status,Stav majetku,
Delivery Document Type,Typ dokladu o doručení,
Delivery Document No,Číslo dokladu o dodaní,
Delivery Time,Čas dodania,
Invoice Details,Údaje na faktúre,
Warranty / AMC Details,Podrobnosti o záruke / AMC,
Warranty Expiry Date,Dátum skončenia platnosti záruky,
AMC Expiry Date,Dátum skončenia platnosti AMC,
Under Warranty,V rámci záruky,
Out of Warranty,Mimo záruky,
Under AMC,Pod AMC,
Out of AMC,Mimo AMC,
Warranty Period (Days),Záručná doba (dni),
Serial No Details,Sériové číslo Podrobnosti,
MAT-STE-.YYYY.-,MAT-STE-.YYYY.-,
Stock Entry Type,Typ vstupu do zásoby,
Stock Entry (Outward GIT),Zápis zásob (výstupný GIT),
Material Consumption for Manufacture,Spotreba materiálu na výrobu,
Repack,Prebalenie,
Send to Subcontractor,Odoslať subdodávateľovi,
Delivery Note No,Poznámka k dodaniu č.,
Sales Invoice No,Číslo predajnej faktúry,
Purchase Receipt No,Doklad o kúpe č.,
Inspection Required,Požadovaná kontrola,
From BOM,Z BOM,
For Quantity,Pre množstvo,
As per Stock UOM,Podľa skladových zásob UOM,
Including items for sub assemblies,Vrátane položiek pre podzostavy,
Default Source Warehouse,Predvolený zdrojový sklad,
Source Warehouse Address,Adresa zdrojového skladu,
Default Target Warehouse,Predvolený cieľový sklad,
Target Warehouse Address,Adresa cieľového skladu,
Update Rate and Availability,Aktualizovať rýchlosť a dostupnosť,
Total Incoming Value,Celková hodnota príjmu,
Total Outgoing Value,Celková odchádzajúca hodnota,
Total Value Difference (Out - In),Celkový rozdiel hodnôt (von - dovnútra),
Additional Costs,Dodatočné náklady,
Total Additional Costs,Celkové dodatočné náklady,
Customer or Supplier Details,Údaje o zákazníkovi alebo dodávateľovi,
Per Transferred,Na prenesený,
Stock Entry Detail,Detail zápisu zásob,
Basic Rate (as per Stock UOM),Základná sadzba (podľa UOM zásob),
Basic Amount,Základná suma,
Additional Cost,Dodatočné náklady,
Serial No / Batch,Sériové číslo / šarža,
BOM No. for a Finished Good Item,Číslo BOM pre hotový tovar,
Material Request used to make this Stock Entry,Požiadavka na materiál použitá na vytvorenie tejto skladovej položky,
Subcontracted Item,Subdodávateľská položka,
Against Stock Entry,Proti vstupu do zásob,
Stock Entry Child,Zásoby Vstupné dieťa,
PO Supplied Item,Položka dodaná PO,
Reference Purchase Receipt,Referenčné potvrdenie o nákupe,
Stock Ledger Entry,Zápis do skladovej knihy,
Outgoing Rate,Odchádzajúca sadzba,
Actual Qty After Transaction,Skutočné množstvo po transakcii,
Stock Value Difference,Rozdiel v hodnote zásob,
Stock Queue (FIFO),Skladová fronta (FIFO),
Is Cancelled,Je zrušený,
Stock Reconciliation,Zosúladenie zásob,
This tool helps you to update or fix the quantity and valuation of stock in the system. It is typically used to synchronise the system values and what actually exists in your warehouses.,"Tento nástroj vám pomôže aktualizovať alebo opraviť množstvo a ocenenie zásob v systéme. Zvyčajne sa používa na synchronizáciu systémových hodnôt a toho, čo skutočne existuje vo vašich skladoch.",
MAT-RECO-.YYYY.-,MAT-RECO-.YYYY.-,
Reconciliation JSON,Zosúladenie JSON,
Stock Reconciliation Item,Zosúladenie zásob Položka,
Before reconciliation,Pred zmierením,
Current Serial No,Aktuálne sériové číslo,
Current Valuation Rate,Aktuálna miera ocenenia,
Current Amount,Aktuálna suma,
Quantity Difference,Rozdiel v množstve,
Amount Difference,Rozdiel v sume,
Item Naming By,Pomenovanie položky podľa,
Default Item Group,Predvolená skupina položiek,
Default Stock UOM,Predvolená zásoba UOM,
Sample Retention Warehouse,Sklad na uchovávanie vzoriek,
Default Valuation Method,Predvolená metóda oceňovania,
Show Barcode Field,Zobraziť pole čiarového kódu,
Convert Item Description to Clean HTML,Konvertovať popis položky do čistého HTML,
Allow Negative Stock,Povolenie záporných zásob,
Automatically Set Serial Nos based on FIFO,Automatické nastavenie sériového čísla na základe FIFO,
Auto Material Request,Automatická požiadavka na materiál,
Inter Warehouse Transfer Settings,Nastavenia prenosu medzi skladmi,
Freeze Stock Entries,Zmrazenie vstupov do zásob,
Stock Frozen Upto,Zásoby zmrazené do,
Batch Identification,Identifikácia šarže,
Use Naming Series,Použitie pomenovania série,
Naming Series Prefix,Prefix pomenovania série,
UOM Category,Kategória UOM,
UOM Conversion Detail,Detail konverzie UOM,
Variant Field,Variant Pole,
A logical Warehouse against which stock entries are made.,"Logický Sklad, na základe ktorého sa vykonávajú skladové zápisy.",
Warehouse Detail,Detail skladu,
Warehouse Name,Názov skladu,
Warehouse Contact Info,Kontaktné informácie o sklade,
PIN,PIN,
ISS-.YYYY.-,ISS-.YYYY.-,
Raised By (Email),Vychováva (e-mail),
Issue Type,Typ problému,
Issue Split From,Rozdelenie vydania od,
Service Level,Úroveň služieb,
Response By,Odpoveď od,
Response By Variance,Reakcia podľa odchýlky,
Ongoing,Priebežne,
Resolution By,Uznesenie podľa,
Resolution By Variance,Riešenie na základe odchýlky,
Service Level Agreement Creation,Vytvorenie dohody o úrovni služieb,
First Responded On,Prvá reakcia na,
Resolution Details,Podrobnosti o rozlíšení,
Opening Date,Dátum otvorenia,
Opening Time,Čas otvorenia,
Resolution Date,Dátum riešenia,
Via Customer Portal,Prostredníctvom zákazníckeho portálu,
Support Team,Podporný tím,
Issue Priority,Priorita problému,
Service Day,Deň služieb,
Workday,Pracovný deň,
Default Priority,Predvolená priorita,
Priorities,Priority,
Support Hours,Hodiny podpory,
Support and Resolution,Podpora a riešenie,
Default Service Level Agreement,Predvolená dohoda o úrovni služieb,
Entity,Subjekt,
Agreement Details,Podrobnosti o dohode,
Response and Resolution Time,Čas odozvy a riešenia,
Service Level Priority,Priorita úrovne služieb,
Resolution Time,Čas riešenia,
Support Search Source,Zdroj vyhľadávania podpory,
Source Type,Typ zdroja,
Query Route String,Reťazec trasy dopytu,
Search Term Param Name,Vyhľadávací termín Param Name,
Response Options,Možnosti reakcie,
Response Result Key Path,Výsledok odpovede Kľúčová cesta,
Post Route String,Reťazec poštovej trasy,
Post Route Key List,Zoznam kľúčov poštovej trasy,
Post Title Key,Názov príspevku Kľúč,
Post Description Key,Popis príspevku Kľúč,
Link Options,Možnosti prepojenia,
Source DocType,Zdroj DocType,
Result Title Field,Pole s názvom výsledku,
Result Preview Field,Pole náhľadu výsledku,
Result Route Field,Pole výsledku trasy,
Service Level Agreements,Dohody o úrovni služieb,
Track Service Level Agreement,Sledovanie dohody o úrovni služieb,
Allow Resetting Service Level Agreement,Povolenie resetovania dohody o úrovni služieb,
Close Issue After Days,Zatvoriť problém po niekoľkých dňoch,
Auto close Issue after 7 days,Automatické zatvorenie problému po 7 dňoch,
Support Portal,Portál podpory,
Get Started Sections,Začíname Sekcie,
Show Latest Forum Posts,Zobraziť najnovšie príspevky na fóre,
Forum Posts,Príspevky vo fóre,
Forum URL,Adresa URL fóra,
Get Latest Query,Získajte najnovší dotaz,
Response Key List,Zoznam kľúčov odpovedí,
Post Route Key,Kľúč k poštovej trase,
Search APIs,Vyhľadávacie rozhrania API,
SER-WRN-.YYYY.-,SER-WRN-.YYYY.-,
Issue Date,Dátum vydania,
Item and Warranty Details,Podrobnosti o položke a záruke,
Warranty / AMC Status,Záruka / stav AMC,
Resolved By,Riešené podľa,
Service Address,Adresa služby,
If different than customer address,Ak sa líši od adresy zákazníka,
Raised By,Vychováva,
From Company,Od spoločnosti,
Rename Tool,Nástroj na premenovanie,
Utilities,Komunálne služby,
Type of document to rename.,"Typ dokumentu, ktorý sa má premenovať.",
File to Rename,Premenovanie súboru,
"Attach .csv file with two columns, one for the old name and one for the new name","Pripojte súbor .csv s dvoma stĺpcami, jedným pre starý názov a druhým pre nový názov",
Rename Log,Premenovať protokol,
SMS Log,Protokol SMS,
Sender Name,Názov odosielateľa,
Sent On,Odoslané ďalej,
No of Requested SMS,Počet požadovaných SMS,
Requested Numbers,Požadované čísla,
No of Sent SMS,Počet odoslaných SMS,
Sent To,Odoslané na,
Absent Student Report,Správa o neprítomnom študentovi,
Assessment Plan Status,Stav plánu hodnotenia,
Asset Depreciation Ledger,Kniha odpisov majetku,
Asset Depreciations and Balances,Odpisy a zostatky majetku,
Available Stock for Packing Items,Dostupné zásoby baliacich položiek,
Bank Clearance Summary,Zhrnutie bankového zúčtovania,
Batch Item Expiry Status,Stav vypršania platnosti položky dávky,
Batch-Wise Balance History,História zostatku podľa dávky,
BOM Explorer,BOM Explorer,
BOM Search,Vyhľadávanie BOM,
BOM Stock Calculated,Vypočítané zásoby BOM,
BOM Variance Report,Správa o odchýlkach BOM,
Campaign Efficiency,Efektívnosť kampane,
Cash Flow,Peňažný tok,
Completed Work Orders,Ukončené pracovné príkazy,
To Produce,Vyrábať,
Produced,Vyrobené,
Consolidated Financial Statement,Konsolidovaný finančný výkaz,
Course wise Assessment Report,Správa o hodnotení podľa predmetov,
Customer Acquisition and Loyalty,Získavanie zákazníkov a ich lojalita,
Customer Credit Balance,Zostatok kreditu zákazníka,
Customer Ledger Summary,Prehľad knihy zákazníkov,
Customer-wise Item Price,Cena položky podľa zákazníka,
Customers Without Any Sales Transactions,Zákazníci bez akýchkoľvek predajných transakcií,
Daily Timesheet Summary,Denný prehľad časového rozvrhu,
DATEV,DATEV,
Delayed Item Report,Správa o oneskorenej položke,
Delayed Order Report,Správa o oneskorenej objednávke,
Delivered Items To Be Billed,"Dodané položky, ktoré sa majú účtovať",
Delivery Note Trends,Trendy v doručovaní poznámok,
Electronic Invoice Register,Elektronický register faktúr,
Employee Billing Summary,Prehľad fakturácie zamestnancov,
Employee Birthday,Narodeniny zamestnanca,
Employee Information,Informácie o zamestnancoch,
Employee Leave Balance,Zostatok dovolenky zamestnanca,
Employee Leave Balance Summary,Zhrnutie zostatku dovolenky zamestnanca,
Eway Bill,Eway Bill,
Expiring Memberships,Vypršanie platnosti členstva,
Fichier des Ecritures Comptables [FEC],Fichier des Ecritures Comptables [FEC],
Final Assessment Grades,Záverečné hodnotenie,
Fixed Asset Register,Register dlhodobého majetku,
Gross and Net Profit Report,Správa o hrubom a čistom zisku,
GST Itemised Purchase Register,Register nákupov s položkami GST,
GST Itemised Sales Register,Register predaja podľa položiek GST,
GST Purchase Register,Register nákupov GST,
GST Sales Register,Register predaja GST,
GSTR-1,GSTR-1,
GSTR-2,GSTR-2,
Hotel Room Occupancy,Obsadenosť hotelových izieb,
HSN-wise-summary of outward supplies,HSN-múdry súhrn dodávok do zahraničia,
Inactive Customers,Neaktívni zákazníci,
Inactive Sales Items,Neaktívne predajné položky,
IRS 1099,IRS 1099,
Issued Items Against Work Order,Vydané položky na základe pracovného príkazu,
Projected Quantity as Source,Predpokladané množstvo ako zdroj,
Item Balance (Simple),Bilancia položky (jednoduchá),
Item Price Stock,Položka Cena Zásoby,
Item Prices,Ceny položiek,
Item Shortage Report,Správa o nedostatku položiek,
Item Variant Details,Podrobnosti o položke Variant,
Item-wise Price List Rate,Cenníková sadzba pre jednotlivé položky,
Item-wise Purchase History,História nákupov podľa položiek,
Item-wise Purchase Register,Register nákupov podľa položiek,
Item-wise Sales History,História predaja podľa položky,
Item-wise Sales Register,Register predaja podľa položiek,
Items To Be Requested,"Položky, ktoré sa majú požadovať",
Reserved,Rezervované,
Itemwise Recommended Reorder Level,Odporúčaná úroveň doobjednania podľa položiek,
Lead Details,Podrobnosti o vedení,
Lead Owner Efficiency,Efektívnosť vedúceho vlastníka,
Lost Opportunity,Stratená príležitosť,
Maintenance Schedules,Plány údržby,
Material Requests for which Supplier Quotations are not created,"Požiadavky na materiál, pre ktoré nie sú vytvorené ponuky dodávateľov",
Open Work Orders,Otvorené pracovné príkazy,
Qty to Deliver,Množstvo na dodanie,
Patient Appointment Analytics,Analýza stretnutí s pacientmi,
Payment Period Based On Invoice Date,Platobné obdobie na základe dátumu faktúry,
Pending SO Items For Purchase Request,Čakajúce položky SO na žiadosť o nákup,
Procurement Tracker,Sledovanie verejného obstarávania,
Product Bundle Balance,Bilancia balíka produktov,
Production Analytics,Analýza výroby,
Profit and Loss Statement,Výkaz ziskov a strát,
Profitability Analysis,Analýza ziskovosti,
Project Billing Summary,Zhrnutie fakturácie projektu,
Project wise Stock Tracking,Sledovanie zásob podľa projektu,
Project wise Stock Tracking,Sledovanie zásob podľa projektu,
Prospects Engaged But Not Converted,"Zaujatí, ale nekonvertovaní potenciálni zákazníci",
Purchase Analytics,Analýza nákupu,
Purchase Invoice Trends,Trendy nákupných faktúr,
Qty to Receive,Množstvo na prijatie,
Received Qty Amount,Prijaté množstvo Suma,
Billed Qty,Účtované množstvo,
Purchase Order Trends,Trendy nákupných objednávok,
Purchase Receipt Trends,Trendy v oblasti nákupných dokladov,
Purchase Register,Register nákupov,
Quotation Trends,Trendy v citáciách,
Received Items To Be Billed,"Prijaté položky, ktoré sa majú účtovať",
Qty to Order,Množstvo na objednávku,
Requested Items To Be Transferred,"Požadované položky, ktoré sa majú preniesť",
Qty to Transfer,Množstvo na prenos,
Sales Analytics,Analýza predaja,
Sales Invoice Trends,Trendy v oblasti faktúr za predaj,
Sales Order Trends,Trendy v objednávkach predaja,
Sales Partner Commission Summary,Prehľad provízií obchodných partnerov,
Sales Partner Target Variance based on Item Group,Cieľová odchýlka predajného partnera na základe skupiny položiek,
Sales Partner Transaction Summary,Prehľad transakcií obchodného partnera,
Sales Partners Commission,Provízia pre obchodných partnerov,
Invoiced Amount (Exclusive Tax),Fakturovaná suma (bez dane),
Average Commission Rate,Priemerná sadzba provízie,
Sales Payment Summary,Prehľad platieb za predaj,
Sales Person Commission Summary,Zhrnutie provízie predajcu,
Sales Person Target Variance Based On Item Group,Cieľová odchýlka predajcu na základe skupiny položiek,
Sales Person-wise Transaction Summary,Prehľad transakcií podľa predajcov,
Sales Register,Register predaja,
Serial No Service Contract Expiry,Sériové číslo Vypršanie platnosti servisnej zmluvy,
Serial No Status,Sériové číslo Stav,
Serial No Warranty Expiry,Sériové číslo Uplynutie záruky,
Stock Ageing,Starnutie zásob,
Stock and Account Value Comparison,Porovnanie hodnoty zásob a účtu,
Stock Projected Qty,Zásoby Predpokladané množstvo,
Student and Guardian Contact Details,Kontaktné údaje študenta a opatrovníka,
Student Batch-Wise Attendance,Dochádzka študentov podľa skupín,
Student Fee Collection,Výber študentských poplatkov,
Student Monthly Attendance Sheet,Mesačný dochádzkový list študenta,
Subcontracted Item To Be Received,"Subdodávateľská položka, ktorá sa má prijať",
Subcontracted Raw Materials To Be Transferred,"Subdodávateľské suroviny, ktoré sa majú previesť",
Supplier Ledger Summary,Prehľad dodávateľskej knihy,
Supplier-Wise Sales Analytics,Analýza predaja podľa dodávateľa,
Support Hour Distribution,Distribúcia hodín podpory,
TDS Computation Summary,Zhrnutie výpočtu TDS,
TDS Payable Monthly,TDS splatné mesačne,
Territory Target Variance Based On Item Group,Cieľová odchýlka územia na základe skupiny položiek,
Territory-wise Sales,Predaj podľa územia,
Total Stock Summary,Celkový prehľad zásob,
Trial Balance,Skúšobná bilancia,
Trial Balance (Simple),Skúšobná bilancia (jednoduchá),
Trial Balance for Party,Skúšobná bilancia pre stranu,
Warehouse wise Item Balance Age and Value,Zostatok položky podľa skladu Vek a hodnota,
Work Order Stock Report,Správa o zásobách pracovných príkazov,
Work Orders in Progress,Pracovné objednávky v realizácii,
Automatically Process Deferred Accounting Entry,Automatické spracovanie účtovného záznamu s odloženou splatnosťou,
Bank Clearance,Bankové zúčtovanie,
Bank Clearance Detail,Detail bankového zúčtovania,
Update Cost Center Name / Number,Aktualizácia názvu/čísla nákladového strediska,
Journal Entry Template,Šablóna záznamu v denníku,
Template Title,Názov šablóny,
Journal Entry Type,Typ záznamu v denníku,
Journal Entry Template Account,Šablóna zápisu do denníka Účet,
Process Deferred Accounting,Proces účtovania budúcich období,
Manual entry cannot be created! Disable automatic entry for deferred accounting in accounts settings and try again,Manuálne zadanie nie je možné vytvoriť! Zakážte automatické zaúčtovanie časového rozlíšenia v nastaveniach účtovníctva a skúste to znova.,
End date cannot be before start date,Dátum ukončenia nesmie byť pred dátumom začatia,
Total Counts Targeted,Celkové počty Cieľové počty,
Total Counts Completed,Celkové počty dokončených,
Counts Targeted: {0},"Počty, na ktoré sa zameriava: {0}",
Material Request Warehouse,Sklad požiadaviek na materiál,
Select warehouse for material requests,Výber skladu pre požiadavky na materiál,
Transfer Materials For Warehouse {0},Prenos materiálov pre sklad {0},
Production Plan Material Request Warehouse,Plán výroby Žiadosť o materiál Sklad,
Sets 'Source Warehouse' in each row of the items table.,"Nastaví ""Source Warehouse"" v každom riadku tabuľky položiek.",
Sets 'Target Warehouse' in each row of the items table.,"Nastaví ""Cieľový sklad"" v každom riadku tabuľky položiek.",
Show Cancelled Entries,Zobraziť zrušené záznamy,
Backdated Stock Entry,Zápis zásob so spätným dátumom,
Row #{}: Currency of {} - {} doesn't matches company currency.,Riadok #{}: Mena {} - {} nezodpovedá mene spoločnosti.,
{} Assets created for {},{} Aktíva vytvorené pre {},
{0} Number {1} is already used in {2} {3},{0} Číslo {1} je už použité v {2} {3},
Update Bank Clearance Dates,Aktualizácia dátumov bankového zúčtovania,
Healthcare Practitioner:,Zdravotnícky pracovník:,
Lab Test Conducted:,Vykonaný laboratórny test:,
Lab Test Event:,Udalosť laboratórneho testu:,
Lab Test Result:,Výsledok laboratórneho testu:,
Clinical Procedure conducted:,Vykonaný klinický postup:,
Therapy Session Charges: {0},Poplatky za terapeutické sedenie: {0},
Therapy:,Terapia:,
Therapy Plan:,Plán terapie:,
Total Counts Targeted:,"Celkové počty, na ktoré sa zameriava:",
Total Counts Completed:,Celkové počty dokončených:,
Is Mandatory,Je povinné,
Service Received But Not Billed,"Prijatá, ale nevyfakturovaná služba",
Deferred Accounting Settings,Nastavenia odloženého účtovania,
Book Deferred Entries Based On,Zaúčtovanie položiek budúcich období na základe,
Days,Dni,
Months,Mesiace,
Book Deferred Entries Via Journal Entry,Účtovanie položiek budúcich období prostredníctvom záznamu v denníku,
Submit Journal Entries,Odoslanie záznamov do denníka,
If this is unchecked Journal Entries will be saved in a Draft state and will have to be submitted manually,"Ak táto možnosť nie je začiarknutá, záznamy v denníku sa uložia v stave návrhu a bude ich potrebné odoslať ručne.",
Enable Distributed Cost Center,Povolenie distribuovaného nákladového strediska,
Distributed Cost Center,Distribuované nákladové stredisko,
Dunning,Dunning,
DUNN-.MM.-.YY.-,DUNN-.MM.-.YY.-,
Overdue Days,Dni omeškania,
Dunning Type,Typ Dunning,
Dunning Fee,Poplatok Dunning,
Dunning Amount,Suma Dunning,
Resolved,Vyriešené,
Unresolved,Nevyriešené,
Printing Setting,Nastavenie tlače,
Body Text,Text tela,
Closing Text,Záverečný text,
Resolve,Vyriešiť,
Dunning Letter Text,Text listu Dunning,
Is Default Language,Je predvolený jazyk,
Letter or Email Body Text,Text tela listu alebo e-mailu,
Letter or Email Closing Text,Záverečný text listu alebo e-mailu,
Body and Closing Text Help,Pomoc pre telo a záverečný text,
Overdue Interval,Interval omeškania,
Dunning Letter,Dunningov list,
"This section allows the user to set the Body and Closing text of the Dunning Letter for the Dunning Type based on language, which can be used in Print.","Táto časť umožňuje používateľovi nastaviť Telo a Záverečný text Dunning listu pre typ Dunning na základe jazyka, ktorý možno použiť pri tlači.",
Reference Detail No,Referenčný údaj č.,
Custom Remarks,Vlastné poznámky,
Please select a Company first.,Najskôr vyberte spoločnosť.,
"Row #{0}: Reference Document Type must be one of Sales Order, Sales Invoice, Journal Entry or Dunning","Riadok #{0}: Typ referenčného dokladu musí byť jeden z týchto typov: Predajná objednávka, Predajná faktúra, Zápis do denníka alebo Dunning",
POS Closing Entry,Záverečný záznam POS,
POS Opening Entry,Vstup na otvorenie POS,
POS Transactions,Transakcie POS,
POS Closing Entry Detail,Detail uzávierkového záznamu POS,
Opening Amount,Počiatočná suma,
Closing Amount,Záverečná suma,
POS Closing Entry Taxes,Dane pri uzávierke POS,
POS Invoice,Faktúra POS,
ACC-PSINV-.YYYY.-,ACC-PSINV-.YYYY.-,
Consolidated Sales Invoice,Konsolidovaná predajná faktúra,
Return Against POS Invoice,Vrátenie oproti faktúre POS,
Consolidated,Konsolidované,
POS Invoice Item,Položka faktúry POS,
POS Invoice Merge Log,Protokol o zlúčení faktúr POS,
POS Invoices,Faktúry POS,
Consolidated Credit Note,Konsolidovaný úverový dokument,
POS Invoice Reference,Odkaz na faktúru POS,
Set Posting Date,Nastavenie dátumu odoslania,
Opening Balance Details,Údaje o počiatočnom zostatku,
POS Opening Entry Detail,Detail úvodného záznamu POS,
POS Payment Method,Spôsob platby v POS,
Payment Methods,Spôsoby platby,
Process Statement Of Accounts,Spracovať výpis z účtov,
General Ledger Filters,Filtre hlavnej knihy,
Customers,Zákazníci,
Select Customers By,Vybrať zákazníkov podľa,
Fetch Customers,Získavanie zákazníkov,
Send To Primary Contact,Odoslať primárnemu kontaktu,
Print Preferences,Predvoľby tlače,
Include Ageing Summary,Zahrnúť zhrnutie starnutia,
Enable Auto Email,Povolenie automatického odosielania e-mailov,
Filter Duration (Months),Trvanie filtra (mesiace),
CC To,CC To,
Help Text,Text nápovedy,
Emails Queued,E-maily čakajúce v rade,
Process Statement Of Accounts Customer,Spracovať výpis z účtu zákazníka,
Billing Email,Fakturačný e-mail,
Primary Contact Email,E-mail primárneho kontaktu,
PSOA Cost Center,Nákladové stredisko PSOA,
PSOA Project,Projekt PSOA,
ACC-PINV-RET-.YYYY.-,ACC-PINV-RET-.YYYY.-,
Supplier GSTIN,Dodávateľ GSTIN,
Place of Supply,Miesto dodania,
Select Billing Address,Vyberte fakturačnú adresu,
GST Details,Podrobnosti o GST,
GST Category,Kategória GST,
Registered Regular,Registrovaný pravidelný,
Registered Composition,Registrované zloženie,
Unregistered,Neregistrovaný,
SEZ,SEZ,
Overseas,Zahraničie,
UIN Holders,Držitelia UIN,
With Payment of Tax,S platbou dane,
Without Payment of Tax,Bez zaplatenia dane,
Invoice Copy,Kópia faktúry,
Original for Recipient,Originál pre príjemcu,
Duplicate for Transporter,Duplikát pre Transporter,
Duplicate for Supplier,Duplikát pre dodávateľa,
Triplicate for Supplier,Trojmo pre dodávateľa,
Reverse Charge,Reverzný náboj,
Y,Y,
N,N,
E-commerce GSTIN,Elektronický obchod GSTIN,
Reason For Issuing document,Dôvod vydania dokumentu,
01-Sales Return,01-Vrátenie predaja,
02-Post Sale Discount,Zľava 02-Post Sale,
03-Deficiency in services,03-Nedostatok služieb,
04-Correction in Invoice,04-Oprava faktúry,
05-Change in POS,05-Zmena v POS,
06-Finalization of Provisional assessment,06-Finalizácia predbežného hodnotenia,
07-Others,07-Ostatné,
Eligibility For ITC,Oprávnenosť na ITC,
Input Service Distributor,Distribútor vstupných služieb,
Import Of Service,Dovoz služby,
Import Of Capital Goods,Dovoz investičného tovaru,
Ineligible,Neoprávnené,
All Other ITC,Všetky ostatné ITC,
Availed ITC Integrated Tax,Využitá ITC Integrovaná daň,
Availed ITC Central Tax,Využitá ITC Centrálna daň,
Availed ITC State/UT Tax,Využitá ITC Štátna daň/daň z príjmov,
Availed ITC Cess,Využitá ITC Cess,
Is Nil Rated or Exempted,Má nulovú hodnotu alebo je vyňatá,
Is Non GST,Je bez GST,
ACC-SINV-RET-.YYYY.-,ACC-SINV-RET-.YYYY.-,
E-Way Bill No.,E-Way Bill No.,
Is Consolidated,Je konsolidovaná,
Billing Address GSTIN,Fakturačná adresa GSTIN,
Customer GSTIN,Číslo GSTIN zákazníka,
GST Transporter ID,ID transportéra GST,
Distance (in km),Vzdialenosť (v km),
Road,Cesta,
Air,Vzduch,
Rail,Železnica,
Ship,Loď,
GST Vehicle Type,Typ vozidla GST,
Over Dimensional Cargo (ODC),Nadrozmerný náklad (ODC),
Consumer,Spotrebiteľ,
Deemed Export,Domnelý vývoz,
Port Code,Kód prístavu,
Shipping Bill Number,Číslo prepravného listu,
Shipping Bill Date,Dátum faktúry za prepravu,
Subscription End Date,Dátum ukončenia predplatného,
Follow Calendar Months,Sledovanie kalendárnych mesiacov,
If this is checked subsequent new invoices will be created on calendar  month and quarter start dates irrespective of current invoice start date,"Ak je táto možnosť začiarknutá, následné nové faktúry sa budú vytvárať v kalendárnych mesiacoch a štvrťrokoch bez ohľadu na aktuálny dátum začiatku fakturácie.",
Generate New Invoices Past Due Date,Generovanie nových faktúr po dátume splatnosti,
New invoices will be generated as per schedule even if current invoices are unpaid or past due date,"Nové faktúry sa budú generovať podľa harmonogramu, aj keď súčasné faktúry nie sú zaplatené alebo sú po lehote splatnosti.",
Document Type,Typ dokumentu,
Subscription Price Based On,Cena predplatného na základe,
Fixed Rate,Pevná sadzba,
Based On Price List,Na základe cenníka,
Monthly Rate,Mesačná sadzba,
Cancel Subscription After Grace Period,Zrušenie predplatného po uplynutí obdobia odkladu,
Source State,Zdroj Štát,
Is Inter State,Je medzištátne,
Purchase Details,Podrobnosti o nákupe,
Depreciation Posting Date,Dátum zaúčtovania odpisov,
"By default, the Supplier Name is set as per the Supplier Name entered. If you want Suppliers to be named by a  ","Predvolene je názov dodávateľa nastavený podľa zadaného názvu dodávateľa. Ak chcete, aby boli dodávatelia pomenovaní podľa",
choose the 'Naming Series' option.,"vyberte možnosť ""Názov série"".",
Configure the default Price List when creating a new Purchase transaction. Item prices will be fetched from this Price List.,Konfigurácia predvoleného cenníka pri vytváraní novej transakcie nákupu. Ceny položiek sa načítajú z tohto Cenníka.,
"If this option is configured 'Yes', ERPNext will prevent you from creating a Purchase Invoice or Receipt without creating a Purchase Order first. This configuration can be overridden for a particular supplier by enabling the 'Allow Purchase Invoice Creation Without Purchase Order' checkbox in the Supplier master.","Ak je táto možnosť nakonfigurovaná ako ""Áno"", ERPNext vám zabráni vytvoriť nákupnú faktúru alebo príjemku bez toho, aby ste najprv vytvorili objednávku. Túto konfiguráciu možno pre konkrétneho dodávateľa zrušiť zapnutím zaškrtávacieho políčka ""Povoliť vytvorenie nákupnej faktúry bez objednávky"" v hlavnom okne dodávateľa.",
"If this option is configured 'Yes', ERPNext will prevent you from creating a Purchase Invoice without creating a Purchase Receipt first. This configuration can be overridden for a particular supplier by enabling the 'Allow Purchase Invoice Creation Without Purchase Receipt' checkbox in the Supplier master.","Ak je táto možnosť nakonfigurovaná ako ""Áno"", ERPNext zabráni vytvoreniu nákupnej faktúry bez toho, aby ste najprv vytvorili nákupnú príjemku. Túto konfiguráciu možno pre konkrétneho dodávateľa zrušiť zapnutím zaškrtávacieho políčka ""Povoliť vytvorenie nákupnej faktúry bez potvrdenia o kúpe"" v hlavnom okne dodávateľa.",
Quantity & Stock,Množstvo a zásoby,
Call Details,Detaily hovoru,
Authorised By,Autorizované,
Signee (Company),Príjemca (spoločnosť),
Signed By (Company),Podpísaný (spoločnosť),
First Response Time,Čas prvej reakcie,
Request For Quotation,Žiadosť o cenovú ponuku,
Opportunity Lost Reason Detail,Strata príležitosti Detail dôvodu,
Access Token Secret,Prístupový token Tajné,
Add to Topics,Pridať k témam,
...Adding Article to Topics,...Pridanie článku do tém,
Add Article to Topics,Pridať článok do tém,
This article is already added to the existing topics,Tento článok je už pridaný do existujúcich tém,
Add to Programs,Pridať do programov,
Programs,Programy,
...Adding Course to Programs,...Pridanie kurzu do programov,
Add Course to Programs,Pridanie kurzu do programov,
This course is already added to the existing programs,Tento kurz je už pridaný do existujúcich programov,
Learning Management System Settings,Nastavenia systému riadenia vzdelávania,
Enable Learning Management System,Umožniť systém riadenia vzdelávania,
Learning Management System Title,Systém riadenia vzdelávania Názov,
...Adding Quiz to Topics,...Pridanie kvízu k témam,
Add Quiz to Topics,Pridanie kvízu k témam,
This quiz is already added to the existing topics,Tento kvíz je už pridaný do existujúcich tém,
Enable Admission Application,Umožniť žiadosť o prijatie,
EDU-ATT-.YYYY.-,EDU-ATT-.YYYY.-,
Marking attendance,Označovanie dochádzky,
Add Guardians to Email Group,Pridanie strážcov do e-mailovej skupiny,
Attendance Based On,Účasť na základe,
Check this to mark the student as present in case the student is not attending the institute to participate or represent the institute in any event.\n\n,"Zaškrtnite túto možnosť, ak chcete označiť študenta ako prítomného v prípade, že sa študent nezúčastňuje na inštitúte, aby sa zúčastnil alebo reprezentoval inštitút na akomkoľvek podujatí.\n\n",
Add to Courses,Pridať do kurzov,
...Adding Topic to Courses,...Pridanie témy do kurzov,
Add Topic to Courses,Pridanie témy do kurzov,
This topic is already added to the existing courses,Táto téma je už pridaná do existujúcich kurzov,
"If Shopify does not have a customer in the order, then while syncing the orders, the system will consider the default customer for the order","Ak spoločnosť Shopify nemá v objednávke zákazníka, potom pri synchronizácii objednávok bude systém považovať za predvoleného zákazníka pre danú objednávku",
The accounts are set by the system automatically but do confirm these defaults,"Účty sú nastavené systémom automaticky, ale potvrďte tieto predvolené hodnoty",
Default Round Off Account,Predvolený účet zaokrúhlenia,
Failed Import Log,Protokol o neúspešnom importe,
Fixed Error Log,Opravený protokol chýb,
Company {0} already exists. Continuing will overwrite the Company and Chart of Accounts,Spoločnosť {0} už existuje. Pokračovanie prepíše spoločnosť a účtovnú osnovu,
Meta Data,Metaúdaje,
Unresolve,Neriešené,
Create Document,Vytvoriť dokument,
Mark as unresolved,Označiť ako nevyriešené,
TaxJar Settings,Nastavenia aplikácie TaxJar,
Sandbox Mode,Režim Sandbox,
Enable Tax Calculation,Povolenie výpočtu dane,
Create TaxJar Transaction,Vytvorenie transakcie TaxJar,
Credentials,Poverenia,
Live API Key,Kľúč API Live,
Sandbox API Key,Kľúč API Sandbox,
Configuration,Konfigurácia,
Tax Account Head,Vedúci daňového účtu,
Shipping Account Head,Vedúci prepravného účtu,
Practitioner Name,Meno lekára,
Enter a name for the Clinical Procedure Template,Zadajte názov šablóny klinického postupu,
Set the Item Code which will be used for billing the Clinical Procedure.,"Nastavte kód položky, ktorý sa použije na účtovanie klinického postupu.",
Select an Item Group for the Clinical Procedure Item.,Vyberte skupinu položiek pre položku klinického postupu.,
Clinical Procedure Rate,Miera klinických postupov,
Check this if the Clinical Procedure is billable and also set the rate.,"Začiarknite, ak je klinický postup účtovaný, a nastavte aj sadzbu.",
Check this if the Clinical Procedure utilises consumables. Click,"Toto začiarknite, ak sa pri klinickom postupe používa spotrebný materiál. Kliknite na .",
to know more,sa dozvedieť viac,
"You can also set the Medical Department for the template. After saving the document, an Item will automatically be created for billing this Clinical Procedure. You can then use this template while creating Clinical Procedures for Patients. Templates save you from filling up redundant data every single time. You can also create templates for other operations like Lab Tests, Therapy Sessions, etc.","Pre šablónu môžete nastaviť aj lekárske oddelenie. Po uložení dokladu sa automaticky vytvorí položka pre účtovanie tohto klinického postupu. Túto šablónu potom môžete použiť pri vytváraní Klinických postupov pre pacientov. Šablóny vás ušetria od každodenného vypĺňania nadbytočných údajov. Šablóny môžete vytvárať aj pre iné operácie, ako sú laboratórne vyšetrenia, terapeutické sedenia atď.",
Descriptive Test Result,Opisný výsledok testu,
Allow Blank,Povoliť prázdne miesto,
Descriptive Test Template,Šablóna opisného testu,
"If you want to track Payroll and other HRMS operations for a Practitoner, create an Employee and link it here.","Ak chcete sledovať mzdy a iné operácie systému HRMS pre praktického lekára, vytvorte zamestnanca a prepojte ho sem.",
Set the Practitioner Schedule you just created. This will be used while booking appointments.,Nastavte práve vytvorený plán praktického lekára. Ten sa bude používať pri rezervácii stretnutí.,
Create a service item for Out Patient Consulting.,Vytvorte položku služby pre ambulantné poradenstvo pre pacientov.,
"If this Healthcare Practitioner works for the In-Patient Department, create a service item for Inpatient Visits.","Ak tento zdravotnícky pracovník pracuje na lôžkovom oddelení, vytvorte položku služby pre Návštevy na lôžkovom oddelení.",
Set the Out Patient Consulting Charge for this Practitioner.,Nastavte poplatok za konzultáciu s pacientom pre tohto praktického lekára.,
"If this Healthcare Practitioner also works for the In-Patient Department, set the inpatient visit charge for this Practitioner.","Ak tento praktický lekár pracuje aj na lôžkovom oddelení, nastavte pre neho poplatok za návštevu v lôžkovom oddelení.",
"If checked, a customer will be created for every Patient. Patient Invoices will be created against this Customer. You can also select existing Customer while creating a Patient. This field is checked by default.","Ak je začiarknuté, pre každého pacienta sa vytvorí zákazník. Na základe tohto zákazníka sa vytvoria faktúry pre pacientov. Pri vytváraní Pacienta môžete vybrať aj existujúceho Zákazníka. Toto pole je predvolene začiarknuté.",
Collect Registration Fee,Vyberanie registračného poplatku,
"If your Healthcare facility bills registrations of Patients, you can check this and set the Registration Fee in the field below. Checking this will create new Patients with a Disabled status by default and will only be enabled after invoicing the Registration Fee.","Ak vaše zdravotnícke zariadenie účtuje registrácie Pacientov, môžete to zaškrtnúť a nastaviť Registračný poplatok v poli nižšie. Zaškrtnutím tejto možnosti sa štandardne vytvoria noví Pacienti so stavom Zakázaný a aktivujú sa až po vyúčtovaní Registračného poplatku.",
Checking this will automatically create a Sales Invoice whenever an appointment is booked for a Patient.,"Po začiarknutí tejto možnosti sa automaticky vytvorí predajná faktúra vždy, keď je pre pacienta rezervovaná schôdzka.",
Healthcare Service Items,Položky zdravotníckych služieb,
"You can create a service item for Inpatient Visit Charge and set it here. Similarly, you can set up other Healthcare Service Items for billing in this section. Click ",Môžete si vytvoriť položku služby Inpatient Visit Charge a nastaviť ju tu. Podobne môžete v tejto časti nastaviť aj ďalšie položky služieb zdravotnej starostlivosti na účtovanie. Kliknite na stránku .,
Set up default Accounts for the Healthcare Facility,Nastavenie predvolených účtov pre zdravotnícke zariadenie,
"If you wish to override default accounts settings and configure the Income and Receivable accounts for Healthcare, you can do so here.","Ak chcete zrušiť predvolené nastavenia účtov a nakonfigurovať účty Príjmy a Pohľadávky pre zdravotníctvo, môžete tak urobiť tu.",
Out Patient SMS alerts,Upozornenia SMS pre pacientov mimo nemocnice,
"If you want to send SMS alert on Patient Registration, you can enable this option. Similary, you can set up Out Patient SMS alerts for other functionalities in this section. Click ","Ak chcete posielať SMS upozornenie na registráciu pacienta, môžete túto možnosť povoliť. Podobne môžete v tejto časti nastaviť SMS upozornenia Mimo pacienta pre iné funkcie. Kliknite na tlačidlo .",
Admission Order Details,Podrobnosti o objednávke prijatia,
Admission Ordered For,Príjem objednaný pre,
Expected Length of Stay,Predpokladaná dĺžka pobytu,
Admission Service Unit Type,Prijímacia služba Typ jednotky,
Healthcare Practitioner (Primary),Zdravotnícky pracovník (primár),
Healthcare Practitioner (Secondary),Praktický lekár v zdravotníctve (sekundárne),
Admission Instruction,Vstupné inštrukcie,
Chief Complaint,Hlavná sťažnosť,
Medications,Lieky,
Investigations,Vyšetrovania,
Discharge Detials,Vypúšťacie dokumenty,
Discharge Ordered Date,Dátum nariadeného prepustenia,
Discharge Instructions,Pokyny na prepustenie,
Follow Up Date,Dátum následnej kontroly,
Discharge Notes,Poznámky k prepusteniu,
Processing Inpatient Discharge,Spracovanie prepustenia z hospitalizácie,
Processing Patient Admission,Spracovanie prijatia pacienta,
Check-in time cannot be greater than the current time,Čas registrácie nemôže byť dlhší ako aktuálny čas,
Process Transfer,Prenos procesu,
HLC-LAB-.YYYY.-,HLC-LAB-.YYYY.-,
Expected Result Date,Dátum očakávaného výsledku,
Expected Result Time,Očakávaný čas výsledku,
Printed on,Vytlačené na,
Requesting Practitioner,Žiadajúci odborník,
Requesting Department,Žiadajúce oddelenie,
Employee (Lab Technician),Zamestnanec (laboratórny technik),
Lab Technician Name,Meno laboratórneho technika,
Lab Technician Designation,Označenie laboratórny technik,
Compound Test Result,Výsledok zloženého testu,
Organism Test Result,Výsledok testu na organizmy,
Sensitivity Test Result,Výsledok testu citlivosti,
Worksheet Print,Pracovný hárok Tlač,
Worksheet Instructions,Pokyny k pracovnému listu,
Result Legend Print,Výsledok Legenda Tlač,
Print Position,Vytlačiť pozíciu,
Both,Obe stránky,
Result Legend,Výsledok Legenda,
Lab Tests,Laboratórne testy,
No Lab Tests found for the Patient {0},Pre pacienta neboli nájdené žiadne laboratórne testy {0},
"Did not send SMS, missing patient mobile number or message content.","Neodoslala SMS, chýba mobilné číslo pacienta alebo obsah správy.",
No Lab Tests created,Nie sú vytvorené žiadne laboratórne testy,
Creating Lab Tests...,Vytváranie laboratórnych testov...,
Lab Test Group Template,Šablóna skupiny laboratórnych testov,
Add New Line,Pridať nový riadok,
Secondary UOM,Sekundárne UOM,
"<b>Single</b>: Results which require only a single input.\n<br>\n<b>Compound</b>: Results which require multiple event inputs.\n<br>\n<b>Descriptive</b>: Tests which have multiple result components with manual result entry.\n<br>\n<b>Grouped</b>: Test templates which are a group of other test templates.\n<br>\n<b>No Result</b>: Tests with no results, can be ordered and billed but no Lab Test will be created. e.g.. Sub Tests for Grouped results","<b>Single</b>: \n<br>\n<b>Skladaný</b>: Výsledky, ktoré vyžadujú viacero vstupov udalostí.\n<br>\n<b>Opisné</b>: Testy, ktoré majú viacero zložiek výsledkov s ručným zadávaním výsledkov.\n<br>\n<b>Zoskupené</b>: Šablóny testov, ktoré sú skupinou iných šablón testov.\n<br>\n<b>Žiadny výsledok</b>: Testy bez výsledkov, môžu byť objednané a vyúčtované, ale nebude vytvorený žiadny laboratórny test. napr. Podtesty pre zoskupené výsledky.",
"If unchecked, the item will not be available in Sales Invoices for billing but can be used in group test creation. ","Ak nie je začiarknuté, položka nebude k dispozícii v predajných faktúrach na fakturáciu, ale môže sa použiť pri vytváraní skupinového testu.",
Description,Popis,
Descriptive Test,Popisný test,
Group Tests,Skupinové testy,
Instructions to be printed on the worksheet,"Pokyny, ktoré sa majú vytlačiť na pracovnom liste",
"Information to help easily interpret the test report, will be printed as part of the Lab Test result.","Súčasťou výsledku laboratórneho testu sú informácie, ktoré vám pomôžu ľahko interpretovať správu o teste.",
Normal Test Result,Normálny výsledok testu,
Secondary UOM Result,Sekundárny výsledok UOM,
Italic,Kurzíva,
Underline,Podčiarknite,
Organism,Organizmus,
Organism Test Item,Organizmus Testovacia položka,
Colony Population,Populácia kolónie,
Colony UOM,Kolónia UOM,
Tobacco Consumption (Past),Spotreba tabaku (minulosť),
Tobacco Consumption (Present),Spotreba tabaku (súčasnosť),
Alcohol Consumption (Past),Konzumácia alkoholu (v minulosti),
Alcohol Consumption (Present),Konzumácia alkoholu (súčasnosť),
Billing Item,Fakturačná položka,
Medical Codes,Lekárske kódy,
Clinical Procedures,Klinické postupy,
Order Admission,Prijatie objednávky,
Scheduling Patient Admission,Plánovanie prijatia pacienta,
Order Discharge,Objednávka na prepustenie,
Sample Details,Podrobnosti o vzorke,
Collected On,Zozbierané na,
No. of prints,Počet výtlačkov,
Number of prints required for labelling the samples,Počet výtlačkov potrebných na označenie vzoriek,
HLC-VTS-.YYYY.-,HLC-VTS-.YYYY.-,
Payroll Cost Center,Mzdové nákladové stredisko,
Approvers,Schvaľovatelia,
The first Approver in the list will be set as the default Approver.,Prvý schvaľovateľ v zozname bude nastavený ako predvolený schvaľovateľ.,
Shift Request Approver,Schvaľovateľ žiadosti o zmenu,
Provident Fund Account,Účet fondu sociálneho zabezpečenia,
MICR Code,Kód MICR,
Repay unclaimed amount from salary,Vrátenie nevyzdvihnutej sumy z platu,
Deduction from salary,Zrážka zo mzdy,
If this is not checked the loan by default will be considered as a Demand Loan,"Ak táto možnosť nie je zaškrtnutá, pôžička sa bude považovať za pôžičku na požiadanie",
This account is used for booking loan repayments from the borrower and also disbursing loans to the borrower,Tento účet sa používa na účtovanie splátok úveru od dlžníka a tiež na vyplácanie úverov dlžníkovi.,
This account is capital account which is used to allocate capital for loan disbursal account,"Tento účet je kapitálový účet, ktorý sa používa na alokáciu kapitálu pre účet čerpania úverov.",
This account will be used for booking loan interest accruals,Tento účet sa bude používať na účtovanie časového rozlíšenia úrokov z úverov,
This account will be used for booking penalties levied due to delayed repayments,Tento účet sa bude používať na účtovanie pokút uložených v dôsledku oneskorených splátok.,
Variant BOM,Variant BOM,
Template Item,Položka šablóny,
Select template item,Vyberte položku šablóny,
Select variant item code for the template item {0},Vyberte kód položky variantu pre položku šablóny {0},
Downtime Entry,Zadávanie prestojov,
DT-,DT-,
Workstation / Machine,Pracovná stanica / stroj,
Operator,Prevádzkovateľ,
In Mins,V minútach,
Downtime Reason,Dôvod prestoja,
Stop Reason,Zastaviť dôvod,
Excessive machine set up time,Nadmerný čas nastavenia stroja,
Unplanned machine maintenance,Neplánovaná údržba strojov,
On-machine press checks,Kontroly tlače na stroji,
Machine operator errors,Chyby obsluhy stroja,
Machine malfunction,Porucha stroja,
Electricity down,Zníženie spotreby elektrickej energie,
Operation Row Number,Číslo riadku operácie,
Operation {0} added multiple times in the work order {1},Operácia {0} pridaná viackrát v pracovnej objednávke {1},
"If ticked, multiple materials can be used for a single Work Order. This is useful if one or more time consuming products are being manufactured.","Ak je začiarknuté, pre jeden pracovný príkaz možno použiť viacero materiálov. To je užitočné, ak sa vyrába jeden alebo viac časovo náročných výrobkov.",
Backflush Raw Materials,Spätné preplachovanie surovín,
"The Stock Entry of type 'Manufacture' is known as backflush. Raw materials being consumed to manufacture finished goods is known as backflushing. <br><br> When creating Manufacture Entry, raw-material items are backflushed based on BOM of production item. If you want raw-material items to be backflushed based on Material Transfer entry made against that Work Order instead, then you can set it under this field.","Zápis zásob typu ""Výroba"" je známy ako spätné prečerpanie. Suroviny, ktoré sa spotrebúvajú na výrobu hotových výrobkov, sú známe ako spätné prečerpanie. <br><br> Pri vytváraní položky Výroba sa položky surovín spätne prečerpávajú na základe kusovníka položky výroby. Ak chcete, aby sa položky surovín-materiálov namiesto toho spätne prepláchli na základe položky Prenos materiálu vytvorenej na základe daného Výrobného príkazu, môžete to nastaviť v tomto poli.",
Work In Progress Warehouse,Sklad rozpracovaných výrobkov,
This Warehouse will be auto-updated in the Work In Progress Warehouse field of Work Orders.,Tento sklad sa bude automaticky aktualizovať v poli Sklad rozpracovanej výroby v pracovných príkazoch.,
Finished Goods Warehouse,Sklad hotových výrobkov,
This Warehouse will be auto-updated in the Target Warehouse field of Work Order.,Tento sklad sa automaticky aktualizuje v poli Cieľový sklad pracovného príkazu.,
"If ticked, the BOM cost will be automatically updated based on Valuation Rate / Price List Rate / last purchase rate of raw materials.","Ak je začiarknuté, náklady na kusovník sa automaticky aktualizujú na základe oceňovacej sadzby / cenníkovej sadzby / poslednej nákupnej sadzby surovín.",
Source Warehouses (Optional),Zdrojové sklady (voliteľné),
"System will pickup the materials from the selected warehouses. If not specified, system will create material request for purchase.","Systém vyzdvihne materiál z vybraných skladov. Ak nie je zadaný, systém vytvorí požiadavku na nákup materiálu.",
Lead Time,Čas realizácie,
PAN Details,PAN Podrobnosti,
Create Customer,Vytvoriť zákazníka,
Invoicing,Fakturácia,
Enable Auto Invoicing,Povolenie automatickej fakturácie,
Send Membership Acknowledgement,Odoslať potvrdenie o členstve,
Send Invoice with Email,Odoslanie faktúry pomocou e-mailu,
Membership Print Format,Formát tlače členstva,
Invoice Print Format,Formát tlače faktúry,
Revoke <Key></Key>,Odvolať <Kľúč></Kľúč>,
You can learn more about memberships in the manual.,Viac informácií o členstve nájdete v príručke.,
ERPNext Docs,Dokumenty ERPNext,
Regenerate Webhook Secret,Regenerovať webový háčik Secret,
Generate Webhook Secret,Generovanie tajomstva webhooku,
Copy Webhook URL,Kopírovanie adresy URL webhooku,
Linked Item,Prepojená položka,
Feedback By,Spätná väzba od,
Manufacturing Section,Výrobná sekcia,
"By default, the Customer Name is set as per the Full Name entered. If you want Customers to be named by a ","V predvolenom nastavení je názov zákazníka nastavený podľa zadaného úplného názvu. Ak chcete, aby boli zákazníci pomenovaní podľa",
Configure the default Price List when creating a new Sales transaction. Item prices will be fetched from this Price List.,Konfigurácia predvoleného cenníka pri vytváraní novej predajnej transakcie. Ceny položiek sa načítajú z tohto Cenníka.,
"If this option is configured 'Yes', ERPNext will prevent you from creating a Sales Invoice or Delivery Note without creating a Sales Order first. This configuration can be overridden for a particular Customer by enabling the 'Allow Sales Invoice Creation Without Sales Order' checkbox in the Customer master.","Ak je táto možnosť nakonfigurovaná ako ""Áno"", ERPNext vám zabráni vytvoriť predajnú faktúru alebo dodací list bez toho, aby ste najprv vytvorili predajnú objednávku. Túto konfiguráciu možno pre konkrétneho zákazníka zrušiť zapnutím zaškrtávacieho políčka ""Povoliť vytvorenie predajnej faktúry bez predajnej objednávky"" v hlavnom okne zákazníka.",
"If this option is configured 'Yes', ERPNext will prevent you from creating a Sales Invoice without creating a Delivery Note first. This configuration can be overridden for a particular Customer by enabling the 'Allow Sales Invoice Creation Without Delivery Note' checkbox in the Customer master.","Ak je táto možnosť nakonfigurovaná ako ""Áno"", ERPNext vám zabráni vytvoriť predajnú faktúru bez toho, aby ste najprv vytvorili dodací list. Túto konfiguráciu možno pre konkrétneho zákazníka zrušiť zapnutím zaškrtávacieho políčka ""Povoliť vytváranie predajných faktúr bez dodacieho listu"" v hlavnom okne zákazníka.",
Default Warehouse for Sales Return,Predvolený sklad pre vrátenie predaja,
Default In Transit Warehouse,Predvolený tranzitný sklad,
Enable Perpetual Inventory For Non Stock Items,Povolenie trvalej inventúry pre neskladové položky,
HRA Settings,Nastavenia HRA,
Basic Component,Základná zložka,
HRA Component,Zložka HRA,
Arrear Component,Zložka nedoplatkov,
Please enter the company name to confirm,Na potvrdenie zadajte názov spoločnosti,
Quotation Lost Reason Detail,Detail stratenej cenovej ponuky,
Enable Variants,Povolenie variantov,
Save Quotations as Draft,Uložiť citácie ako návrh,
MAT-DN-RET-.YYYY.-,MAT-DN-RET-.YYYY.-,
Please Select a Customer,"Prosím, vyberte zákazníka",
Against Delivery Note Item,Proti dodacej poznámke Položka,
Is Non GST,Je bez GST,
Image Description,Popis obrázku,
Transfer Status,Stav prenosu,
MAT-PR-RET-.YYYY.-,MAT-PR-RET-.YYYY.-,
Track this Purchase Receipt against any Project,Sledovanie tohto dokladu o nákupe v rámci akéhokoľvek projektu,
Please Select a Supplier,Vyberte dodávateľa,
Add to Transit,Pridať do tranzitu,
Set Basic Rate Manually,Manuálne nastavenie základnej sadzby,
"By default, the Item Name is set as per the Item Code entered. If you want Items to be named by a ","Názov položky je predvolene nastavený podľa zadaného kódu položky. Ak chcete, aby boli položky pomenované podľa",
Set a Default Warehouse for Inventory Transactions. This will be fetched into the Default Warehouse in the Item master.,Nastavenie predvoleného skladu pre skladové transakcie. Táto sa načíta do Predvoleného skladu v hlavnej položke.,
"This will allow stock items to be displayed in negative values. Using this option depends on your use case. With this option unchecked, the system warns before obstructing a transaction that is causing negative stock.","To umožní zobrazovať skladové položky v záporných hodnotách. Použitie tejto možnosti závisí od prípadu použitia. Ak táto možnosť nie je začiarknutá, systém varuje pred zablokovaním transakcie, ktorá spôsobuje záporné hodnoty zásob.",
Choose between FIFO and Moving Average Valuation Methods. Click,Vyberte si medzi metódami oceňovania FIFO a kĺzavým priemerom. Kliknite na .,
to know more about them.,aby ste sa o nich dozvedeli viac.,
Show 'Scan Barcode' field above every child table to insert Items with ease.,"Zobrazenie poľa ""Skenovať čiarový kód"" nad každou podriadenou tabuľkou na jednoduché vkladanie položiek.",
"Serial numbers for stock will be set automatically based on the Items entered based on first in first out in transactions like Purchase/Sales Invoices, Delivery Notes, etc.","Sériové čísla zásob sa nastavia automaticky na základe položiek zadaných podľa zásady ""prvý došiel, prvý odišiel"" v transakciách, ako sú nákupné/predajné faktúry, dodacie listy atď.",
"If blank, parent Warehouse Account or company default will be considered in transactions","Ak je prázdne, pri transakciách sa bude brať do úvahy materský skladový účet alebo predvolené nastavenie spoločnosti",
Service Level Agreement Details,Podrobnosti o dohode o úrovni služieb,
Service Level Agreement Status,Stav dohody o úrovni služieb,
On Hold Since,Podržané od,
Total Hold Time,Celkový čas podržania,
Response Details,Podrobnosti o reakcii,
Average Response Time,Priemerný čas odozvy,
User Resolution Time,Čas rozlíšenia používateľa,
SLA is on hold since {0},SLA je pozastavená od {0},
Pause SLA On Status,Pozastavenie SLA zapnutý stav,
Pause SLA On,Pozastavenie SLA On,
Greetings Section,Sekcia pozdravov,
Greeting Title,Pozdrav Názov,
Greeting Subtitle,Pozdravný podtitul,
Youtube ID,ID služby Youtube,
Youtube Statistics,Štatistiky služby Youtube,
Views,Zobrazenia,
Dislikes,Nemá rád,
Video Settings,Nastavenia videa,
Enable YouTube Tracking,Povolenie sledovania YouTube,
30 mins,30 minút,
1 hr,1 hod.,
6 hrs,6 hodín,
Patient Progress,Pokrok pacienta,
Targetted,Cielené,
Score Obtained,Dosiahnuté skóre,
Sessions,Relácie,
Average Score,Priemerné skóre,
Select Assessment Template,Vyberte šablónu hodnotenia,
out of,z,
Select Assessment Parameter,Vyberte parameter hodnotenia,
Gender:,Pohlavie:,
Contact:,Kontakt:,
Total Therapy Sessions:,Celkový počet terapeutických sedení:,
Monthly Therapy Sessions:,Mesačné terapeutické sedenia:,
Patient Profile,Profil pacienta,
Point Of Sale,Predajné miesto,
Email sent successfully.,E-mail bol úspešne odoslaný.,
Search by invoice id or customer name,Vyhľadávanie podľa ID faktúry alebo názvu zákazníka,
Invoice Status,Stav faktúry,
Filter by invoice status,Filtrovanie podľa stavu faktúry,
Select item group,Vybrať skupinu položiek,
No items found. Scan barcode again.,Nenašli sa žiadne položky. Skenujte čiarový kód znova.,
"Search by customer name, phone, email.","Vyhľadávanie podľa mena zákazníka, telefónu, e-mailu.",
Enter discount percentage.,Zadajte percento zľavy.,
Discount cannot be greater than 100%,Zľava nemôže byť vyššia ako 100 %.,
Enter customer's email,Zadajte e-mail zákazníka,
Enter customer's phone number,Zadajte telefónne číslo zákazníka,
Customer contact updated successfully.,Kontakt na zákazníka bol úspešne aktualizovaný.,
Item will be removed since no serial / batch no selected.,"Položka bude odstránená, pretože nie je vybrané žiadne sériové číslo/číslo dávky.",
Discount (%),Zľava (%),
You cannot submit the order without payment.,Objednávku nemôžete odoslať bez platby.,
You cannot submit empty order.,Nemôžete odoslať prázdnu objednávku.,
To Be Paid,Má sa zaplatiť,
Create POS Opening Entry,Vytvorenie úvodného záznamu POS,
Please add Mode of payments and opening balance details.,Doplňte údaje o spôsobe platby a počiatočnom zostatku.,
Toggle Recent Orders,Prepnúť Nedávne objednávky,
Save as Draft,Uložiť ako návrh,
You must add atleast one item to save it as draft.,"Musíte pridať aspoň jednu položku, aby ste ju mohli uložiť ako koncept.",
There was an error saving the document.,Pri ukladaní dokumentu došlo k chybe.,
You must select a customer before adding an item.,Pred pridaním položky musíte vybrať zákazníka.,
Please Select a Company,"Prosím, vyberte spoločnosť",
Active Leads,Aktívne vedenia,
Please Select a Company.,Vyberte spoločnosť.,
BOM Operations Time,Čas operácií BOM,
BOM ID,ID KUSOVNÍKA,
BOM Item Code,Kód položky BOM,
Time (In Mins),Čas (v minútach),
Sub-assembly BOM Count,Počet podzostáv BOM,
View Type,Zobraziť typ,
Total Delivered Amount,Celková dodaná suma,
Downtime Analysis,Analýza prestojov,
Machine,Stroj,
Downtime (In Hours),Prestoje (v hodinách),
Employee Analytics,Analýza zamestnancov,
"""From date"" can not be greater than or equal to ""To date""","""Od dátumu"" nemôže byť väčší alebo rovný ako ""Do dátumu""",
Exponential Smoothing Forecasting,Predpovedanie s exponenciálnym vyhladzovaním,
First Response Time for Issues,Čas prvej reakcie na problémy,
First Response Time for Opportunity,Prvý čas reakcie na príležitosť,
Depreciatied Amount,Odpisovaná suma,
Period Based On,Obdobie na základe,
Date Based On,Dátum na základe,
{0} and {1} are mandatory,{0} a {1} sú povinné,
Consider Accounting Dimensions,Zvážte rozmery účtovníctva,
Reserved Quantity for Production,Rezervované množstvo na výrobu,
Projected Quantity,Predpokladané množstvo,
Total Sales Amount,Celková suma predaja,
Job Card Summary,Zhrnutie pracovnej karty,
Id,Id,
Time Required (In Mins),Potrebný čas (v minútach),
From Posting Date,Od dátumu odoslania,
To Posting Date,K dátumu odoslania,
No records found,Nenašli sa žiadne záznamy,
Customer/Lead Name,Meno zákazníka/vedúceho,
Production Planning Report,Správa o plánovaní výroby,
Order Qty,Objednávka Množstvo,
Raw Material Code,Kód suroviny,
Raw Material Name,Názov suroviny,
Allotted Qty,Pridelené množstvo,
Expected Arrival Date,Predpokladaný dátum príchodu,
Arrival Quantity,Príchod Množstvo,
Raw Material Warehouse,Sklad surovín,
Order By,Objednávka podľa,
Include Sub-assembly Raw Materials,Vrátane surovín pre podzostavy,
Program wise Fee Collection,Výber poplatkov podľa programu,
Fees Collected,Vyzbierané poplatky,
Project Summary,Zhrnutie projektu,
Total Tasks,Úlohy spolu,
Tasks Completed,Ukončené úlohy,
Tasks Overdue,Oneskorené úlohy,
Completion,Ukončenie,
Purchase Order Analysis,Analýza nákupných objednávok,
From and To Dates are required.,Vyžadujú sa dátumy od a do.,
To Date cannot be before From Date.,Dátum do nemôže byť pred dátumom od.,
Qty to Bill,Množstvo pre Bill,
Group by Purchase Order,Skupina podľa objednávky,
Purchase Value,Hodnota nákupu,
Total Received Amount,Celková prijatá suma,
Quality Inspection Summary,Zhrnutie inšpekcie kvality,
Quoted Amount,Uvedená suma,
Lead Time (Days),Doba realizácie (v dňoch),
Include Expired,Zahrnúť Vypršala platnosť,
Requested Items to Order and Receive,Požadované položky na objednanie a prijatie,
Sales Order Analysis,Analýza objednávok predaja,
Amount Delivered,Dodaná suma,
Delay (in Days),Oneskorenie (v dňoch),
Group by Sales Order,Zoskupenie podľa objednávky predaja,
Sales Value,Hodnota predaja,
Stock Qty vs Serial No Count,Množstvo zásob vs. počet sériových čísel,
Serial No Count,Sériové číslo Počet,
Work Order Summary,Zhrnutie pracovnej objednávky,
Produce Qty,Produkovať Množstvo,
Lead Time (in mins),Doba realizácie (v minútach),
Charts Based On,Grafy založené na,
YouTube Interactions,Interakcie so službou YouTube,
Published Date,Dátum zverejnenia,
Barnch,Barnch,
Select a Company,Vyberte spoločnosť,
Opportunity {0} created,Vytvorená príležitosť {0},
Kindly select the company first,Najskôr vyberte spoločnosť,
Please enter From Date and To Date to generate JSON,Zadajte Dátum od a Dátum do na vygenerovanie JSON,
Download DATEV File,Stiahnuť súbor DATEV,
Numero has not set in the XML file,Numero nie je nastavené v súbore XML,
Inward Supplies(liable to reverse charge),Aktívne dodávky (podliehajú preneseniu daňovej povinnosti),
This is based on the course schedules of this Instructor,Vychádza to z rozvrhu kurzov tohto inštruktora,
Course and Assessment,Kurz a hodnotenie,
Course {0} has been added to all the selected programs successfully.,Kurz {0} bol úspešne pridaný do všetkých vybraných programov.,
Programs updated,Aktualizované programy,
Program and Course,Program a kurz,
{0} or {1} is mandatory,{0} alebo {1} je povinné,
Mandatory Fields,Povinné polia,
Student {0}: {1} does not belong to Student Group {2},Študent {0}: {1} nepatrí do skupiny študentov {2},
Student Attendance record {0} already exists against the Student {1},Záznam o dochádzke študenta {0} už existuje voči študentovi {1},
Course and Fee,Kurz a poplatok,
Not eligible for the admission in this program as per Date Of Birth,Nie je oprávnený na prijatie do tohto programu podľa dátumu narodenia,
Topic {0} has been added to all the selected courses successfully.,Téma {0} bola úspešne pridaná do všetkých vybraných kurzov.,
Courses updated,Aktualizácia kurzov,
{0} {1} has been added to all the selected topics successfully.,{0} {1} boli úspešne pridané do všetkých vybraných tém.,
Topics updated,Aktualizované témy,
Academic Term and Program,Akademický semester a program,
Please remove this item and try to submit again or update the posting time.,Odstráňte túto položku a skúste ju odoslať znova alebo aktualizujte čas odoslania.,
Failed to Authenticate the API key.,Nepodarilo sa overiť kľúč API.,
Invalid Credentials,Neplatné poverenia,
URL can only be a string,URL môže byť len reťazec,
"Here is your webhook secret, this will be shown to you only once.","Tu je vaše tajomstvo webhooku, ktoré sa vám zobrazí len raz.",
The payment for this membership is not paid. To generate invoice fill the payment details,"Platba za toto členstvo nie je uhradená. Ak chcete vygenerovať faktúru, vyplňte platobné údaje",
An invoice is already linked to this document,K tomuto dokumentu je už pripojená faktúra,
No customer linked to member {},Žiadny zákazník spojený s členom {},
You need to set <b>Debit Account</b> in Membership Settings,Musíte nastaviť <b>debetný účet</b> v nastaveniach členstva,
You need to set <b>Default Company</b> for invoicing in Membership Settings,V nastaveniach členstva je potrebné nastaviť <b>predvolenú spoločnosť</b> pre fakturáciu,
You need to enable <b>Send Acknowledge Email</b> in Membership Settings,V nastaveniach členstva je potrebné povoliť funkciu <b>Odoslať potvrdzujúci e-mail</b>.,
Error creating membership entry for {0},Chyba pri vytváraní položky členstva pre {0},
A customer is already linked to this Member,Zákazník je už prepojený s týmto členom,
End Date must not be lesser than Start Date,Dátum ukončenia nesmie byť nižší ako dátum začiatku,
Employee {0} already has Active Shift {1}: {2},Zamestnanec {0} už má aktívnu zmenu {1}: {2},
from {0},z {0},
to {0},na {0},
Please set {0} for the Employee or for Department: {1},Nastavte {0} pre zamestnanca alebo pre oddelenie: {1},
Employee Onboarding: {0} is already for Job Applicant: {1},Nástup zamestnancov: {0} je už pre uchádzača o zamestnanie: {1},
Asset Value Analytics,Analýza hodnoty aktív,
Category-wise Asset Value,Hodnota aktív podľa kategórie,
Total Assets,Celkové aktíva,
New Assets (This Year),Nové aktíva (tento rok),
Row #{}: Depreciation Posting Date should not be equal to Available for Use Date.,Riadok #{}: Dátum zaúčtovania odpisov by sa nemal rovnať Dátumu použitia.,
Incorrect Date,Nesprávny dátum,
Invalid Gross Purchase Amount,Neplatná hrubá suma nákupu,
There are active maintenance or repairs against the asset. You must complete all of them before cancelling the asset.,Na majetku sa vykonáva aktívna údržba alebo opravy. Pred zrušením aktíva ich musíte všetky dokončiť.,
% Complete,% Dokončené,
Back to Course,Späť na kurz,
Finish Topic,Dokončiť tému,
Mins,Minúty,
by,podľa,
Back to,Späť na,
Enrolling...,Zapísanie...,
You have successfully enrolled for the program,Úspešne ste sa prihlásili do programu,
Enrolled,Zapísaný,
Watch Intro,Pozrite si úvod,
We're here to help!,"Sme tu, aby sme vám pomohli!",
Frequently Read Articles,Často čítané články,
Please set a default company address,Nastavte predvolenú adresu spoločnosti,
{0} is not a valid state! Check for typos or enter the ISO code for your state.,"{0} nie je platný stav! Skontrolujte, či nedošlo k preklepu, alebo zadajte kód ISO pre váš štát.",
Error occured while parsing Chart of Accounts: Please make sure that no two accounts have the same name,"Pri analyzovaní účtovnej osnovy došlo k chybe: Uistite sa, že žiadne dva účty nemajú rovnaký názov",
Plaid invalid request error,Chyba neplatnej požiadavky Plaid,
Please check your Plaid client ID and secret values,Skontrolujte svoje ID klienta Plaid a tajné hodnoty,
Bank transaction creation error,Chyba pri vytváraní bankovej transakcie,
Unit of Measurement,Merná jednotka,
Fiscal Year {0} Does Not Exist,Fiškálny rok {0} neexistuje,
Row # {0}: Returned Item {1} does not exist in {2} {3},Riadok č. {0}: Vrátená položka {1} neexistuje v {2} {3},
Valuation type charges can not be marked as Inclusive,Poplatky typu ocenenia nie je možné označiť ako Inclusive,
You do not have permissions to {} items in a {}.,Nemáte oprávnenie na {} položky v {}.,
Insufficient Permissions,Nedostatočné oprávnenia,
You are not allowed to update as per the conditions set in {} Workflow.,Nie je povolené aktualizovať podľa podmienok nastavených v {} Pracovný postup.,
Expense Account Missing,Chýbajúci nákladový účet,
{0} is not a valid Value for Attribute {1} of Item {2}.,{0} nie je platnou hodnotou pre atribút {1} položky {2}.,
Invalid Value,Neplatná hodnota,
The value {0} is already assigned to an existing Item {1}.,Hodnota {0} je už priradená existujúcej položke {1}.,
"To still proceed with editing this Attribute Value, enable {0} in Item Variant Settings.","Ak chcete ešte pokračovať v úprave tejto hodnoty atribútu, povoľte {0} v Nastaveniach variantu položky.",
Edit Not Allowed,Úprava nie je povolená,
Row #{0}: Item {1} is already fully received in Purchase Order {2},Riadok #{0}: Položka {1} je už plne prijatá v objednávke {2}.,
You cannot create or cancel any accounting entries with in the closed Accounting Period {0},V uzavretom účtovnom období {0} nemôžete vytvárať ani rušiť žiadne účtovné záznamy.,
POS Invoice should have {} field checked.,Faktúra POS by mala mať zaškrtnuté pole {}.,
Invalid Item,Neplatná položka,
Row #{}: You cannot add postive quantities in a return invoice. Please remove item {} to complete the return.,Riadok #{}: V spätnej faktúre nie je možné pridať kladné množstvá. Na dokončenie vrátenia odstráňte položku {}.,
The selected change account {} doesn't belongs to Company {}.,Vybraný zmenový účet {} nepatrí spoločnosti {}.,
Atleast one invoice has to be selected.,Je potrebné vybrať aspoň jednu faktúru.,
Payment methods are mandatory. Please add at least one payment method.,Spôsoby platby sú povinné. Pridajte aspoň jeden spôsob platby.,
Please select a default mode of payment,Vyberte predvolený spôsob platby,
You can only select one mode of payment as default,Ako predvolený spôsob platby môžete vybrať len jeden.,
Missing Account,Chýbajúci účet,
Customers not selected.,Zákazníci neboli vybraní.,
Statement of Accounts,Výkaz účtovnej závierky,
Ageing Report Based On,Správa o starnutí na základe,
Please enter distributed cost center,Zadajte distribuované nákladové stredisko,
Total percentage allocation for distributed cost center should be equal to 100,Celkové percentuálne rozdelenie pre distribuované nákladové stredisko by sa malo rovnať 100,
Cannot enable Distributed Cost Center for a Cost Center already allocated in another Distributed Cost Center,"Nemožno povoliť distribuované nákladové stredisko pre nákladové stredisko, ktoré je už pridelené v inom distribuovanom nákladovom stredisku",
Parent Cost Center cannot be added in Distributed Cost Center,Nadradené nákladové stredisko nie je možné pridať do rozdeleného nákladového strediska,
A Distributed Cost Center cannot be added in the Distributed Cost Center allocation table.,Rozdelené nákladové stredisko nie je možné pridať do tabuľky rozdelenia rozdelených nákladových stredísk.,
Cost Center with enabled distributed cost center can not be converted to group,Nákladové stredisko s povoleným distribuovaným nákladovým strediskom nemožno previesť na skupinu,
Cost Center Already Allocated in a Distributed Cost Center cannot be converted to group,Nákladové stredisko už priradené v distribuovanom nákladovom stredisku nemožno previesť na skupinu,
Trial Period Start date cannot be after Subscription Start Date,Dátum začiatku skúšobného obdobia nemôže byť po dátume začiatku predplatného,
Subscription End Date must be after {0} as per the subscription plan,Dátum ukončenia predplatného musí byť po {0} podľa plánu predplatného,
Subscription End Date is mandatory to follow calendar months,Dátum ukončenia predplatného musí povinne nasledovať po kalendárnych mesiacoch,
Row #{}: POS Invoice {} is not against customer {},Riadok #{}: Pokladničná faktúra {} nie je voči zákazníkovi {},
Row #{}: POS Invoice {} is not submitted yet,Riadok #{}: Pokladničná faktúra {} ešte nebola odoslaná,
Row #{}: POS Invoice {} has been {},Riadok #{}: POS faktúra {} bola {},
No Supplier found for Inter Company Transactions which represents company {0},"Nenašiel sa žiadny dodávateľ pre medzipodnikové transakcie, ktorý by zastupoval spoločnosť {0}",
No Customer found for Inter Company Transactions which represents company {0},"Nenašiel sa žiadny zákazník pre transakcie medzi spoločnosťami, ktorý by zastupoval spoločnosť {0}",
Invalid Period,Neplatné obdobie,
Selected POS Opening Entry should be open.,Vybraná položka Otvorenie pokladnice by mala byť otvorená.,
Invalid Opening Entry,Neplatný úvodný záznam,
Please set a Company,"Prosím, nastavte spoločnosť",
"Sorry, this coupon code's validity has not started","Je nám ľúto, platnosť tohto kupónu ešte nezačala",
"Sorry, this coupon code's validity has expired","Je nám ľúto, platnosť tohto kupónu vypršala",
"Sorry, this coupon code is no longer valid","Je nám ľúto, ale tento kód kupónu už nie je platný",
For the 'Apply Rule On Other' condition the field {0} is mandatory,"Pre podmienku ""Použiť pravidlo na iné"" je pole {0} povinné",
{1} Not in Stock,{1} Nie je na sklade,
Only {0} in Stock for item {1},Iba {0} na sklade pre položku {1},
Please enter a coupon code,Zadajte kód kupónu,
Please enter a valid coupon code,Zadajte platný kód kupónu,
Invalid Child Procedure,Neplatný postup pre deti,
Import Italian Supplier Invoice.,Import talianskej dodávateľskej faktúry.,
"Valuation Rate for the Item {0}, is required to do accounting entries for {1} {2}.","Sadzba ocenenia pre položku {0}, je potrebná na vykonanie účtovných zápisov pre {1} {2}.",
Here are the options to proceed:,Tu sú možnosti postupu:,
"If the item is transacting as a Zero Valuation Rate item in this entry, please enable 'Allow Zero Valuation Rate' in the {0} Item table.","Ak sa položka v tejto položke obchoduje ako položka s nulovou oceňovacou sadzbou, povoľte v tabuľke položiek {0} položku ""Povoliť nulovú oceňovaciu sadzbu"".",
"If not, you can Cancel / Submit this entry ","Ak nie, môžete tento záznam zrušiť/odoslať",
performing either one below:,vykonanie niektorej z týchto možností:,
Create an incoming stock transaction for the Item.,Vytvorte pre položku vstupnú skladovú transakciu.,
Mention Valuation Rate in the Item master.,V hlavičke položky uveďte položku Valuation Rate.,
Valuation Rate Missing,Chýbajúca miera ocenenia,
Serial Nos Required,Požadované sériové čísla,
Quantity Mismatch,Nesúlad množstva,
"Please Restock Items and Update the Pick List to continue. To discontinue, cancel the Pick List.","Ak chcete pokračovať, doplňte zásoby a aktualizujte zoznam odberu. Ak chcete pokračovať, zrušte zoznam odberov.",
Out of Stock,Nie je na sklade,
{0} units of Item {1} is not available.,{0} jednotiek položky {1} nie je k dispozícii.,
Item for row {0} does not match Material Request,Položka pre riadok {0} nezodpovedá požiadavke na materiál,
Warehouse for row {0} does not match Material Request,Sklad pre riadok {0} nezodpovedá požiadavke na materiál,
Accounting Entry for Service,Účtovný zápis pre službu,
All items have already been Invoiced/Returned,Všetky položky už boli fakturované/vrátené,
All these items have already been Invoiced/Returned,Všetky tieto položky už boli fakturované/vrátené,
Stock Reconciliations,Zosúladenie zásob,
Merge not allowed,Zlúčenie nie je povolené,
The following deleted attributes exist in Variants but not in the Template. You can either delete the Variants or keep the attribute(s) in template.,"Nasledujúce odstránené atribúty existujú vo Variantoch, ale nie v Šablóne. Môžete buď odstrániť Varianty, alebo ponechať atribút(y) v šablóne.",
Variant Items,Varianty položiek,
Variant Attribute Error,Chyba atribútu variantu,
The serial no {0} does not belong to item {1},Sériové číslo {0} nepatrí k položke {1},
There is no batch found against the {0}: {1},V porovnaní so skupinou {0} nebola nájdená žiadna dávka: {1},
Completed Operation,Ukončená operácia,
Work Order Analysis,Analýza pracovných objednávok,
Quality Inspection Analysis,Analýza kontroly kvality,
Pending Work Order,Nevyriešená pracovná objednávka,
Last Month Downtime Analysis,Analýza prestojov za posledný mesiac,
Work Order Qty Analysis,Analýza množstva pracovných objednávok,
Job Card Analysis,Analýza karty pracovného miesta,
Monthly Total Work Orders,Mesačný súčet pracovných objednávok,
Monthly Completed Work Orders,Mesačné dokončené pracovné príkazy,
Ongoing Job Cards,Priebežné pracovné karty,
Monthly Quality Inspections,Mesačné kontroly kvality,
(Forecast),(Predpoveď),
Total Demand (Past Data),Celkový dopyt (minulé údaje),
Total Forecast (Past Data),Celková prognóza (minulé údaje),
Total Forecast (Future Data),Celková prognóza (budúce údaje),
Based On Document,Na základe dokumentu,
Based On Data ( in years ),Na základe údajov ( v rokoch ),
Smoothing Constant,Vyrovnávacia konštanta,
Please fill the Sales Orders table,Vyplňte tabuľku Objednávky predaja,
Sales Orders Required,Požadované objednávky predaja,
Please fill the Material Requests table,Vyplňte tabuľku Žiadosti o materiál,
Material Requests Required,Požiadavky na materiál,
Items to Manufacture are required to pull the Raw Materials associated with it.,"Položky na výrobu sú potrebné na stiahnutie surovín, ktoré sú s nimi spojené.",
Items Required,Požadované položky,
Operation {0} does not belong to the work order {1},Operácia {0} nepatrí do pracovného príkazu {1},
Print UOM after Quantity,Tlač UOM po množstve,
Set default {0} account for perpetual inventory for non stock items,Nastavenie predvoleného účtu {0} pre trvalú inventúru pre neskladové položky,
Row #{0}: Child Item should not be a Product Bundle. Please remove Item {1} and Save,Riadok #{0}: Podriadená položka by nemala byť produktovým balíkom. Odstráňte položku {1} a uložte,
Credit limit reached for customer {0},Dosiahnutý úverový limit pre zákazníka {0},
Could not auto create Customer due to the following missing mandatory field(s):,Nepodarilo sa automaticky vytvoriť zákazníka z dôvodu chýbajúcich povinných polí:,
Please create Customer from Lead {0}.,"Prosím, vytvorte zákazníka z Lead {0}.",
Mandatory Missing,Povinné chýbajúce,
From Date can not be greater than To Date.,Dátum od nemôže byť väčší ako dátum do.,
Row #{0}: Please enter the result value for {1},Riadok #{0}: Zadajte prosím hodnotu výsledku pre {1},
Mandatory Results,Povinné výsledky,
Sales Invoice or Patient Encounter is required to create Lab Tests,Na vytvorenie laboratórnych testov je potrebná predajná faktúra alebo stretnutie s pacientom,
Insufficient Data,Nedostatočné údaje,
Lab Test(s) {0} created successfully,Laboratórne testy {0} úspešne vytvorené,
Test :,Test :,
Sample Collection {0} has been created,Bola vytvorená kolekcia vzoriek {0},
Normal Range:,Normálny rozsah:,
Row #{0}: Check Out datetime cannot be less than Check In datetime,Riadok #{0}: Dátum odchodu nemôže byť kratší ako dátum príchodu,
"Missing required details, did not create Inpatient Record","Chýbajúce požadované údaje, nevytvoril sa záznam o hospitalizácii",
Unbilled Invoices,Nevyfakturované faktúry,
Standard Selling Rate should be greater than zero.,Štandardná predajná sadzba by mala byť vyššia ako nula.,
Conversion Factor is mandatory,Konverzný faktor je povinný,
Row #{0}: Conversion Factor is mandatory,Riadok #{0}: Konverzný faktor je povinný,
Sample Quantity cannot be negative or 0,Množstvo vzorky nemôže byť záporné alebo 0,
Invalid Quantity,Neplatné množstvo,
"Please set defaults for Customer Group, Territory and Selling Price List in Selling Settings","Nastavte predvolené hodnoty pre skupinu zákazníkov, územie a predajný cenník v nastaveniach predaja",
{0} on {1},{0} na {1},
{0} with {1},{0} s {1},
Appointment Confirmation Message Not Sent,Neodoslanie správy o potvrdení termínu,
"SMS not sent, please check SMS Settings","SMS sa neodoslala, skontrolujte prosím nastavenia SMS",
Healthcare Service Unit Type cannot have both {0} and {1},Typ jednotky zdravotnej starostlivosti nemôže mať {0} aj {1},
Healthcare Service Unit Type must allow atleast one among {0} and {1},Typ jednotky zdravotnej starostlivosti musí umožňovať aspoň jednu z možností {0} a {1},
Set Response Time and Resolution Time for Priority {0} in row {1}.,Nastavte čas odozvy a čas riešenia pre prioritu {0} v riadku {1}.,
Response Time for {0} priority in row {1} can't be greater than Resolution Time.,Čas odozvy pre prioritu {0} v riadku {1} nemôže byť dlhší ako čas riešenia.,
{0} is not enabled in {1},{0} nie je povolený v {1},
Group by Material Request,Skupina podľa požiadavky na materiál,
Email Sent to Supplier {0},E-mail odoslaný dodávateľovi {0},
"The Access to Request for Quotation From Portal is Disabled. To Allow Access, Enable it in Portal Settings.","Prístup k žiadosti o cenovú ponuku z portálu je zakázaný. Ak chcete prístup povoliť, povoľte ho v nastaveniach portálu.",
Supplier Quotation {0} Created,Vytvorená ponuka dodávateľa {0},
Valid till Date cannot be before Transaction Date,Dátum platnosti do nemôže byť pred dátumom transakcie,
Unlink Advance Payment on Cancellation of Order,Odpojenie zálohovej platby pri zrušení objednávky,
"Simple Python Expression, Example: territory != 'All Territories'","Jednoduchý výraz jazyka Python, príklad: territory != 'All Territories'",
Sales Contributions and Incentives,Príspevky na predaj a stimuly,
Sourced by Supplier,Zdroj: dodávateľ,
Total weightage assigned should be 100%.<br>It is {0},Celková pridelená váha by mala byť 100 %.<br>Je to {0},
Account {0} exists in parent company {1}.,Účet {0} existuje v materskej spoločnosti {1}.,
"To overrule this, enable '{0}' in company {1}","Ak to chcete zrušiť, povoľte ""{0}"" v spoločnosti {1}",
Invalid condition expression,Neplatný výraz podmienky,
Please Select a Company First,Najskôr vyberte spoločnosť,
Please Select Both Company and Party Type First,Najskôr vyberte spoločnosť aj typ strany,
Provide the invoice portion in percent,Uveďte fakturačnú časť v percentách,
Give number of days according to prior selection,Uveďte počet dní podľa predchádzajúceho výberu,
Email Details,Podrobnosti o e-mailovej adrese,
"Select a greeting for the receiver. E.g. Mr., Ms., etc.","Vyberte pozdrav pre príjemcu. Napr. pán, pani atď.",
Preview Email,Náhľad e-mailu,
Please select a Supplier,"Prosím, vyberte dodávateľa",
Supplier Lead Time (days),Dodávateľský čas (dni),
"Home, Work, etc.","Domov, práca atď.",
Exit Interview Held On,Výstupný pohovor sa konal dňa,
Sets 'Target Warehouse' in each row of the Items table.,"Nastaví ""Cieľový sklad"" v každom riadku tabuľky položiek.",
Sets 'Source Warehouse' in each row of the Items table.,"Nastaví ""Source Warehouse"" v každom riadku tabuľky Items.",
POS Register,Register POS,
"Can not filter based on POS Profile, if grouped by POS Profile","Nemožno filtrovať na základe profilu POS, ak je zoskupený podľa profilu POS",
"Can not filter based on Customer, if grouped by Customer","Nemožno filtrovať na základe zákazníka, ak je zoskupený podľa zákazníka",
"Can not filter based on Cashier, if grouped by Cashier","Nemožno filtrovať na základe pokladnice, ak je zoskupená podľa pokladnice",
Payment Method,Spôsob platby,
"Can not filter based on Payment Method, if grouped by Payment Method","Nemožno filtrovať na základe spôsobu platby, ak je zoskupený podľa spôsobu platby",
Supplier Quotation Comparison,Porovnanie cenových ponúk dodávateľov,
Price per Unit (Stock UOM),Cena za jednotku (zásoba UOM),
Group by Supplier,Skupina podľa dodávateľa,
Group by Item,Zoskupenie podľa položky,
Remember to set {field_label}. It is required by {regulation}.,Nezabudnite nastaviť {field_label}. Vyžaduje ho {regulation}.,
Enrollment Date cannot be before the Start Date of the Academic Year {0},Dátum zápisu nemôže byť pred dátumom začiatku akademického roka {0},
Enrollment Date cannot be after the End Date of the Academic Term {0},Dátum zápisu nemôže byť po dátume ukončenia akademického obdobia {0},
Enrollment Date cannot be before the Start Date of the Academic Term {0},Dátum zápisu nemôže byť pred dátumom začiatku akademického obdobia {0},
Future Posting Not Allowed,Budúce vysielanie nie je povolené,
"To enable Capital Work in Progress Accounting, ","Umožnenie účtovania nedokončenej výroby,",
you must select Capital Work in Progress Account in accounts table,v tabuľke účtov musíte vybrať účet nedokončenej výroby,
You can also set default CWIP account in Company {},Predvolený účet CWIP môžete nastaviť aj v položke Firma {},
The Request for Quotation can be accessed by clicking on the following button,K žiadosti o cenovú ponuku sa dostanete kliknutím na toto tlačidlo,
Regards,S pozdravom,
Please click on the following button to set your new password,Kliknutím na nasledujúce tlačidlo nastavíte svoje nové heslo,
Update Password,Aktualizácia hesla,
Row #{}: Selling rate for item {} is lower than its {}. Selling {} should be atleast {},Riadok #{}: Predajná sadzba pre položku {} je nižšia ako jej {}. Predajný {} by mal byť aspoň {},
You can alternatively disable selling price validation in {} to bypass this validation.,"Ak chcete toto overovanie obísť, môžete v položke {} vypnúť overovanie predajnej ceny.",
Invalid Selling Price,Neplatná predajná cena,
Address needs to be linked to a Company. Please add a row for Company in the Links table.,Adresa musí byť prepojená so spoločnosťou. Pridajte riadok pre spoločnosť v tabuľke Odkazy.,
Company Not Linked,Spoločnosť Nie je prepojená,
Import Chart of Accounts from CSV / Excel files,Import účtovnej osnovy zo súborov CSV / Excel,
Completed Qty cannot be greater than 'Qty to Manufacture',"Dokončené množstvo nemôže byť väčšie ako ""Množstvo na výrobu",
"Row {0}: For Supplier {1}, Email Address is Required to send an email",Riadok {0}: Pre dodávateľa {1} je na odoslanie e-mailu vyžadovaná e-mailová adresa,
"If enabled, the system will post accounting entries for inventory automatically","Ak je táto možnosť povolená, systém automaticky zaúčtuje účtovné záznamy o zásobách",
Accounts Frozen Till Date,Zmrazené účty do dnešného dňa,
Accounting entries are frozen up to this date. Nobody can create or modify entries except users with the role specified below,Účtovné záznamy sú k tomuto dátumu zmrazené. Záznamy nemôže vytvárať ani upravovať nikto okrem používateľov s rolou uvedenou nižšie,
Role Allowed to Set Frozen Accounts and Edit Frozen Entries,Rola povolená na nastavenie zmrazených účtov a úpravu zmrazených záznamov,
Address used to determine Tax Category in transactions,Adresa použitá na určenie daňovej kategórie v transakciách,
"The percentage you are allowed to bill more against the amount ordered. For example, if the order value is $100 for an item and tolerance is set as 10%, then you are allowed to bill up to $110 ","Percentuálny podiel, ktorý môžete účtovať viac oproti objednanému množstvu. Ak je napríklad hodnota objednávky položky 100 USD a tolerancia je nastavená na 10 %, potom môžete účtovať až 110 USD.",
This role is allowed to submit transactions that exceed credit limits,"Táto rola môže zadávať transakcie, ktoré prekračujú úverové limity",
"If ""Months"" is selected, a fixed amount will be booked as deferred revenue or expense for each month irrespective of the number of days in a month. It will be prorated if deferred revenue or expense is not booked for an entire month","Ak je vybraná možnosť ""Mesiace"", zaúčtuje sa pevná suma ako výnosy alebo náklady budúcich období za každý mesiac bez ohľadu na počet dní v mesiaci. Ak sa výnosy budúcich období alebo náklady budúcich období nezaúčtujú za celý mesiac, budú sa pomerne rozpočítavať",
"If this is unchecked, direct GL entries will be created to book deferred revenue or expense","Ak táto možnosť nie je začiarknutá, vytvoria sa priame položky GL na zaúčtovanie výnosov alebo nákladov budúcich období.",
Show Inclusive Tax in Print,Zobrazenie dane vrátane dane v tlači,
Only select this if you have set up the Cash Flow Mapper documents,"Túto možnosť vyberte len vtedy, ak ste nastavili dokumenty Mapy peňažných tokov",
Payment Channel,Platobný kanál,
Is Purchase Order Required for Purchase Invoice & Receipt Creation?,Je pre vytvorenie nákupnej faktúry a potvrdenky potrebná objednávka?,
Is Purchase Receipt Required for Purchase Invoice Creation?,Je pre vytvorenie nákupnej faktúry potrebný nákupný doklad?,
Maintain Same Rate Throughout the Purchase Cycle,Zachovanie rovnakej sadzby počas celého nákupného cyklu,
Allow Item To Be Added Multiple Times in a Transaction,Povolenie viacnásobného pridania položky v rámci transakcie,
Suppliers,Dodávatelia,
Send Emails to Suppliers,Odosielanie e-mailov dodávateľom,
Select a Supplier,Výber dodávateľa,
Cannot mark attendance for future dates.,Nie je možné označiť účasť na budúcich termínoch.,
Do you want to update attendance? <br> Present: {0} <br> Absent: {1},Chcete aktualizovať dochádzku? <br> Prítomní: {0} <br> neprítomní: {1},
Mpesa Settings,Nastavenia Mpesa,
Initiator Name,Názov iniciátora,
Till Number,Do čísla,
Sandbox,Sandbox,
Online PassKey,Online kľúč PassKey,
Security Credential,Bezpečnostné poverenie,
Get Account Balance,Získanie zostatku na účte,
Please set the initiator name and the security credential,Nastavte meno iniciátora a bezpečnostné poverenie,
Inpatient Medication Entry,Zadávanie liekov v nemocnici,
HLC-IME-.YYYY.-,HLC-IME-.YYYY.-,
Item Code (Drug),Kód položky (liek),
Medication Orders,Objednávky liekov,
Get Pending Medication Orders,Získajte čakajúce objednávky liekov,
Inpatient Medication Orders,Objednávky liekov na hospitalizáciu,
Medication Warehouse,Sklad liekov,
Warehouse from where medication stock should be consumed,"Sklad, z ktorého sa majú spotrebovať zásoby liekov",
Fetching Pending Medication Orders,Získavanie čakajúcich objednávok liekov,
Inpatient Medication Entry Detail,Podrobné informácie o vstupe liekov do hospitalizácie,
Medication Details,Podrobnosti o liekoch,
Drug Code,Kód lieku,
Drug Name,Názov lieku,
Against Inpatient Medication Order,Proti príkazu na hospitalizáciu,
Against Inpatient Medication Order Entry,Proti zadávaniu objednávok liekov na hospitalizáciu,
Inpatient Medication Order,Objednávka liekov na hospitalizáciu,
HLC-IMO-.YYYY.-,HLC-IMO-.YYYY.-,
Total Orders,Celkový počet objednávok,
Completed Orders,Ukončené objednávky,
Add Medication Orders,Pridanie príkazov na lieky,
Adding Order Entries,Pridávanie položiek objednávky,
{0} medication orders completed,{0} dokončené objednávky liekov,
{0} medication order completed,{0} objednávka liekov dokončená,
Inpatient Medication Order Entry,Zadávanie objednávok liekov na hospitalizáciu,
Is Order Completed,Je objednávka dokončená,
Employee Records to Be Created By,"Záznamy o zamestnancoch, ktoré sa majú vytvoriť",
Employee records are created using the selected field,Záznamy o zamestnancoch sa vytvárajú pomocou vybraného poľa,
Don't send employee birthday reminders,Neposielajte zamestnancom pripomienky k narodeninám,
Restrict Backdated Leave Applications,Obmedziť žiadosti o dovolenku so spätným dátumom,
Sequence ID,ID sekvencie,
Sequence Id,Id sekvencie,
Allow multiple material consumptions against a Work Order,Povolenie viacnásobnej spotreby materiálu na základe pracovného príkazu,
Plan time logs outside Workstation working hours,Plánovanie časových záznamov mimo pracovného času pracovnej stanice,
Plan operations X days in advance,Plánovanie operácií X dní vopred,
Time Between Operations (Mins),Čas medzi operáciami (min),
Default: 10 mins,Predvolené nastavenie: 10 minút,
Overproduction for Sales and Work Order,Nadprodukcia pre predaj a pracovné objednávky,
"Update BOM cost automatically via scheduler, based on the latest Valuation Rate/Price List Rate/Last Purchase Rate of raw materials",Automatická aktualizácia nákladov na kusovník prostredníctvom plánovača na základe najnovšej sadzby ocenenia/sadzby cenníka/poslednej sadzby nákupu surovín,
Purchase Order already created for all Sales Order items,Objednávka na nákup už bola vytvorená pre všetky položky objednávky na predaj,
Select Items,Vybrané položky,
Against Default Supplier,Proti dodávateľovi v omeškaní,
Auto close Opportunity after the no. of days mentioned above,Automatické zatvorenie Príležitosť po vyššie uvedenom počte dní,
Is Sales Order Required for Sales Invoice & Delivery Note Creation?,Je na vytvorenie predajnej faktúry a dodacieho listu potrebná predajná objednávka?,
Is Delivery Note Required for Sales Invoice Creation?,Je dodací list potrebný na vytvorenie predajnej faktúry?,
How often should Project and Company be updated based on Sales Transactions?,Ako často by sa mal projekt a spoločnosť aktualizovať na základe predajných transakcií?,
Allow User to Edit Price List Rate in Transactions,Umožniť používateľovi upravovať cenníkovú sadzbu v transakciách,
Allow Item to Be Added Multiple Times in a Transaction,Povolenie viacnásobného pridania položky v rámci transakcie,
Allow Multiple Sales Orders Against a Customer's Purchase Order,Povolenie viacerých predajných objednávok na základe objednávky zákazníka,
Validate Selling Price for Item Against Purchase Rate or Valuation Rate,Overenie predajnej ceny položky oproti nákupnej sadzbe alebo oceňovacej sadzbe,
Hide Customer's Tax ID from Sales Transactions,Skrytie daňového identifikačného čísla zákazníka z predajných transakcií,
"The percentage you are allowed to receive or deliver more against the quantity ordered. For example, if you have ordered 100 units, and your Allowance is 10%, then you are allowed to receive 110 units.","Percento, ktoré môžete prijať alebo dodať viac oproti objednanému množstvu. Napríklad, ak ste si objednali 100 jednotiek a váš Allowance je 10 %, potom máte povolené prijať 110 jednotiek.",
Action If Quality Inspection Is Not Submitted,Opatrenia v prípade nepredloženia inšpekcie kvality,
Auto Insert Price List Rate If Missing,"Automatické vloženie cenníkovej sadzby, ak chýba",
Automatically Set Serial Nos Based on FIFO,Automatické nastavenie sériového čísla na základe FIFO,
Set Qty in Transactions Based on Serial No Input,Nastavenie množstva v transakciách na základe zadaného sériového čísla,
Raise Material Request When Stock Reaches Re-order Level,"Zvýšenie požiadavky na materiál, keď zásoby dosiahnu úroveň opätovného objednania",
Notify by Email on Creation of Automatic Material Request,Upozornenie e-mailom na vytvorenie automatickej požiadavky na materiál,
Allow Material Transfer from Delivery Note to Sales Invoice,Povolenie prenosu materiálu z dodacieho listu do predajnej faktúry,
Allow Material Transfer from Purchase Receipt to Purchase Invoice,Povolenie prenosu materiálu z nákupného dokladu do nákupnej faktúry,
Freeze Stocks Older Than (Days),Zmraziť zásoby staršie ako (dni),
Role Allowed to Edit Frozen Stock,Úloha s právom upravovať zmrazené zásoby,
The unallocated amount of Payment Entry {0} is greater than the Bank Transaction's unallocated amount,Nepridelená suma platobnej položky {0} je vyššia ako nepridelená suma bankovej transakcie,
Payment Received,Prijatá platba,
Attendance cannot be marked outside of Academic Year {0},Dochádzku nie je možné vyznačiť mimo akademického roka {0},
Student is already enrolled via Course Enrollment {0},Študent je už zapísaný prostredníctvom kurzu Zápis {0},
Attendance cannot be marked for future dates.,Účasť nie je možné označiť na budúce termíny.,
Please add programs to enable admission application.,"Pridajte programy, aby ste mohli podať žiadosť o prijatie.",
The following employees are currently still reporting to {0}:,Nasledujúci zamestnanci sa v súčasnosti stále hlásia na {0}:,
Please make sure the employees above report to another Active employee.,"Uistite sa, že vyššie uvedení zamestnanci sa hlásia inému aktívnemu zamestnancovi.",
Cannot Relieve Employee,Nemôže uľaviť zamestnancovi,
Please enter {0},Zadajte prosím {0},
Please select another payment method. Mpesa does not support transactions in currency '{0}',Vyberte si iný spôsob platby. Mpesa nepodporuje transakcie v mene '{0}',
Transaction Error,Chyba transakcie,
Mpesa Express Transaction Error,Chyba transakcie Mpesa Express,
"Issue detected with Mpesa configuration, check the error logs for more details","Zistený problém s konfiguráciou služby Mpesa, podrobnejšie informácie nájdete v záznamoch o chybách",
Mpesa Express Error,Chyba Mpesa Express,
Account Balance Processing Error,Chyba pri spracovaní zostatku na účte,
Please check your configuration and try again,Skontrolujte svoju konfiguráciu a skúste to znova,
Mpesa Account Balance Processing Error,Chyba spracovania zostatku účtu Mpesa,
Balance Details,Podrobnosti o zostatku,
Current Balance,Aktuálny zostatok,
Available Balance,Dostupný zostatok,
Reserved Balance,Rezervovaný zostatok,
Uncleared Balance,Nevyrovnaná bilancia,
Payment related to {0} is not completed,Platba týkajúca sa {0} nie je dokončená,
Row #{}: Item Code: {} is not available under warehouse {}.,Riadok #{}: Kód položky: {} nie je k dispozícii v sklade {}.,
Row #{}: Stock quantity not enough for Item Code: {} under warehouse {}. Available quantity {}.,Riadok #{}: Kód položky: {} pod skladom {}. Dostupné množstvo {}.,
Row #{}: Please select a serial no and batch against item: {} or remove it to complete transaction.,"Riadok #{}: Vyberte sériové číslo a dávku podľa položky: {} alebo ho odstráňte, aby ste dokončili transakciu.",
Row #{}: No serial number selected against item: {}. Please select one or remove it to complete transaction.,"Riadok #{}: Pri položke nie je vybrané žiadne sériové číslo: {}. Vyberte ho alebo odstráňte, aby ste dokončili transakciu.",
Row #{}: No batch selected against item: {}. Please select a batch or remove it to complete transaction.,"Riadok #{}: Voči položke nie je vybraná žiadna dávka: {}. Prosím, vyberte dávku alebo ju odstráňte, aby ste dokončili transakciu.",
Payment amount cannot be less than or equal to 0,Výška platby nemôže byť menšia alebo rovná 0,
Please enter the phone number first,Najskôr zadajte telefónne číslo,
Row #{}: {} {} does not exist.,Riadok #{}: {} {} neexistuje.,
Row #{0}: {1} is required to create the Opening {2} Invoices,Riadok #{0}: {1} je potrebné vytvoriť Otvorenie {2} Faktúry,
You had {} errors while creating opening invoices. Check {} for more details,Pri vytváraní úvodných faktúr ste zaznamenali {} chyby. Skontrolujte {} pre viac informácií,
Error Occured,Vyskytla sa chyba,
Opening Invoice Creation In Progress,Vytváranie úvodnej faktúry v procese,
Creating {} out of {} {},Vytvorenie {} z {} {},
(Serial No: {0}) cannot be consumed as it's reserverd to fullfill Sales Order {1}.,"(Sériové číslo: {0}) nie je možné spotrebovať, pretože je rezervovaný na splnenie predajnej objednávky {1}.",
Item {0} {1},Položka {0} {1},
Last Stock Transaction for item {0} under warehouse {1} was on {2}.,Posledná skladová transakcia pre položku {0} v sklade {1} bola dňa {2}.,
Stock Transactions for Item {0} under warehouse {1} cannot be posted before this time.,Skladové transakcie pre položku {0} v sklade {1} nie je možné zaúčtovať pred týmto časom.,
Posting future stock transactions are not allowed due to Immutable Ledger,Účtovanie budúcich skladových transakcií nie je povolené kvôli nemennej účtovnej knihe,
A BOM with name {0} already exists for item {1}.,Pre položku {1} už existuje BOM s názvom {0}.,
{0}{1} Did you rename the item? Please contact Administrator / Tech support,{0}{1} Pomenovali ste položku? Obráťte sa na správcu/technickú podporu,
At row #{0}: the sequence id {1} cannot be less than previous row sequence id {2},V riadku #{0}: id sekvencie {1} nemôže byť menšie ako id sekvencie predchádzajúceho riadku {2},
The {0} ({1}) must be equal to {2} ({3}),{0} ({1}) sa musí rovnať {2} ({3}),
"{0}, complete the operation {1} before the operation {2}.","{0}, dokončite operáciu {1} pred operáciou {2}.",
Cannot ensure delivery by Serial No as Item {0} is added with and without Ensure Delivery by Serial No.,"Nemožno zabezpečiť dodanie podľa sériového čísla, keďže položka {0} je pridaná s a bez Zabezpečiť dodanie podľa sériového čísla.",
Item {0} has no Serial No. Only serilialized items can have delivery based on Serial No,Položka {0} nemá žiadne sériové číslo. Dodávku na základe sériového čísla môžu mať len serilizované položky,
No active BOM found for item {0}. Delivery by Serial No cannot be ensured,Pre položku {0} nebol nájdený žiadny aktívny kusovník. Dodanie podľa sériového čísla nie je možné zabezpečiť,
No pending medication orders found for selected criteria,Pre vybrané kritériá sa nenašli žiadne čakajúce objednávky liekov,
From Date cannot be after the current date.,Dátum od nemôže byť po aktuálnom dátume.,
To Date cannot be after the current date.,Dátum do nemôže byť po aktuálnom dátume.,
From Time cannot be after the current time.,Od času nemôže byť po aktuálnom čase.,
To Time cannot be after the current time.,Čas do nemôže byť po aktuálnom čase.,
Stock Entry {0} created and,Zásoba Položka {0} vytvorená a,
Inpatient Medication Orders updated successfully,Úspešná aktualizácia príkazov na hospitalizáciu,
Row {0}: Cannot create Inpatient Medication Entry against cancelled Inpatient Medication Order {1},Riadok {0}: Nemožno vytvoriť záznam o hospitalizačnom lieku na základe zrušeného príkazu na hospitalizačný liek {1},
Row {0}: This Medication Order is already marked as completed,Riadok {0}: Táto objednávka liekov je už označená ako dokončená,
Quantity not available for {0} in warehouse {1},Množstvo nie je k dispozícii pre {0} v sklade {1},
Please enable Allow Negative Stock in Stock Settings or create Stock Entry to proceed.,"Ak chcete pokračovať, povoľte v nastaveniach zásob možnosť Povoliť záporné zásoby alebo vytvorte položku Zásoby.",
No Inpatient Record found against patient {0},K pacientovi {0} nebol nájdený žiadny záznam o hospitalizácii,
An Inpatient Medication Order {0} against Patient Encounter {1} already exists.,Objednávka na hospitalizačné lieky {0} voči pacientskemu záznamu {1} už existuje.,
Allow In Returns,Povolenie vrátenia,
Hide Unavailable Items,Skryť nedostupné položky,
Apply Discount on Discounted Rate,Uplatniť zľavu na zľavnenú sadzbu,
Therapy Plan Template,Šablóna plánu terapie,
Fetching Template Details,Získavanie podrobností o šablóne,
Linked Item Details,Podrobnosti o prepojenej položke,
Therapy Types,Typy terapie,
Therapy Plan Template Detail,Detail šablóny plánu terapie,
Non Conformance,Nesúlad,
Process Owner,Vlastník procesu,
Corrective Action,Nápravné opatrenie,
Preventive Action,Preventívne opatrenia,
Problem,Problém,
Responsible,Zodpovedný,
Completion By,Dokončenie do,
Process Owner Full Name,Vlastník procesu Celé meno,
Right Index,Pravý index,
Left Index,Ľavý index,
Sub Procedure,Dílčí postup,
Passed,Prešiel,
Print Receipt,Tlač potvrdenia,
Edit Receipt,Upraviť príjem,
Focus on search input,Zameranie na vstupné údaje vyhľadávania,
Focus on Item Group filter,Zameranie na filter skupiny položiek,
Checkout Order / Submit Order / New Order,Objednávka / Odoslať objednávku / Nová objednávka,
Add Order Discount,Pridať zľavu na objednávku,
Item Code: {0} is not available under warehouse {1}.,Kód položky: {0} nie je dostupný v sklade {1}.,
Serial numbers unavailable for Item {0} under warehouse {1}. Please try changing warehouse.,Sériové čísla nie sú k dispozícii pre položku {0} v sklade {1}. Skúste zmeniť sklad.,
Fetched only {0} available serial numbers.,Vyhľadané len {0} dostupných sériových čísel.,
Switch Between Payment Modes,Prepínanie medzi režimami platby,
Enter {0} amount.,Zadajte sumu {0}.,
You don't have enough points to redeem.,Nemáte dostatok bodov na uplatnenie.,
You can redeem upto {0}.,Môžete si uplatniť až {0}.,
Enter amount to be redeemed.,"Zadajte sumu, ktorá sa má vyplatiť.",
You cannot redeem more than {0}.,Nemôžete vykúpiť viac ako {0}.,
Open Form View,Otvoriť zobrazenie formulára,
POS invoice {0} created succesfully,Úspešne vytvorená faktúra POS {0},
Stock quantity not enough for Item Code: {0} under warehouse {1}. Available quantity {2}.,Množstvo na sklade nie je dostatočné pre kód položky: {0} v sklade {1}. Dostupné množstvo {2}.,
Serial No: {0} has already been transacted into another POS Invoice.,Sériové číslo: {0} už bolo prenesené do inej faktúry POS.,
Balance Serial No,Sériové číslo zostatku,
Warehouse: {0} does not belong to {1},Sklad: {0} nepatrí do {1},
Please select batches for batched item {0},"Prosím, vyberte dávky pre dávkovanú položku {0}",
Please select quantity on row {0},"Prosím, vyberte množstvo na riadku {0}",
Please enter serial numbers for serialized item {0},Zadajte sériové čísla pre sériovú položku {0},
Batch {0} already selected.,Dávka {0} je už vybratá.,
Please select a warehouse to get available quantities,"Vyberte si prosím sklad, aby ste získali dostupné množstvá",
"For transfer from source, selected quantity cannot be greater than available quantity",Pri prenose zo zdroja nemôže byť vybrané množstvo väčšie ako dostupné množstvo,
Cannot find Item with this Barcode,Nie je možné nájsť položku s týmto čiarovým kódom,
{0} is mandatory. Maybe Currency Exchange record is not created for {1} to {2},{0} je povinné. Možno sa nevytvára záznam o výmene mien pre {1} až {2},
{} has submitted assets linked to it. You need to cancel the assets to create purchase return.,"{} predložil aktíva, ktoré sú s ním spojené. Ak chcete vytvoriť návratku nákupu, musíte aktíva zrušiť.",
Cannot cancel this document as it is linked with submitted asset {0}. Please cancel it to continue.,"Tento dokument nemožno zrušiť, pretože je spojený s predloženým aktívom {0}. Ak chcete pokračovať, zrušte ho.",
Row #{}: Serial No. {} has already been transacted into another POS Invoice. Please select valid serial no.,Riadok #{}: {} už bolo prevedené do inej faktúry POS. Vyberte platné sériové č.,
Row #{}: Serial Nos. {} has already been transacted into another POS Invoice. Please select valid serial no.,Riadok #{}: {} už bol zaúčtovaný do inej faktúry POS. Vyberte platné sériové č.,
Item Unavailable,Položka nie je k dispozícii,
Row #{}: Serial No {} cannot be returned since it was not transacted in original invoice {},"Riadok #{}: Sériové číslo {} nie je možné vrátiť, pretože nebolo predmetom transakcie v pôvodnej faktúre {}",
Please set default Cash or Bank account in Mode of Payment {},V položke Spôsob platby {} nastavte predvolenú hotovosť alebo bankový účet.,
Please set default Cash or Bank account in Mode of Payments {},V položke Spôsob platby {} nastavte predvolenú hotovosť alebo bankový účet.,
Please ensure {} account is a Balance Sheet account. You can change the parent account to a Balance Sheet account or select a different account.,"Uistite sa, že účet {} je súvahovým účtom. Nadradený účet môžete zmeniť na súvahový účet alebo vybrať iný účet.",
Please ensure {} account is a Payable account. Change the account type to Payable or select a different account.,"Uistite sa, že účet {} je účet záväzkov. Zmeňte typ účtu na Záväzky alebo vyberte iný účet.",
Row {}: Expense Head changed to {},Riadok {}: Výdavková položka zmenená na {},
because account {} is not linked to warehouse {},pretože účet {} nie je prepojený so skladom {},
or it is not the default inventory account,alebo to nie je predvolený inventárny účet,
Expense Head Changed,Zmena výdavkovej položky,
because expense is booked against this account in Purchase Receipt {},pretože výdavky sa účtujú na tento účet v položke Príjemky z nákupu {}.,
as no Purchase Receipt is created against Item {}.,keďže k položke {} sa nevytvára žiaden doklad o kúpe.,
This is done to handle accounting for cases when Purchase Receipt is created after Purchase Invoice,"Toto sa vykonáva na účely účtovania prípadov, keď sa doklad o kúpe vytvorí po faktúre za nákup.",
Purchase Order Required for item {},Pre položku {} je potrebná objednávka,
To submit the invoice without purchase order please set {},"Ak chcete odoslať faktúru bez objednávky, nastavte {}",
as {} in {},ako {} v {},
Mandatory Purchase Order,Povinná objednávka,
Purchase Receipt Required for item {},Pre položku {} sa vyžaduje doklad o kúpe,
To submit the invoice without purchase receipt please set {},"Ak chcete odoslať faktúru bez dokladu o kúpe, nastavte {}",
Mandatory Purchase Receipt,Povinné potvrdenie o kúpe,
POS Profile {} does not belongs to company {},POS profil {} nepatrí spoločnosti {},
User {} is disabled. Please select valid user/cashier,"Používateľ {} je vypnutý. Prosím, vyberte platného používateľa/pokladníka",
Row #{}: Original Invoice {} of return invoice {} is {}.,Riadok #{}: Pôvodná faktúra {} vrátenia faktúry {} je {}.,
Original invoice should be consolidated before or along with the return invoice.,Pôvodná faktúra by mala byť konsolidovaná pred alebo spolu s návratnou faktúrou.,
You can add original invoice {} manually to proceed.,Na pokračovanie môžete pridať pôvodnú faktúru {} ručne.,
Please ensure {} account is a Balance Sheet account.,"Uistite sa, že účet {} je súvahovým účtom.",
You can change the parent account to a Balance Sheet account or select a different account.,Nadradený účet môžete zmeniť na súvahový účet alebo vybrať iný účet.,
Please ensure {} account is a Receivable account.,"Uistite sa, že účet {} je pohľadávkový účet.",
Change the account type to Receivable or select a different account.,Zmeňte typ účtu na Pohľadávky alebo vyberte iný účet.,
{} can't be cancelled since the Loyalty Points earned has been redeemed. First cancel the {} No {},"{} nemožno zrušiť, pretože získané vernostné body boli uplatnené. Najprv zrušte {} Nie {}",
already exists,už existuje,
POS Closing Entry {} against {} between selected period,Záverečný záznam POS {} voči {} medzi vybraným obdobím,
POS Invoice is {},Faktúra POS je {},
POS Profile doesn't matches {},Profil POS nezodpovedá {},
POS Invoice is not {},Faktúra POS nie je {},
POS Invoice isn't created by user {},Faktúra POS nie je vytvorená používateľom {},
Row #{}: {},Riadok #{}: {},
Invalid POS Invoices,Neplatné faktúry POS,
Please add the account to root level Company - {},"Prosím, pridajte účet na koreňovej úrovni Spoločnosť - {}",
"While creating account for Child Company {0}, parent account {1} not found. Please create the parent account in corresponding COA","Pri vytváraní účtu pre detskú spoločnosť {0} nebol nájdený nadradený účet {1}. Vytvorte, prosím, rodičovský účet v príslušnej COA",
Account Not Found,Účet nebol nájdený,
"While creating account for Child Company {0}, parent account {1} found as a ledger account.",Pri vytváraní účtu pre dcérsku spoločnosť {0} sa ako účet účtovnej knihy našiel nadradený účet {1}.,
Please convert the parent account in corresponding child company to a group account.,Preveďte nadradený účet v príslušnej podriadenej spoločnosti na skupinový účet.,
Invalid Parent Account,Neplatný rodičovský účet,
"Renaming it is only allowed via parent company {0}, to avoid mismatch.","Premenovanie je povolené len prostredníctvom nadradenej spoločnosti {0}, aby sa zabránilo nesúladu.",
"If you {0} {1} quantities of the item {2}, the scheme {3} will be applied on the item.","Ak {0} {1} množstvo položky {2}, na položku sa použije schéma {3}.",
"If you {0} {1} worth item {2}, the scheme {3} will be applied on the item.","Ak {0} {1} hodnotu položky {2}, na položku sa použije schéma {3}.",
"As the field {0} is enabled, the field {1} is mandatory.","Keďže pole {0} je povolené, pole {1} je povinné.",
"As the field {0} is enabled, the value of the field {1} should be more than 1.","Keďže pole {0} je povolené, hodnota poľa {1} by mala byť väčšia ako 1.",
Cannot deliver Serial No {0} of item {1} as it is reserved to fullfill Sales Order {2},"Nie je možné dodať sériové číslo {0} položky {1}, pretože je rezervované na splnenie predajnej objednávky {2}.",
"Sales Order {0} has reservation for the item {1}, you can only deliver reserved {1} against {0}.","Predajná objednávka {0} má rezerváciu na položku {1}, môžete dodať iba rezervovanú položku {1} oproti položke {0}.",
{0} Serial No {1} cannot be delivered,{0} Sériové číslo {1} nemožno doručiť,
Row {0}: Subcontracted Item is mandatory for the raw material {1},Riadok {0}: Subdodávateľská položka je povinná pre surovinu {1},
"As there are sufficient raw materials, Material Request is not required for Warehouse {0}.","Keďže surovín je dostatok, pre sklad {0} nie je potrebná Žiadosť o materiál.",
" If you still want to proceed, please enable {0}."," Ak ešte chcete pokračovať, povoľte {0}.",
The item referenced by {0} - {1} is already invoiced,"Položka, na ktorú odkazuje {0} - {1}, je už fakturovaná",
Therapy Session overlaps with {0},Terapeutické sedenie sa prekrýva s {0},
Therapy Sessions Overlapping,Prekrývanie terapeutických sedení,
Therapy Plans,Plány terapie,
"Item Code, warehouse, quantity are required on row {0}","Kód položky, sklad, množstvo sú povinné v riadku {0}",
Get Items from Material Requests against this Supplier,Získať položky z požiadaviek na materiál voči tomuto dodávateľovi,
Enable European Access,Povolenie európskeho prístupu,
Creating Purchase Order ...,Vytváranie objednávok...,
"Select a Supplier from the Default Suppliers of the items below. On selection, a Purchase Order will be made against items belonging to the selected Supplier only.",Vyberte dodávateľa z predvolených dodávateľov položiek uvedených nižšie. Po výbere sa vytvorí objednávka na položky patriace len vybranému dodávateľovi.,
Row #{}: You must select {} serial numbers for item {}.,Riadok #{}: Musíte vybrať {} sériové čísla pre položku {}.,
Add Comment,Pridať komentár,
More...,Viac...,
Notes,Poznámky,
Payment Gateway,Platobná brána,
Payment Gateway Name,Názov platobnej brány,
Payments,Platby,
Plan Name,Názov plánu,
Portal,Portál,
Scan Barcode,Skenovanie čiarového kódu,
Some information is missing,Chýbajú niektoré informácie,
Successful,Úspešné,
Tools,Nástroje,
Use Sandbox,Používanie pieskoviska,
Busy,Zaneprázdnený,
Completed By,Ukončené do,
Payment Failed,Platba zlyhala,
Column {0},Stĺpec {0},
Field Mapping,Mapovanie polí,
Not Specified,Nie je špecifikované,
Update Type,Typ aktualizácie,
Dr,Dr.,
End Time,Čas konca,
Fetching...,Získavanie...,
"It seems that there is an issue with the server's stripe configuration. In case of failure, the amount will get refunded to your account.","Zdá sa, že je problém s konfiguráciou prúžkov na serveri. V prípade neúspechu bude suma vrátená na váš účet.",
Looks like someone sent you to an incomplete URL. Please ask them to look into it.,"Zdá sa, že vás niekto poslal na neúplnú adresu URL. Požiadajte ich, aby sa na to pozreli.",
Master,Majster,
Pay,Platba,
You can also copy-paste this link in your browser,Toto prepojenie môžete skopírovať a vložiť aj do prehliadača,
Verified By,Overené podľa,
Invalid naming series (. missing) for {0},Neplatné pomenovanie radu (. chýba) pre {0},
Phone Number,Telefónne číslo,
Account SID,SID účtu,
Global Defaults,Globálne predvolené nastavenia,
Is Mandatory,Je povinné,
WhatsApp,WhatsApp,
Make a call,Zavolajte,
Approve,Schváliť,
Reject,Odmietnuť,
On hold,Pozastavený,
A4,A4,
API Endpoint,Koncový bod API,
API Key,Kľúč API,
Access Token,Prístupový token,
Account,Účet,
Accounts Manager,Manažér účtovníctva,
Accounts User,Účty Používateľ,
Action,Akcia,
Actions,Činnosti,
Active,Aktívne,
Add,Pridať,
Add Row,Pridať riadok,
Address,Adresa,
Address Line 2,Adresný riadok 2,
Address Title,Adresa Názov,
Address Type,Typ adresy,
Administrator,Správca,
All Day,Celý deň,
Allow Delete,Povoliť vymazanie,
Amended From,Zmenené od,
Amount,Suma,
Applicable For,Platí pre,
Approval Status,Stav schválenia,
Assign,Priradenie,
Assign To,Priradiť k,
Attachment,Príloha,
Attachments,Prílohy,
Author,Autor,
Auto Repeat,Automatické opakovanie,
Base URL,Základná adresa URL,
Based On,Na základe,
Beginner,Začiatočník,
Billing,Fakturácia,
Cancel,Zrušiť,
Category,Kategória,
Category Name,Názov kategórie,
City,Mesto,
City/Town,Mesto/obec,
Client,Klient,
Client ID,ID klienta,
Client Secret,Tajomstvo klienta,
Closed,Uzavreté,
Code,Kód,
Collapse All,Zbaliť všetko,
Color,Farba,
Company Name,Názov spoločnosti,
Condition,Stav,
Contact,Kontakt,
Contact Details,Kontaktné údaje,
Content,Obsah,
Content Type,Typ obsahu,
Create,Vytvoriť stránku,
Created By,Vytvoril,
Current,Aktuálne,
Custom HTML,Vlastné HTML,
Custom?,Vlastné?,
Date Format,Formát dátumu,
Datetime,Dátum,
Day,Deň,
Default Letter Head,Predvolená hlavička listu,
Defaults,Predvolené nastavenia,
Delivery Status,Stav dodávky,
Department,Oddelenie,
Details,Podrobnosti na,
Document Name,Názov dokumentu,
Document Status,Stav dokumentu,
Document Type,Typ dokumentu,
Domain,Doména,
Domains,Domény,
Draft,Návrh,
Edit,Upraviť,
Email Account,E-mailové konto,
Email Address,E-mailová adresa,
Email ID,ID e-mailu,
Email Sent,Odoslaný e-mail,
Email Template,Šablóna e-mailu,
Enable,Povolenie stránky,
Enabled,Povolené,
End Date,Dátum ukončenia,
Error Code: {0},Kód chyby: {0},
Error Log,Protokol o chybách,
Event,Udalosť,
Expand All,Rozbaliť všetko,
Fail,Zlyhanie,
Failed,Neúspešné,
Fax,Fax,
Feedback,Spätná väzba,
Female,Ženy,
Field Name,Názov poľa,
Fieldname,Názov poľa,
Fields,Polia,
First Name,Meno,
Frequency,Frekvencia,
Friday,Piatok,
From,Z adresy,
Full,Úplný,
Full Name,Celé meno,
Further nodes can be only created under 'Group' type nodes,"Ďalšie uzly je možné vytvoriť len v rámci uzlov typu ""Skupina"".",
Gender,Pohlavie,
GitHub Sync ID,ID synchronizácie GitHub,
Guest,Hosť,
Half Day,Pol dňa,
Half Yearly,Polročne,
High,Vysoká,
Hourly,Hodinové,
Hub Sync ID,ID synchronizácie rozbočovača,
IP Address,IP adresa,
Image,Obrázok,
Image View,Zobrazenie obrázku,
Import Data,Import údajov,
Import Log,Importný protokol,
Inactive,Neaktívne,
Insert,Vložte,
Interests,Záujmy,
Introduction,Úvod,
Is Active,Je aktívny,
Is Completed,Je dokončená,
Is Default,Je predvolené,
Kanban Board,Tabuľa Kanban,
Label,Štítok,
Language Name,Názov jazyka,
Last Name,Priezvisko,
Leaderboard,Rebríček,
Letter Head,Hlavička listu,
Level,Úroveň,
Limit,Limit,
Log,Prihlásiť sa,
Logs,Protokoly,
Low,Nízka,
Maintenance Manager,Manažér údržby,
Maintenance User,Používateľ údržby,
Male,Muži,
Mandatory,Povinné,
Mapping,Mapovanie,
Mapping Type,Typ mapovania,
Medium,Stredné,
Meeting,Stretnutie,
Message Examples,Príklady správ,
Method,Metóda,
Middle Name,Stredné meno,
Middle Name (Optional),Stredné meno (nepovinné),
Monday,Pondelok,
Monthly,Mesačne,
More,Viac na,
More Information,Viac informácií,
Move,Presun,
My Account,Moje konto,
New Address,Nová adresa,
New Contact,Nový kontakt,
Next,Ďalšie,
No Data,Žiadne údaje,
No address added yet.,Zatiaľ nebola pridaná žiadna adresa.,
No contacts added yet.,Zatiaľ neboli pridané žiadne kontakty.,
No items found.,Nenašli sa žiadne položky.,
None,Žiadne,
Not Permitted,Nie je povolené,
Not active,Nie je aktívny,
Number,Číslo,
Online,Online,
Operation,Operácia,
Options,Možnosti,
Other,Iné,
Owner,Vlastník,
Page Missing or Moved,Chýbajúca alebo presunutá stránka,
Parameter,Parameter,
Password,Heslo,
Period,Obdobie,
Pincode,Pincode,
Please enable pop-ups,Povoľte vyskakovacie okná,
Please select Company,"Prosím, vyberte spoločnosť",
Please select {0},"Prosím, vyberte {0}",
Please set Email Address,Nastavte e-mailovú adresu,
Portal Settings,Nastavenia portálu,
Preview,Náhľad,
Primary,Primárne,
Print Format,Formát tlače,
Print Settings,Nastavenia tlače,
Print taxes with zero amount,Tlač daní s nulovou sumou,
Private,Súkromná stránka,
Property,Vlastníctvo,
Public,Verejnosť,
Published,Zverejnené na,
Purchase Manager,Manažér nákupu,
Purchase Master Manager,Hlavný manažér nákupu,
Purchase User,Nákup Používateľ,
Query Options,Možnosti dopytu,
Range,Rozsah,
Rating,Hodnotenie,
Received,Prijaté,
Recipients,Príjemcovia,
Redirect URL,Adresa URL presmerovania,
Reference,Odkaz,
Reference Date,Referenčný dátum,
Reference Document,Referenčný dokument,
Reference Document Type,Typ referenčného dokumentu,
Reference Owner,Referenčný vlastník,
Reference Type,Referenčný typ,
Refresh Token,Token Refresh,
Region,Región,
Rejected,Odmietnuté,
Reopen,Znovu otvoriť stránku,
Replied,Odpovedal,
Report,Správa,
Report Builder,Tvorca správ,
Report Type,Typ správy,
Reports,Správy,
Response,Odpoveď,
Role,Úloha,
Route,Trasa,
Sales Manager,Manažér predaja,
Sales Master Manager,Hlavný manažér predaja,
Sales User,Používateľ predaja,
Salutation,Pozdrav,
Sample,Vzorka,
Saturday,Sobota,
Saved,Uložené,
Scheduled,Plánované,
Search,Vyhľadávanie,
Secret Key,Tajný kľúč,
Select,Vyberte,
Select DocType,Vyberte DocType,
Send Now,Odoslať teraz,
Sent,Odoslané,
Series {0} already used in {1},Séria {0} už použitá v {1},
Service,Služba,
Set as Default,Nastaviť ako predvolené,
Settings,Nastavenia,
Shipping,Preprava,
Short Name,Krátky názov,
Slideshow,Prezentácia,
Source,Zdroj,
Source Name,Názov zdroja,
Standard,Štandard,
Start Date,Dátum začiatku,
Start Import,Spustenie importu,
State,Štát,
Stopped,Zastavené,
Subject,Predmet,
Submit,Odoslať,
Summary,Zhrnutie,
Sunday,Nedeľa,
System Manager,Správca systému,
Target,Cieľ,
Task,Úloha,
Tax Category,Daňová kategória,
Test,Test,
Thank you,Ďakujem,
The page you are looking for is missing. This could be because it is moved or there is a typo in the link.,Hľadaná stránka chýba. Dôvodom môže byť jej presunutie alebo preklep v odkaze.,
Timespan,Časové rozpätie,
To,Na,
To Date,K dnešnému dňu,
Traceback,Spätné sledovanie,
URL,ADRESA URL,
Unsubscribed,Odhlásené,
User,Používateľ,
User ID,ID používateľa,
Users,Používatelia,
Validity,Platnosť,
Warning,Upozornenie,
Website,Webová lokalita,
Website Manager,Správca webovej lokality,
Website Settings,Nastavenia webovej lokality,
Wednesday,Streda,
Week,Týždeň,
Weekdays,Pracovné dni,
Weekly,Týždeň,
Welcome email sent,Odoslanie uvítacieho e-mailu,
Workflow,Pracovný postup,
You need to be logged in to access this page,Na prístup na túto stránku musíte byť prihlásený,
old_parent,starý_rodič,
{0} is mandatory,{0} je povinné,
 to your browser, do vášho prehliadača,
"""Company History""","""História spoločnosti""",
"""Parent"" signifies the parent table in which this row must be added","""Parent"" označuje nadradenú tabuľku, do ktorej sa tento riadok musí pridať",
"""Team Members"" or ""Management""","""Členovia tímu"" alebo ""Vedenie""",
&lt;head&gt; HTML,&lt;head&gt; HTML,
'In Global Search' not allowed for type {0} in row {1},'V globálnom vyhľadávaní' nie je povolené pre typ {0} v riadku {1},
'In List View' not allowed for type {0} in row {1},'V zobrazení zoznamu' nie je povolené pre typ {0} v riadku {1},
'Recipients' not specified,"""Príjemcovia"" nie sú špecifikovaní",
(Ctrl + G),(Ctrl + G),
** Failed: {0} to {1}: {2},** Nepodarilo sa: {0} až {1}: {2},
**Currency** Master,**Mena** Master,
0 - Draft; 1 - Submitted; 2 - Cancelled,0 - Návrh; 1 - Odoslaný; 2 - Zrušený,
0 is highest,0 je najvyššia,
1 Currency = [?] Fraction\nFor e.g. 1 USD = 100 Cent,1 mena = [?] zlomok\nFor napr. 1 USD = 100 centov,
1 comment,1 komentár,
1 hour ago,Pred 1 hodinou,
1 minute ago,Pred 1 minútou,
1 month ago,Pred 1 mesiacom,
1 year ago,Pred 1 rokom,
; not allowed in condition,; nie je povolené v stave,
"<h4>Default Template</h4>\n<p>Uses <a href=""http://jinja.pocoo.org/docs/templates/"">Jinja Templating</a> and all the fields of Address (including Custom Fields if any) will be available</p>\n<pre><code>{{ address_line1 }}&lt;br&gt;\n{% if address_line2 %}{{ address_line2 }}&lt;br&gt;{% endif -%}\n{{ city }}&lt;br&gt;\n{% if state %}{{ state }}&lt;br&gt;{% endif -%}\n{% if pincode %} PIN:  {{ pincode }}&lt;br&gt;{% endif -%}\n{{ country }}&lt;br&gt;\n{% if phone %}Phone: {{ phone }}&lt;br&gt;{% endif -%}\n{% if fax %}Fax: {{ fax }}&lt;br&gt;{% endif -%}\n{% if email_id %}Email: {{ email_id }}&lt;br&gt;{% endif -%}\n</code></pre>","<h4>Predvolená šablóna</h4>\n<p>Používa <a href=""http://jinja.pocoo.org/docs/templates/"">Jinja Templating</a> a všetky polia adresy (vrátane prípadných vlastných polí) budú k dispozícii</p>\n<pre><code>{{ address_line1 }}&lt;br&gt;\n{% if address_line2 %}{{ address_line2 }}&lt;br&gt;{% endif -%}\n{{ city }}&lt;br&gt;\n{% if state %}{{ state }}&lt;br&gt;{% endif -%}\n{% if pincode %} PIN: {{ pincode }}&lt;br&gt;{% endif -%}\n{{ country }}&lt;br&gt;\n{% if phone %}Telefón: {{ phone }}&lt;br&gt;{% endif -%}\n{% if fax %}Fax: {{ fax }}&lt;br&gt;{% endif -%}\n{% if email_id %}Email: {{ email_id }}&lt;br&gt;{% endif -%}\n</code></pre>",
A Lead with this Email Address should exist,Vedúci s touto e-mailovou adresou by mal existovať,
A list of resources which the Client App will have access to after the user allows it.<br> e.g. project,"Zoznam zdrojov, ku ktorým bude mať klientská aplikácia prístup po tom, ako jej to používateľ povolí.<br> napr. projekt",
A log of request errors,Protokol chýb v požiadavkách,
A new account has been created for you at {0},Bolo pre vás vytvorené nové konto na adrese {0},
A symbol for this currency. For e.g. $,Symbol pre túto menu. Napríklad $,
A word by itself is easy to guess.,Samotné slovo sa dá ľahko uhádnuť.,
API Endpoint Args,Príznaky koncového bodu API,
API Key cannot be  regenerated,Kľúč API nie je možné regenerovať,
API Password,Heslo API,
API Secret,Tajomstvo API,
API Username,Používateľské meno API,
ASC,ASC,
About Us Settings,O nás Nastavenia,
About Us Team Member,O nás Člen tímu,
Accept Payment,Prijatie platby,
Access Key ID,ID prístupového kľúča,
Access Token URL,Adresa URL prístupového tokenu,
Action Failed,Akcia zlyhala,
Action Timeout (Seconds),Časový limit akcie (sekundy),
"Actions for workflow (e.g. Approve, Cancel).","Akcie pre pracovný postup (napr. Schváliť, Zrušiť).",
Active Domains,Aktívne domény,
Active Sessions,Aktívne relácie,
Activity Log,Denník aktivít,
Activity log of all users.,Denník aktivít všetkých používateľov.,
Add / Manage Email Domains.,Pridanie / správa e-mailových domén.,
Add / Update,Pridať / aktualizovať,
Add A New Rule,Pridanie nového pravidla,
Add Another Comment,Pridať ďalší komentár,
Add Attachment,Pridať prílohu,
Add Column,Pridať stĺpec,
Add Contact,Pridať kontakt,
Add Contacts,Pridať kontakty,
Add Filter,Pridať filter,
Add Group,Pridať skupinu,
Add New Permission Rule,Pridanie nového pravidla oprávnenia,
Add Review,Pridať recenziu,
Add Signature,Pridať podpis,
Add Subscribers,Pridanie odberateľov,
Add Total Row,Pridať celkový riadok,
Add Unsubscribe Link,Pridanie prepojenia na odhlásenie,
Add User Permissions,Pridanie oprávnení používateľa,
Add a New Role,Pridanie novej úlohy,
Add a column,Pridanie stĺpca,
Add a comment,Pridať komentár,
Add a new section,Pridanie novej sekcie,
Add a tag ...,Pridať značku ...,
Add all roles,Pridanie všetkých rolí,
Add custom forms.,Pridanie vlastných formulárov.,
Add custom javascript to forms.,Pridanie vlastného javascriptu do formulárov.,
Add fields to forms.,Pridávanie polí do formulárov.,
Add meta tags to your web pages,Pridávanie meta značiek na webové stránky,
Add script for Child Table,Pridanie skriptu pre detskú tabuľku,
Add to table,Pridať do tabuľky,
Add your own translations,Pridajte vlastné preklady,
"Added HTML in the &lt;head&gt; section of the web page, primarily used for website verification and SEO","Pridanie HTML do časti &lt;head&gt; webovej stránky, ktorá sa používa najmä na overenie webovej stránky a SEO",
Added {0},Pridané {0},
Adding System Manager to this User as there must be atleast one System Manager,"Pridanie systémového manažéra k tomuto používateľovi, pretože musí existovať aspoň jeden systémový manažér",
Additional Permissions,Ďalšie oprávnenia,
Address Template,Šablóna adresy,
Address Title is mandatory.,Názov adresy je povinný.,
Address and other legal information you may want to put in the footer.,"Adresa a ďalšie právne informácie, ktoré možno budete chcieť uviesť v pätičke.",
Addresses And Contacts,Adresy a kontakty,
Adds a client custom script to a DocType,Pridá vlastný skript klienta do typu DocType,
Adds a custom field to a DocType,Pridá vlastné pole do typu DocType,
Admin,Administrátor,
Administrator Logged In,Prihlásený správca,
Administrator accessed {0} on {1} via IP Address {2}.,Správca získal prístup k {0} na {1} prostredníctvom IP adresy {2}.,
Advanced,Pokročilé,
Advanced Control,Pokročilé ovládanie,
Advanced Search,Rozšírené vyhľadávanie,
Align Labels to the Right,Zarovnanie štítkov doprava,
Align Value,Zosúladiť hodnotu,
All Images attached to Website Slideshow should be public,Všetky obrázky pripojené k webovej stránke Slideshow by mali byť verejné,
All customizations will be removed. Please confirm.,"Všetky prispôsobenia budú odstránené. Potvrďte, prosím.",
"All possible Workflow States and roles of the workflow. Docstatus Options: 0 is""Saved"", 1 is ""Submitted"" and 2 is ""Cancelled""","Všetky možné stavy pracovného postupu a roly pracovného postupu. Možnosti stavu dokumentov: 0 je ""Uložené"", 1 je ""Odoslané"" a 2 je ""Zrušené"".",
All-uppercase is almost as easy to guess as all-lowercase.,Veľké písmená sú takmer rovnako ľahko uhádnuteľné ako malé písmená.,
Allocated To,Pridelené na,
Allow,Povoľte,
Allow Bulk Edit,Povoliť hromadné úpravy,
Allow Comments,Povoliť komentáre,
Allow Consecutive Login Attempts ,Povolenie po sebe nasledujúcich pokusov o prihlásenie,
Allow Dropbox Access,Povolenie prístupu k službe Dropbox,
Allow Edit,Povoliť úpravu,
Allow Guest to View,Povoliť hosťovi zobrazenie,
Allow Import (via Data Import Tool),Povoliť import (prostredníctvom nástroja na import údajov),
Allow Incomplete Forms,Povolenie neúplných formulárov,
Allow Login After Fail,Povoliť prihlásenie po zlyhaní,
Allow Login using Mobile Number,Povoliť prihlásenie pomocou mobilného čísla,
Allow Login using User Name,Povoliť prihlásenie pomocou používateľského mena,
Allow Modules,Povoliť moduly,
Allow Multiple,Povoliť viacnásobné,
Allow Print,Povoliť tlač,
Allow Print for Cancelled,Povoliť tlač pre zrušené,
Allow Print for Draft,Povolenie tlače pre návrh,
Allow Read On All Link Options,Povoliť čítanie na všetkých možnostiach prepojenia,
Allow Rename,Povoliť premenovanie,
Allow Roles,Povolenie rolí,
Allow Self Approval,Povoľte vlastné schválenie,
Allow approval for creator of the document,Umožniť schválenie tvorcu dokumentu,
Allow events in timeline,Povolenie udalostí na časovej osi,
Allow in Quick Entry,Povolenie v rýchlom zadávaní,
Allow on Submit,Povoliť na Odoslať,
Allow only one session per user,Povolenie len jednej relácie na používateľa,
Allow page break inside tables,Povolenie zalomenia stránky vo vnútri tabuliek,
Allow saving if mandatory fields are not filled,"Povoliť ukladanie, ak nie sú vyplnené povinné polia",
Allow user to login only after this hour (0-24),Povoliť prihlásenie používateľa až po tejto hodine (0-24),
Allow user to login only before this hour (0-24),Povoliť prihlásenie používateľa len pred touto hodinou (0-24),
Allowed,Povolené,
Allowed In Mentions,Povolené v zmienkach,
"Allowing DocType, DocType. Be careful!","Povolenie DocType, DocType. Buďte opatrní!",
Already Registered,Už zaregistrované,
Also adding the dependent currency field {0},Pridanie závislého menového poľa {0},
"Always add ""Draft"" Heading for printing draft documents","Vždy pridávajte záhlavie ""Návrh"" pre tlač návrhov dokumentov",
Always use Account's Email Address as Sender,Ako odosielateľa vždy používajte e-mailovú adresu účtu,
Always use Account's Name as Sender's Name,Vždy používajte názov účtu ako názov odosielateľa,
Amend,Zmeniť,
Amending,Zmena a doplnenie,
Amount Based On Field,Suma na základe poľa,
Amount Field,Pole s čiastkou,
Amount must be greater than 0.,Suma musí byť väčšia ako 0.,
An error occured during the payment process. Please contact us.,"Počas procesu platby došlo k chybe. Kontaktujte nás, prosím.",
An icon file with .ico extension. Should be 16 x 16 px. Generated using a favicon generator. [favicon-generator.org],Súbor ikony s príponou .ico. Mala by mať rozmery 16 x 16 px. Generuje sa pomocou generátora favicon. [favicon-generator.org],
Ancestors Of,Predkovia,
Another transaction is blocking this one. Please try again in a few seconds.,"Túto transakciu blokuje iná transakcia. Skúste to, prosím, o niekoľko sekúnd znova.",
"Another {0} with name {1} exists, select another name","Existuje ďalší {0} s názvom {1}, vyberte iný názov",
Any string-based printer languages can be used. Writing raw commands requires knowledge of the printer's native language provided by the printer manufacturer. Please refer to the developer manual provided by the printer manufacturer on how to write their native commands. These commands are rendered on the server side using the Jinja Templating Language.,"Možno použiť ľubovoľný reťazcový jazyk tlačiarne. Zápis nespracovaných príkazov si vyžaduje znalosť pôvodného jazyka tlačiarne, ktorý poskytuje výrobca tlačiarne. Informácie o tom, ako písať ich natívne príkazy, nájdete v príručke pre vývojárov, ktorú poskytuje výrobca tlačiarne. Tieto príkazy sa vykresľujú na strane servera pomocou jazyka Jinja Templating Language.",
"Apart from System Manager, roles with Set User Permissions right can set permissions for other users for that Document Type.",Okrem Správcu systému môžu roly s právom Nastaviť oprávnenia používateľa nastaviť oprávnenia pre ostatných používateľov pre daný typ dokumentu.,
Api Access,Prístup k rozhraniu Api,
App,Aplikácia,
App Access Key,Prístupový kľúč k aplikácii,
App Client ID,ID klienta aplikácie,
App Client Secret,Tajomstvo klienta aplikácie,
App Name,Názov aplikácie,
App Secret Key,Tajný kľúč aplikácie,
App not found,Aplikácia nebola nájdená,
App {0} already installed,Aplikácia {0} je už nainštalovaná,
App {0} is not installed,Aplikácia {0} nie je nainštalovaná,
Append To,Pripojiť k,
Append To can be one of {0},Pripojiť k môže byť jedna z možností {0},
Append To is mandatory for incoming mails,Pripojiť k je povinné pre prichádzajúce e-maily,
"Append as communication against this DocType (must have fields, ""Status"", ""Subject"")","Pripojiť ako komunikáciu proti tomuto typu dokumentu (musí mať polia, ""Status"", ""Subject"")",
Applicable Document Types,Uplatniteľné typy dokumentov,
Apply,Aplikovať,
Apply Strict User Permissions,Uplatnenie prísnych používateľských oprávnení,
Apply To All Document Types,Použiť na všetky typy dokumentov,
Apply this rule if the User is the Owner,"Uplatniť toto pravidlo, ak je používateľ vlastníkom",
Apply to all Documents Types,Použiť na všetky typy dokumentov,
Appreciate,Oceniť,
Appreciation,Ocenenie,
Archive,Archív,
Archived,Archivované,
Archived Columns,Archivované stĺpce,
Are you sure you want to delete the attachment?,"Ste si istí, že chcete prílohu odstrániť?",
Are you sure you want to relink this communication to {0}?,"Ste si istí, že chcete túto komunikáciu prepojiť na {0}?",
Are you sure?,Ste si istý?,
Arial,Arial,
"As a best practice, do not assign the same set of permission rule to different Roles. Instead, set multiple Roles to the same User.",V rámci osvedčených postupov nepriraďujte rovnakú sadu pravidiel oprávnení rôznym rolám. Namiesto toho nastavte rovnakému používateľovi viacero rolí.,
Assign Condition,Priradenie podmienky,
Assign To Users,Priradiť používateľom,
"Assign one by one, in sequence",Priraďujte postupne,
Assign to me,Priraďte mi,
Assign to the one who has the least assignments,"Prideľte tomu, kto má najmenej úloh",
Assigned,Priradené,
Assigned By,Priradené podľa,
Assigned By Full Name,Priradené podľa celého názvu,
Assigned By Me,Priradené mnou,
Assigned To,Priradené k,
Assigned To/Owner,Pridelené majiteľovi/vlastníkovi,
Assignment,Zadanie,
Assignment Complete,Úloha dokončená,
Assignment Completed,Úloha dokončená,
Assignment Rule,Pravidlo priradenia,
Assignment Rule User,Pravidlo priradenia Používateľ,
Assignment Rules,Pravidlá prideľovania,
Assignment closed by {0},Priradenie uzavreté pomocou {0},
Assignment for {0} {1},Priradenie pre {0} {1},
Atleast one field of Parent Document Type is mandatory,Najmenej jedno pole typu nadradeného dokumentu je povinné,
Attach,Pripojte stránku,
Attach Document Print,Pripojiť dokument Tlač,
Attach Image,Pripojiť obrázok,
Attach Print,Pripojiť tlač,
Attach Your Picture,Pripojte svoj obrázok,
Attach file for Import,Pripojte súbor pre import,
Attach files / urls and add in table.,Pripojte súbory/úradné adresy a pridajte ich do tabuľky.,
Attached To DocType,Pripojené k DocType,
Attached To Field,Pripojené k poľu,
Attached To Name,Pripojené k názvu,
Attachment Limit (MB),Limit prílohy (MB),
Attachment Removed,Odstránená príloha,
Attempting Connection to QZ Tray...,Pokus o pripojenie k zásobníku QZ...,
Attempting to launch QZ Tray...,Pokus o spustenie zásobníka QZ...,
Auth URL Data,Auth URL Data,
Authenticating...,Overovanie pravosti...,
Authentication,Overovanie,
Authentication Apps you can use are: ,"Aplikácie na overovanie, ktoré môžete použiť, sú:",
Authentication Credentials,Ohlasovacie poverenia,
Authorization Code,Autorizačný kód,
Authorize URL,Autorizácia adresy URL,
Authorized,Autorizovaná stránka,
Auto,Auto,
Auto Email Report,Automatická e-mailová správa,
Auto Name,Automatický názov,
Auto Reply Message,Automatická odpoveď na správu,
Auto assignment failed: {0},Automatické priradenie zlyhalo: {0},
Automatically Assign Documents to Users,Automatické priradenie dokumentov používateľom,
Automation,Automatizácia,
Avatar,Avatar,
Average,Priemer,
Average of {0},Priemerná hodnota {0},
Avoid dates and years that are associated with you.,"Vyhnite sa dátumom a rokom, ktoré sú s vami spojené.",
Avoid recent years.,Vyhnite sa posledným rokom.,
Avoid sequences like abc or 6543 as they are easy to guess,"Vyhnite sa sekvenciám ako abc alebo 6543, pretože sa dajú ľahko uhádnuť.",
Avoid years that are associated with you.,"Vyhnite sa rokom, ktoré sú s vami spojené.",
Awaiting Password,Čakanie na heslo,
Away,Na stránke,
BCC,BCC,
Back to Desk,Späť na stôl,
Back to Login,Späť na prihlásenie,
Background Color,Farba pozadia,
Background Email Queue,Fronta e-mailov na pozadí,
Background Jobs,Pracovné miesta v pozadí,
Background Workers,Pracovníci v pozadí,
Backup,Zálohovanie,
Backup Frequency,Frekvencia zálohovania,
Backup Limit,Limit zálohovania,
Backup job is already queued. You will receive an email with the download link,Úloha zálohovania je už zaradená do frontu. Dostanete e-mail s odkazom na stiahnutie,
Backups,Zálohovanie,
Banner,Banner,
Banner HTML,Banner HTML,
Banner Image,Bannerový obrázok,
Banner is above the Top Menu Bar.,Banner sa nachádza nad hornou lištou ponuky.,
Bar,Bar,
Base Distinguished Name (DN),Základný rozlišovací názov (DN),
Based on Permissions For User,Na základe oprávnení pre používateľa,
Beta,Beta,
Better add a few more letters or another word,Radšej pridajte niekoľko ďalších písmen alebo iné slovo,
Between,Medzi,
Bio,Bio,
Birth Date,Dátum narodenia,
Block Module,Blokový modul,
Block Modules,Blokové moduly,
Blocked,Zablokované stránky,
Blog,Blog,
Blog Category,Kategória blogu,
Blog Intro,Úvod do blogu,
Blog Introduction,Úvod do blogu,
Blog Post,Príspevok na blogu,
Blog Settings,Nastavenia blogu,
Blog Title,Názov blogu,
Blogger,Bloger,
Bot,Bot,
Both DocType and Name required,Vyžaduje sa DocType aj Name,
Both login and password required,Vyžaduje sa prihlasovacie meno aj heslo,
Bounced,Odrazené,
Braintree Settings,Nastavenia Braintree,
Braintree payment gateway settings,Nastavenia platobnej brány Braintree,
Brand HTML,Značka HTML,
Brand Image,Obraz značky,
Breadcrumbs,Drobky,
Browser not supported,Prehliadač nie je podporovaný,
Brute Force Security,Zabezpečenie hrubou silou,
Build Report,Správa o zostavení,
Bulk Delete,Hromadné vymazanie,
Bulk Edit {0},Hromadné úpravy {0},
Bulk Rename,Hromadné premenovanie,
Bulk Update,Hromadná aktualizácia,
Button,Tlačidlo,
Button Help,Pomocné tlačidlo,
Button Label,Štítok tlačidla,
Bypass Two Factor Auth for users who login from restricted IP Address,"Obchádzanie dvojfaktorovej autorizácie pre používateľov, ktorí sa prihlásia z obmedzenej IP adresy",
Bypass restricted IP Address check If Two Factor Auth Enabled,"Obídenie kontroly adresy IP s obmedzeným prístupom, ak je zapnuté dvojfaktorové overovanie",
CC,CC,
"CC, BCC & Email Template","Šablóna CC, BCC a e-mailu",
CSS,CSS,
CSV,CSV,
Cache Cleared,Vymazanie vyrovnávacej pamäte,
Calculate,Vypočítajte,
Calendar Name,Názov kalendára,
Calendar View,Zobrazenie kalendára,
Call,Zavolajte na,
Can Read,Môže čítať,
Can Share,Môže zdieľať,
Can Write,Môže písať,
Can't identify open {0}. Try something else.,Nie je možné identifikovať otvorené {0}. Skúste niečo iné.,
Can't save the form as data import is in progress.,"Formulár nie je možné uložiť, pretože prebieha import údajov.",
Cancel {0} documents?,Zrušiť {0} dokumentov?,
Cancelled Document restored as Draft,Zrušený dokument obnovený ako návrh,
Cancelling,Zrušenie,
Cancelling {0},Zrušenie {0},
Cannot Remove,Nemožno odstrániť,
Cannot cancel before submitting. See Transition {0},Nie je možné zrušiť pred odoslaním. Pozri Prechod {0},
Cannot change docstatus from 0 to 2,Nemožno zmeniť docstatus z 0 na 2,
Cannot change docstatus from 1 to 0,Nemožno zmeniť docstatus z 1 na 0,
Cannot change header content,Nie je možné zmeniť obsah hlavičky,
Cannot change state of Cancelled Document. Transition row {0},Nie je možné zmeniť stav zrušeného dokumentu. Prechodový riadok {0},
Cannot change user details in demo. Please signup for a new account at https://erpnext.com,V ukážke nie je možné zmeniť údaje používateľa. Zaregistrujte sa na nový účet na adrese https://erpnext.com.,
Cannot create a {0} against a child document: {1},Nie je možné vytvoriť {0} voči podriadenému dokumentu: {1},
Cannot delete Home and Attachments folders,Nie je možné odstrániť priečinky Domov a Prílohy,
Cannot delete file as it belongs to {0} {1} for which you do not have permissions,"Nemožno odstrániť súbor, pretože patrí {0} {1}, ku ktorému nemáte oprávnenia",
Cannot delete or cancel because {0} {1} is linked with {2} {3} {4},"Nemožno vymazať ani zrušiť, pretože {0} {1} je prepojené s {2} {3} {4}",
Cannot delete standard field. You can hide it if you want,"Nie je možné odstrániť štandardné pole. Ak chcete, môžete ho skryť",
Cannot delete {0},Nemožno vymazať {0},
Cannot delete {0} as it has child nodes,"Nemožno odstrániť {0}, pretože má podradené uzly",
"Cannot edit Standard Notification. To edit, please disable this and duplicate it","Nie je možné upraviť štandardné oznámenie. Ak chcete upravovať, vypnite ho a duplikujte.",
Cannot edit a standard report. Please duplicate and create a new report,Nie je možné upraviť štandardnú správu. Zduplikujte a vytvorte novú správu,
Cannot edit cancelled document,Nie je možné upraviť zrušený dokument,
Cannot edit standard fields,Nemožno upravovať štandardné polia,
Cannot have multiple printers mapped to a single print format.,Nie je možné mapovať viacero tlačiarní na jeden formát tlače.,
Cannot link cancelled document: {0},Nie je možné prepojiť zrušený dokument: {0},
Cannot map because following condition fails: ,"Nemožno mapovať, pretože nasledujúca podmienka zlyháva:",
Cannot move row,Nie je možné presunúť riadok,
Cannot open instance when its {0} is open,"Nie je možné otvoriť inštanciu, keď je otvorená jej {0}",
Cannot open {0} when its instance is open,"Nemožno otvoriť {0}, keď je jeho inštancia otvorená",
Cannot remove ID field,Nie je možné odstrániť pole ID,
Cannot set Notification on Document Type {0},Nie je možné nastaviť oznámenie na typ dokumentu {0},
Cannot update {0},Nemožno aktualizovať {0},
Cannot use sub-query in order by,Nemožno použiť poddotaz v poradí podľa,
Cannot {0} {1},Nemôže {0} {1},
Capitalization doesn't help very much.,Písanie veľkých písmen veľmi nepomáha.,
Card Details,Podrobnosti o karte,
Categorize blog posts.,Kategorizujte príspevky na blogu.,
Category Description,Kategória Popis,
Cent,Cent,
"Certain documents, like an Invoice, should not be changed once final. The final state for such documents is called Submitted. You can restrict which roles can Submit.","Niektoré dokumenty, ako napríklad faktúra, by sa po dokončení nemali meniť. Konečný stav takýchto dokladov sa nazýva Odoslaný. Môžete obmedziť, ktoré roly môžu Odoslať.",
Chain Integrity,Integrita reťazca,
Chaining Hash,Reťazenie Hash,
Change Label (via Custom Translation),Zmena štítku (prostredníctvom vlastného prekladu),
Change Password,Zmena hesla,
"Change field properties (hide, readonly, permission etc.)","Zmena vlastností poľa (skryť, len na čítanie, povolenie atď.)",
Channel,Kanál,
Chart Name,Názov grafu,
Chart Options,Možnosti grafu,
Chart Source,Zdroj grafu,
Chart Type,Typ grafu,
Charts,Grafy,
Chat,Chat,
Chat Background,Pozadie chatu,
Chat Message,Správa na chate,
Chat Operators,Operátori chatu,
Chat Profile,Profil chatu,
Chat Profile for User {0} exists.,Profil chatu pre používateľa {0} existuje.,
Chat Room,Chatovacia miestnosť,
Chat Room Name,Názov chatovacej miestnosti,
Chat Room User,Používateľ chatovacej miestnosti,
Chat Token,Token chatu,
Chat Type,Typ chatu,
Chat messages and other notifications.,Správy v chate a iné oznámenia.,
Check,Skontrolujte stránku .,
Check Request URL,URL adresa žiadosti o kontrolu,
"Check columns to select, drag to set order.","Označte stĺpce, ktoré chcete vybrať, a potiahnutím nastavte poradie.",
Check this if you are testing your payment using the Sandbox API,"Toto začiarknite, ak testujete platbu pomocou rozhrania Sandbox API",
Check this to pull emails from your mailbox,"Začiarknite túto možnosť, ak chcete vytiahnuť e-maily zo svojej poštovej schránky",
Check which Documents are readable by a User,"Skontrolovať, ktoré dokumenty môže používateľ čítať",
Checking one moment,Kontrola jedného momentu,
Checksum Version,Kontrolný súčet Verzia,
Child Table Mapping,Mapovanie detských tabuliek,
Child Tables are shown as a Grid in other DocTypes,Detské tabuľky sa zobrazujú ako mriežka v iných typoch dokumentov,
Choose authentication method to be used by all users,"Výber metódy overovania, ktorú majú používať všetci používatelia",
Clear Error Logs,Vymazanie protokolov o chybách,
Clear User Permissions,Vymazanie oprávnení používateľa,
Clear all roles,Vymazať všetky úlohy,
"Clearing end date, as it cannot be in the past for published pages.","Vymazanie dátumu ukončenia, pretože v prípade publikovaných stránok nemôže byť v minulosti.",
Click here to post bugs and suggestions,Kliknutím sem môžete posielať chyby a návrhy,
Click here to verify,Kliknutím sem overíte,
Click on the link below to complete your registration and set a new password,Kliknutím na odkaz nižšie dokončíte svoju registráciu a nastavíte nové heslo,
Click on the link below to download your data,Kliknutím na nižšie uvedené prepojenie si môžete stiahnuť svoje údaje,
Click on the link below to verify your request,Kliknutím na odkaz nižšie overíte svoju žiadosť,
Click table to edit,Kliknutím na tabuľku upravíte,
Click to Set Filters,Kliknutím nastavíte filtre,
Clicked,Kliknite na,
Client Credentials,Splnomocnenia klienta,
Client Information,Informácie o klientovi,
Client Script,Skript klienta,
Client URLs,Adresy URL klienta,
Client side script extensions in Javascript,Rozšírenia skriptov na strane klienta v jazyku Javascript,
Collapsible,Skladacie,
Collapsible Depends On,Skladacie Závisí od,
Column,Stĺpec,
Column <b>{0}</b> already exist.,Stĺpec <b>{0}</b> už existuje.,
Column Break,Prerušenie stĺpca,
Column Labels:,Štítky stĺpcov:,
Column Name,Názov stĺpca,
Column Name cannot be empty,Názov stĺpca nemôže byť prázdny,
Columns,Stĺpce,
Columns based on,Stĺpce založené na,
Combination of Grant Type (<code>{0}</code>) and Response Type (<code>{1}</code>) not allowed,Kombinácia typu grantu (<code>{0}</code>) a typu odpovede (<code>{1}</code>) nie je povolená,
Comment By,Komentár od,
Comment Email,Komentár E-mail,
Comment Type,Typ komentára,
Comment can only be edited by the owner,Komentár môže upravovať iba vlastník,
Commented on {0}: {1},Komentované na {0}: {1},
Comments and Communications will be associated with this linked document,Pripomienky a oznámenia budú spojené s týmto prepojeným dokumentom,
Comments cannot have links or email addresses,Komentáre nemôžu obsahovať odkazy alebo e-mailové adresy,
Common names and surnames are easy to guess.,Bežné mená a priezviská sa dajú ľahko uhádnuť.,
Communicated via {0} on {1}: {2},Komunikuje sa prostredníctvom {0} na {1}: {2},
Communication Type,Typ komunikácie,
Company History,História spoločnosti,
Company Introduction,Predstavenie spoločnosti,
Compiled Successfully,Úspešne skompilované,
Complete By,Dokončiť podľa,
Complete Registration,Kompletná registrácia,
Complete Setup,Kompletné nastavenie,
Compose Email,Vytvoriť e-mail,
Condition Detail,Detail stavu,
Conditions,Podmienky,
Configure Chart,Konfigurácia grafu,
Configure Charts,Konfigurácia grafov,
Confirm,Potvrďte,
Confirm Deletion of Data,Potvrdenie odstránenia údajov,
Confirm Request,Potvrdiť žiadosť,
Confirm Your Email,Potvrďte svoj e-mail,
Confirmed,Potvrdené,
Connected to QZ Tray!,Pripojené k zásobníku QZ!,
Connection Name,Názov pripojenia,
Connection Success,Úspech pripojenia,
Connection lost. Some features might not work.,Strata spojenia. Niektoré funkcie nemusia fungovať.,
Connector Name,Názov konektora,
Connector Type,Typ konektora,
Contact Us Settings,Nastavenia Kontaktujte nás,
"Contact options, like ""Sales Query, Support Query"" etc each on a new line or separated by commas.","Možnosti kontaktu, ako napríklad ""Sales Query, Support Query"" atď., každú na novom riadku alebo oddelenú čiarkami.",
Contacts,Kontakty,
Content (HTML),Obsah (HTML),
Content (Markdown),Obsah (Markdown),
Content Hash,Obsah Hash,
Content web page.,Obsah webovej stránky.,
Conversation Tones,Tóny konverzácie,
Copyright,Autorské práva,
Core,Jadro,
Core DocTypes cannot be customized.,Základné typy dokumentov nie je možné prispôsobiť.,
Could not connect to outgoing email server,Nepodarilo sa pripojiť k odchádzajúcemu e-mailovému serveru,
Could not find {0},Nepodarilo sa nájsť {0},
Could not find {0} in {1},Nepodarilo sa nájsť {0} v {1},
Could not identify {0},Nepodarilo sa identifikovať {0},
Count,Počítajte,
Country Name,Názov krajiny,
County,Okres,
Create Chart,Vytvoriť graf,
Create New,Vytvoriť nový,
Create Post,Vytvoriť príspevok,
Create User Email,Vytvorenie e-mailu používateľa,
Create a New Format,Vytvorenie nového formátu,
Create a new record,Vytvorenie nového záznamu,
Create a new {0},Vytvorenie nového {0},
Create and Send Newsletters,Vytváranie a odosielanie informačných bulletinov,
Create and manage newsletter,Vytvorenie a správa informačného bulletinu,
Created,Vytvorené,
Created Custom Field {0} in {1},Vytvorené vlastné pole {0} v {1},
Created On,Vytvorené na,
Criticism,Kritika,
Criticize,Kritizujte,
Ctrl + Down,Ctrl + Down,
Ctrl + Up,Ctrl + nahor,
Ctrl+Enter to add comment,Ctrl+Enter na pridanie komentára,
Currency Name,Názov meny,
Currency Precision,Presnosť meny,
Current Mapping,Aktuálne mapovanie,
Current Mapping Action,Aktuálna akcia mapovania,
Current Mapping Delete Start,Aktuálne mapovanie Vymazať začiatok,
Current Mapping Start,Aktuálny začiatok mapovania,
Current Mapping Type,Aktuálny typ mapovania,
Currently Viewing,Momentálne prezeranie,
Currently updating {0},Aktuálne sa aktualizuje {0},
Custom,Vlastné,
Custom Base URL,Vlastná základná adresa URL,
Custom CSS,Vlastné CSS,
Custom DocPerm,Vlastné DocPerm,
Custom Field,Vlastné pole,
Custom Fields can only be added to a standard DocType.,Vlastné polia možno pridať len do štandardného typu dokumentu.,
Custom Fields cannot be added to core DocTypes.,Vlastné polia nie je možné pridať do základných typov dokumentov.,
Custom Format,Vlastný formát,
Custom HTML Help,Vlastná nápoveda HTML,
Custom JS,Vlastný JS,
Custom Menu Items,Vlastné položky ponuky,
Custom Report,Vlastná správa,
Custom Reports,Vlastné správy,
Custom Role,Vlastná úloha,
Custom Script,Vlastný skript,
Custom Sidebar Menu,Vlastné menu bočného panela,
Custom Translations,Vlastné preklady,
Customization,Prispôsobenie,
Customizations Reset,Resetovanie prispôsobení,
Customizations for <b>{0}</b> exported to:<br>{1},Prispôsobenia pre <b>{0}</b> exportované do:<br>{1},
Customize Form,Prispôsobenie formulára,
Customize Form Field,Prispôsobenie poľa formulára,
"Customize Label, Print Hide, Default etc.","Prispôsobenie štítku, Skrytie tlače, Predvolené atď.",
Customize...,Prispôsobenie...,
"Customized Formats for Printing, Email","Prispôsobené formáty pre tlač, e-mail",
Customized HTML Templates for printing transactions.,Prispôsobené šablóny HTML na tlač transakcií.,
Cut,Rez,
DESC,DESC,
Daily Event Digest is sent for Calendar Events where reminders are set.,"Denný prehľad udalostí sa odosiela pre udalosti kalendára, pri ktorých sú nastavené pripomenutia.",
Danger,Nebezpečenstvo,
Dark Color,Tmavá farba,
Dashboard Chart,Graf prístrojovej dosky,
Dashboard Chart Link,Odkaz na graf prístrojovej dosky,
Dashboard Chart Source,Zdroj grafu prístrojovej dosky,
Dashboard Name,Názov prístrojovej dosky,
Dashboards,Prístrojové panely,
Data,Údaje,
Data Export,Export údajov,
Data Import,Import údajov,
Data Import Template,Šablóna na import údajov,
Data Migration,Migrácia údajov,
Data Migration Connector,Konektor na migráciu údajov,
Data Migration Mapping,Mapovanie migrácie údajov,
Data Migration Mapping Detail,Detail mapovania migrácie údajov,
Data Migration Plan,Plán migrácie údajov,
Data Migration Plan Mapping,Mapovanie plánu migrácie údajov,
Data Migration Run,Spustenie migrácie údajov,
Data missing in table,Chýbajúce údaje v tabuľke,
Database Engine,Databázový motor,
Database Name,Názov databázy,
Date and Number Format,Formát dátumu a čísla,
Date {0} must be in format: {1},Dátum {0} musí byť vo formáte: {1},
Dates are often easy to guess.,Dátumy sa často dajú ľahko odhadnúť.,
Day of Week,Deň v týždni,
Days After,Dni po,
Days Before,Dni pred,
Days Before or After,Dni pred alebo po,
"Dear System Manager,","Vážený správca systému,",
"Dear User,","Vážený používateľ,",
Dear {0},Vážený {0},
Default Address Template cannot be deleted,Predvolenú šablónu adresy nie je možné odstrániť,
Default Inbox,Predvolená schránka,
Default Incoming,Predvolené prichádzajúce,
Default Outgoing,Predvolené odchádzajúce,
Default Print Format,Predvolený formát tlače,
Default Print Language,Predvolený jazyk tlače,
Default Redirect URI,Predvolené presmerovanie URI,
Default Role at Time of Signup,Predvolená úloha v čase registrácie,
Default Sending,Predvolené odosielanie,
Default Sending and Inbox,Predvolené odosielanie a doručená pošta,
Default Sort Field,Predvolené pole triedenia,
Default Sort Order,Predvolené poradie triedenia,
Default Value,Predvolená hodnota,
"Default: ""Contact Us""","Predvolené nastavenie: ""Kontaktujte nás""",
DefaultValue,DefaultValue,
Define workflows for forms.,Definujte pracovné postupy pre formuláre.,
Defines actions on states and the next step and allowed roles.,Definuje akcie na stavy a ďalší krok a povolené roly.,
Defines workflow states and rules for a document.,Definuje stavy a pravidlá pracovného postupu pre dokument.,
Delayed,Oneskorené,
Delete Data,Odstránenie údajov,
Delete comment?,Vymazať komentár?,
Delete this record to allow sending to this email address,Odstránenie tohto záznamu na povolenie odosielania na túto e-mailovú adresu,
Delete {0} items permanently?,Odstrániť natrvalo položky {0}?,
Deleted,Odstránené,
Deleted DocType,Odstránený DocType,
Deleted Document,Odstránený dokument,
Deleted Documents,Odstránené dokumenty,
Deleted Name,Vymazaný názov,
Deleting {0},Odstránenie {0},
Depends On,Závisí od,
Descendants Of,Potomkovia,
Desk,Pracovný stôl,
Desk Access,Prístup k pracovnému stolu,
Desktop Icon,Ikona na pracovnej ploche,
Desktop Icon already exists,Ikona na ploche už existuje,
Developer,Vývojár,
Did not add,Nepridal,
Did not cancel,Nezrušil,
Did not find {0} for {0} ({1}),Nenašiel {0} pre {0} ({1}),
Did not remove,Neodstránil,
"Different ""States"" this document can exist in. Like ""Open"", ""Pending Approval"" etc.","Rôzne ""stavy"", v ktorých môže tento dokument existovať. Napríklad ""Otvorený"", ""Čaká na schválenie"" atď.",
Direct,Priamy,
Direct room with {0} already exists.,Priama miestnosť s {0} už existuje.,
Disable Auto Refresh,Zakázať automatické obnovovanie,
Disable Count,Zakázať počítanie,
Disable Customer Signup link in Login page,Zakázanie odkazu Registrácia zákazníka na prihlasovacej stránke,
Disable Prepared Report,Zakázať pripravenú správu,
Disable Report,Zakázať správu,
Disable SMTP server authentication,Zakázanie overovania servera SMTP,
Disable Sidebar Stats,Zakázanie štatistík bočného panela,
Disable Signup,Zakázať registráciu,
Disable Standard Email Footer,Zakázanie štandardnej päty e-mailu,
Discard,Vyradiť,
Display,Zobrazenie,
Display Depends On,Zobrazenie závisí od,
Do not allow user to change after set the first time,Nepovoľte používateľovi zmenu po prvom nastavení,
Do not edit headers which are preset in the template,"Neupravujte záhlavia, ktoré sú prednastavené v šablóne",
Do not send Emails,Neposielajte e-maily,
Doc Event,Udalosť Doc,
Doc Events,Udalosti Doc,
Doc Status,Stav dokumentu,
DocField,Pole DocField,
DocPerm,DocPerm,
DocShare,DocShare,
DocType <b>{0}</b> provided for the field <b>{1}</b> must have atleast one Link field,Typ dokumentu <b>{0}</b> uvedený pre pole <b>{1}</b> musí mať aspoň jedno pole Odkaz,
DocType can not be merged,DocType nie je možné zlúčiť,
DocType can only be renamed by Administrator,DocType môže premenovať iba správca,
DocType is a Table / Form in the application.,DocType je tabuľka/formulár v aplikácii.,
DocType must be Submittable for the selected Doc Event,DocType musí byť Submittable pre vybranú udalosť dokumentu,
DocType on which this Workflow is applicable.,"Typ dokumentu, na ktorý sa tento pracovný postup vzťahuje.",
"DocType's name should start with a letter and it can only consist of letters, numbers, spaces and underscores","Názov DocType by mal začínať písmenom a môže sa skladať len z písmen, číslic, medzier a podčiarkovníkov",
Doctype required,Požadovaný typ dokladu,
Document,Dokument,
Document Follow,Sledovanie dokumentov,
Document Follow Notification,Oznámenie o sledovaní dokumentu,
Document Queued,Dokument zaradený do frontu,
Document Restored,Obnovený dokument,
Document Share Report,Správa o zdieľaní dokumentov,
Document States,Štáty dokumentu,
Document Type is not importable,Typ dokumentu nie je možné importovať,
Document Type is not submittable,Typ dokumentu nie je možné odoslať,
Document Type to Track,Typ dokumentu na sledovanie,
Document Types,Typy dokumentov,
Document can't saved.,Dokument nemožno uložiť.,
Document {0} has been set to state {1} by {2},Dokument {0} bol nastavený do stavu {1} pomocou {2},
Documents,Dokumenty,
Documents assigned to you and by you.,"Dokumenty, ktoré vám boli pridelené a ktoré vám boli pridelené.",
Domain Settings,Nastavenia domény,
Domains HTML,Domény HTML,
"Don't HTML Encode HTML tags like &lt;script&gt; or just characters like &lt; or &gt;, as they could be intentionally used in this field","Nekódovať HTML značky ako &lt;script&gt; alebo len znaky ako &lt; alebo &gt;, pretože by mohli byť zámerne použité v tomto poli.",
Don't Override Status,Neprepisujte stav,
Don't create new records,Nevytvárajte nové záznamy,
Don't have an account? Sign up,Nemáte účet? Zaregistrujte sa,
"Don't know, ask 'help'","Neviete, požiadajte o pomoc",
Download Data,Stiahnite si údaje,
Download Files Backup,Stiahnutie súborov Zálohovanie,
Download Link,Odkaz na stiahnutie,
Download Report,Stiahnite si správu,
Download Your Data,Stiahnite si svoje údaje,
Download link for your backup will be emailed on the following email address: {0},Odkaz na stiahnutie zálohy vám bude zaslaný na nasledujúcu e-mailovú adresu: {0},
Download with Data,Stiahnutie s údajmi,
Drag and Drop tool to build and customize Print Formats.,Nástroj Drag and Drop na vytváranie a prispôsobovanie tlačových formátov.,
Drag elements from the sidebar to add. Drag them back to trash.,Prvky z bočného panela môžete pridávať ťahaním. Potiahnite ich späť do koša.,
Dropbox Access Key,Prístupový kľúč k službe Dropbox,
Dropbox Access Secret,Tajný prístup k službe Dropbox,
Dropbox Access Token,Prístupový token služby Dropbox,
Dropbox Settings,Nastavenia služby Dropbox,
Dropbox Setup,Nastavenie služby Dropbox,
Dropbox access is approved!,Prístup do služby Dropbox je schválený!,
Dropbox backup settings,Nastavenia zálohovania služby Dropbox,
Duplicate Filter Name,Duplicitný názov filtra,
Dynamic Link,Dynamické prepojenie,
Dynamic Report Filters,Dynamické filtre správ,
ESC,ESC,
Edit Auto Email Report Settings,Úprava nastavení automatickej e-mailovej správy,
Edit Custom HTML,Úprava vlastného HTML,
Edit DocType,Upraviť DocType,
Edit Filter,Upraviť filter,
Edit Format,Upraviť formát,
Edit HTML,Upraviť HTML,
Edit Heading,Upraviť nadpis,
Edit Properties,Upraviť vlastnosti,
Edit to add content,Úprava na pridanie obsahu,
Edit {0},Upraviť {0},
Editable Grid,Upraviteľná mriežka,
Editing Row,Riadok úprav,
Eg. smsgateway.com/api/send_sms.cgi,Napr. smsgateway.com/api/send_sms.cgi,
Email Account Name,Názov e-mailového konta,
Email Account added multiple times,E-mailové konto pridané viackrát,
Email Addresses,E-mailové adresy,
Email Domain,E-mailová doména,
"Email Domain not configured for this account, Create one?","E-mailová doména nie je nakonfigurovaná pre toto konto, Vytvoriť?",
Email Flag Queue,Fronta príznakov e-mailu,
Email Footer Address,E-mailová adresa v pätičke,
Email Group,E-mailová skupina,
Email Group List,Zoznam e-mailových skupín,
Email Group Member,E-mail Člen skupiny,
Email Login ID,E-mailové prihlasovacie ID,
Email Queue,Fronta e-mailov,
Email Queue Recipient,Príjemca e-mailovej fronty,
Email Queue records.,Záznamy e-mailovej fronty.,
Email Reply Help,Pomoc pri odpovedi na e-mail,
Email Rule,Pravidlo e-mailu,
Email Server,E-mailový server,
Email Settings,Nastavenia e-mailu,
Email Signature,E-mailový podpis,
Email Status,Stav e-mailu,
Email Sync Option,Možnosť synchronizácie e-mailu,
Email Templates for common queries.,E-mailové šablóny pre bežné otázky.,
Email To,E-mail na,
Email Unsubscribe,Odhlásenie z odberu e-mailu,
Email has been marked as spam,E-mail bol označený ako spam,
Email has been moved to trash,E-mail bol presunutý do koša,
Email not sent to {0} (unsubscribed / disabled),E-mail nebol odoslaný na adresu {0} (odhlásený/vypnutý),
Email not verified with {0},E-mail nie je overený pomocou {0},
Emails are muted,E-maily sú stlmené,
Emails will be sent with next possible workflow actions,Budú odoslané e-maily s ďalšími možnými akciami pracovného postupu,
Embed image slideshows in website pages.,Vkladanie prezentácií obrázkov do webových stránok.,
Enable / Disable Domains,Povolenie / zakázanie domén,
Enable Auto Reply,Povolenie automatickej odpovede,
Enable Automatic Backup,Povolenie automatického zálohovania,
Enable Chat,Povolenie chatu,
Enable Comments,Povoliť komentáre,
Enable Incoming,Povoliť prichádzajúce,
Enable Outgoing,Povolenie odchádzajúcich,
Enable Password Policy,Povolenie zásad hesla,
Enable Print Server,Povolenie tlačového servera,
Enable Raw Printing,Povolenie surovej tlače,
Enable Report,Povolenie správy,
Enable Scheduled Jobs,Povolenie naplánovaných úloh,
Enable Social Login,Povolenie prihlásenia cez sociálne siete,
Enable Two Factor Auth,Povolenie dvojfaktorového overovania,
Enabled email inbox for user {0},Povolená e-mailová schránka pre používateľa {0},
"Encryption key is invalid, Please check site_config.json","Šifrovací kľúč je neplatný, skontrolujte site_config.json",
End Date Field,Pole s dátumom ukončenia,
End Date cannot be before Start Date!,Dátum ukončenia nemôže byť skorší ako dátum začiatku!,
Endpoint URL,Adresa URL koncového bodu,
Energy Point Log,Denník energetických bodov,
Energy Point Rule,Pravidlo energetického bodu,
Energy Point Settings,Nastavenia energetického bodu,
Energy Points,Energetické body,
Enter Email Recipient(s),Zadajte príjemcu(-ov) e-mailu,
Enter Form Type,Zadajte typ formulára,
"Enter default value fields (keys) and values. If you add multiple values for a field, the first one will be picked. These defaults are also used to set ""match"" permission rules. To see list of fields, go to ""Customize Form"".","Zadajte predvolené polia hodnôt (kľúče) a hodnoty. Ak pre pole pridáte viacero hodnôt, vyberie sa prvá z nich. Tieto predvolené hodnoty sa používajú aj na nastavenie pravidiel oprávnenia ""zhody"". Ak chcete zobraziť zoznam polí, prejdite do časti ""Prispôsobiť formulár"".",
Enter folder name,Zadajte názov priečinka,
"Enter keys to enable login via Facebook, Google, GitHub.","Zadajte kľúče, aby ste umožnili prihlásenie cez Facebook, Google, GitHub.",
Enter python module or select connector type,Zadajte modul pythonu alebo vyberte typ konektora,
"Enter static url parameters here (Eg. sender=ERPNext, username=ERPNext, password=1234 etc.)","Zadajte tu statické parametre url (napr. odosielateľ=ERPNext, používateľské meno=ERPNext, heslo=1234 atď.)",
Enter url parameter for message,Zadajte parameter url pre správu,
Enter url parameter for receiver nos,Zadajte parameter url pre príjemcu nos,
Enter your password,Zadajte svoje heslo,
Entity Name,Názov subjektu,
Equals,Rovná sa,
Error Message,Chybová správa,
Error Report,Správa o chybe,
Error Snapshot,Snímka chyby,
Error in Custom Script,Chyba vo vlastnom skripte,
Error in Notification,Chyba v oznámení,
Error in Notification: {},Chyba v oznámení: {},
Error while connecting to email account {0},Chyba pri pripájaní k e-mailovému kontu {0},
Error while evaluating Notification {0}. Please fix your template.,"Chyba pri vyhodnocovaní oznámenia {0}. Prosím, opravte svoju šablónu.",
Error: Document has been modified after you have opened it,Chyba: Dokument bol upravený po otvorení,
Error: Value missing for {0}: {1},Chyba: Chýba hodnota pre {0}: {1},
Errors in Background Events,Chyby v udalostiach na pozadí,
Event Category,Kategória podujatia,
Event Participants,Účastníci podujatia,
Event Type,Typ podujatia,
Event and other calendars.,Kalendáre podujatí a iné kalendáre.,
Events in Today's Calendar,Udalosti v dnešnom kalendári,
Everyone,Každý,
Example,Príklad,
Example Email Address,Príklad e-mailovej adresy,
Example: {{ subject }},Príklad: {{ predmet }},
Excel,Excel,
Exception,Výnimka,
Exception Type,Typ výnimky,
Execution Time: {0} sec,Čas vykonania: {0} sek.,
Expert,Odborník,
Expiration time,Čas exspirácie,
Expire Notification On,Upozornenie na vypršanie platnosti,
Expires In,Platnosť končí v,
Expiry time of QR Code Image Page,Čas vypršania platnosti stránky s obrázkom QR kódu,
Export All {0} rows?,Exportovať všetky {0} riadky?,
Export Custom Permissions,Exportovanie vlastných oprávnení,
Export Customizations,Prispôsobenia exportu,
Export Data,Export údajov,
Export Data in CSV / Excel format.,Export údajov vo formáte CSV / Excel.,
Export Report: {0},Správa o exporte: {0},
Expose Recipients,Odhaľte príjemcov,
"Expression, Optional","Výraz, voliteľný",
Facebook,Facebook,
Failed to complete setup,Nastavenie sa nepodarilo dokončiť,
Failed to connect to server,Nepodarilo sa pripojiť k serveru,
Failed while amending subscription,Zlyhanie pri zmene odberu,
FavIcon,FavIcon,
Feedback Request,Žiadosť o spätnú väzbu,
Fetch From,Prevziať z,
Fetch If Empty,Fetch Ak je prázdny,
Fetch Images,Získavanie obrázkov,
Fetch attached images from document,Stiahnutie priložených obrázkov z dokumentu,
"Field ""route"" is mandatory for Web Views","Pole ""route"" je povinné pre webové zobrazenia",
"Field ""value"" is mandatory. Please specify value to be updated","Pole ""value"" je povinné. Uveďte hodnotu, ktorá sa má aktualizovať",
Field Description,Popis poľa,
Field Maps,Mapy polí,
Field Type,Typ poľa,
"Field that represents the Workflow State of the transaction (if field is not present, a new hidden Custom Field will be created)","Pole, ktoré predstavuje stav pracovného postupu transakcie (ak pole nie je prítomné, vytvorí sa nové skryté vlastné pole)",
Field to Track,Z ihriska na dráhu,
Field type cannot be changed for {0},Typ poľa nie je možné zmeniť pre {0},
Field {0} not found.,Pole {0} nebolo nájdené.,
Fieldname is limited to 64 characters ({0}),Názov poľa je obmedzený na 64 znakov ({0}),
Fieldname not set for Custom Field,Názov poľa nie je nastavený pre vlastné pole,
Fieldname which will be the DocType for this link field.,"Fieldname, ktorý bude DocType pre toto pole odkazu.",
Fieldname {0} cannot have special characters like {1},Názov poľa {0} nemôže obsahovať špeciálne znaky ako {1},
Fieldname {0} conflicting with meta object,Názov poľa {0} je v rozpore s metaobjektom,
Fields Multicheck,Polia Multicheck,
"Fields separated by comma (,) will be included in the ""Search By"" list of Search dialog box","Polia oddelené čiarkou (,) budú zahrnuté do zoznamu ""Hľadať podľa"" v dialógovom okne Hľadať",
Fieldtype,Typ poľa,
Fieldtype cannot be changed from {0} to {1} in row {2},Typ poľa nemožno zmeniť z {0} na {1} v riadku {2},
File '{0}' not found,Súbor '{0}' nebol nájdený,
File Backup,Zálohovanie súborov,
File Name,Názov súboru,
File Size,Veľkosť súboru,
File Type,Typ súboru,
File URL,Adresa URL súboru,
File Upload,Nahrávanie súborov,
File Upload Disconnected. Please try again.,Odosielanie súborov je odpojené. Skúste to prosím znova.,
File Upload in Progress. Please try again in a few moments.,"Prebieha nahrávanie súborov. Prosím, skúste to znova o niekoľko okamihov.",
File backup is ready,Zálohovanie súborov je pripravené,
File not attached,Súbor nie je pripojený,
File size exceeded the maximum allowed size of {0} MB,Veľkosť súboru prekročila maximálnu povolenú veľkosť {0} MB,
File too big,Príliš veľký súbor,
File {0} does not exist,Súbor {0} neexistuje,
Files,Súbory,
Filter,Filter,
Filter Data,Filtrovanie údajov,
Filter List,Zoznam filtrov,
Filter Meta,Filter Meta,
Filter Name,Názov filtra,
Filter Values,Hodnoty filtra,
Filter must be a tuple or list (in a list),Filter musí byť tuple alebo zoznam (v zozname),
"Filter must have 4 values (doctype, fieldname, operator, value): {0}","Filter musí mať 4 hodnoty (doctype, fieldname, operator, value): {0}",
Filter...,Filter...,
"Filtered by ""{0}""","Filtrované podľa ""{0}""",
Filters Display,Zobrazenie filtrov,
Filters JSON,Filtre JSON,
Filters saved,Uložené filtre,
Find {0} in {1},Nájdite {0} v {1},
First Level,Prvá úroveň,
First Success Message,Prvá správa o úspechu,
First Transaction,Prvá transakcia,
First data column must be blank.,Prvý stĺpec údajov musí byť prázdny.,
First set the name and save the record.,Najprv nastavte názov a uložte záznam.,
Flag,Vlajka,
Float,Plavák,
Float Precision,Presnosť plávania,
Fold,Zložiť,
Fold can not be at the end of the form,Prehyb nemôže byť na konci formulára,
Fold must come before a Section Break,Zložiť sa musí pred prestávkou v sekcii,
Folder,Priečinok,
Folder name should not include '/' (slash),Názov priečinka by nemal obsahovať '/' (lomítko),
Folder {0} is not empty,Priečinok {0} nie je prázdny,
Follow,Sledujte,
Followed by,Po ňom nasleduje,
Following fields are missing:,Chýbajú nasledujúce polia:,
Following fields have missing values:,V nasledujúcich poliach chýbajú hodnoty:,
Font,Písmo,
Font Size,Veľkosť písma,
Fonts,Fonty,
Footer,Zápätie,
Footer HTML,Pätička HTML,
Footer Items,Položky v päte,
Footer will display correctly only in PDF,Pätička sa zobrazí správne iba v PDF,
For Document Type,Pre typ dokumentu,
"For Links, enter the DocType as range.\nFor Select, enter list of Options, each on a new line.","Pre odkazy zadajte typ dokumentu ako rozsah.\nPre výber zadajte zoznam možností, každú na novom riadku.",
For User,Pre používateľa,
For Value,Pre hodnotu,
"For currency {0}, the minimum transaction amount should be {1}",Pre menu {0} by minimálna suma transakcie mala byť {1},
For example if you cancel and amend INV004 it will become a new document INV004-1. This helps you to keep track of each amendment.,"Ak napríklad zrušíte a zmeníte doklad INV004, stane sa z neho nový doklad INV004-1. To vám pomôže sledovať každú zmenu a doplnenie.",
"For example: If you want to include the document ID, use {0}","Napríklad: Ak chcete uviesť ID dokumentu, použite {0}",
"For updating, you can update only selective columns.",Pri aktualizácii môžete aktualizovať len vybrané stĺpce.,
For {0} at level {1} in {2} in row {3},Pre {0} na úrovni {1} v {2} v riadku {3},
Force,Sila,
Force Show,Ukážka sily,
Forgot Password,Zabudnuté heslo,
Forgot Password?,Zabudli ste heslo?,
Form Customization,Prispôsobenie formulára,
Form Settings,Nastavenia formulára,
Format,Formát,
Format Data,Formát údajov,
Forward To Email Address,Preposlanie na e-mailovú adresu,
Fraction,Frakcia,
Fraction Units,Jednotky zlomkov,
Frames,Rámčeky,
Frappe,Frappe,
Frappe Framework,Rámec Frappe,
Friendly Title,Priateľský názov,
From Date Field,Pole Dátum od,
From Document Type,Z typu dokumentu,
From Full Name,Z Celé meno,
Full Page,Celá strana,
Fw: {0},Fw: {0},
GCalendar Sync ID,GCalendar Sync ID,
GMail,GMail,
Gantt,Gantt,
Gateway,Brána,
Gateway Controller,Ovládač brány,
Gateway Settings,Nastavenia brány,
Generate Keys,Generovanie kľúčov,
Generate New Report,Vytvoriť novú správu,
Generated File,Vygenerovaný súbor,
Geo,Geo,
Geolocation,Geolokácia,
Get Alerts for Today,Získajte upozornenia pre dnešok,
Get Contacts,Získajte kontakty,
Get Fields,Získajte polia,
Get your globally recognized avatar from Gravatar.com,Získajte celosvetovo uznávaný avatar od Gravatar.com,
GitHub,GitHub,
Give Review Points,Poskytnite body na preskúmanie,
Global Unsubscribe,Globálne zrušenie odberu,
Go to the document,Prejsť na dokument,
Go to this URL after completing the form (only for Guest users),Po vyplnení formulára prejdite na túto adresu URL (len pre hosťujúcich používateľov),
Go to {0},Prejsť na {0},
Go to {0} List,Prejsť na zoznam {0},
Go to {0} Page,Prejsť na stránku {0},
Google,Google,
Google Analytics ID,ID služby Google Analytics,
Google Calendar ID,ID kalendára Google,
Google Font,Písmo Google,
Google Services,Služby Google,
Grant Type,Typ grantu,
Group Name,Názov skupiny,
Group name cannot be empty.,Názov skupiny nemôže byť prázdny.,
Groups of DocTypes,Skupiny typov dokumentov DocTypes,
HTML,HTML,
HTML Editor,Editor HTML,
"HTML Header, Robots and Redirects","Hlavička HTML, roboti a presmerovania",
HTML for header section. Optional,HTML pre časť záhlavia. Voliteľné,
Half,Polovica,
Has  Attachment,Má prílohu,
Has Attachments,Má prílohy,
Has Domain,Má doménu,
Has Role,Má úlohu,
Has Web View,Má webové zobrazenie,
Have an account? Login,Máte účet? Prihlásenie,
Header,Záhlavie,
Header HTML,Hlavička HTML,
Header HTML set from attachment {0},Nastavenie hlavičky HTML z prílohy {0},
Header Image,Obrázok záhlavia,
Headers,Hlavičky,
Heading,Nadpis,
Hello {0},Ahoj {0},
Hello!,Dobrý deň!,
Help Articles,Pomocné články,
Help Category,Kategória pomoci,
Help on Search,Pomoc pri vyhľadávaní,
"Help: To link to another record in the system, use ""#Form/Note/[Note Name]"" as the Link URL. (don't use ""http://"")","Pomoc: Ak chcete prepojiť iný záznam v systéme, použite ako adresu URL prepojenia ""#Form/Note/[Note Name]"". (nepoužívajte ""http://"").",
Helvetica,Helvetica,
Hi {0},Ahoj {0},
Hide Copy,Skryť kópiu,
Hide Footer Signup,Skryť pätičku Registrácia,
Hide Sidebar and Menu,Skryť bočný panel a ponuku,
Hide Standard Menu,Skryť štandardnú ponuku,
Hide Weekends,Skryť víkendy,
Hide details,Skryť podrobnosti,
Hide footer in auto email reports,Skryť pätu v automatických e-mailových správach,
Higher priority rule will be applied first,Najskôr sa použije pravidlo s vyššou prioritou,
Highlight,Zvýraznenie,
"Hint: Include symbols, numbers and capital letters in the password","Tip: V hesle uvádzajte symboly, čísla a veľké písmená.",
Home Page,Domovská stránka,
Home Settings,Domovské nastavenia,
Home/Test Folder 1,Domov/Testovací priečinok 1,
Home/Test Folder 1/Test Folder 3,Domov/Testovací priečinok 1/Testovací priečinok 3,
Home/Test Folder 2,Domov/Testovací priečinok 2,
Host,Hostiteľ,
Hostname,Názov hostiteľa,
"How should this currency be formatted? If not set, will use system defaults","Ako by sa mala táto mena formátovať? Ak nie je nastavené, použije sa predvolené nastavenie systému",
I found these: ,Našiel som tieto:,
ID,ID,
ID (name) of the entity whose property is to be set,"ID (názov) entity, ktorej vlastnosť sa má nastaviť",
Icon will appear on the button,Na tlačidle sa zobrazí ikona,
Identity Details,Podrobnosti o identite,
Idx,Idx,
"If Apply Strict User Permission is checked and User Permission is defined for a DocType for a User, then all the documents where value of the link is blank, will not be shown to that User","Ak je začiarknutá voľba Použiť prísne užívateľské povolenie a užívateľské povolenie je definované pre typ dokumentu pre užívateľa, potom sa tomuto užívateľovi nezobrazia všetky dokumenty, v ktorých je hodnota odkazu prázdna.",
If Checked workflow status will not override status in list view,"Ak je stav pracovného postupu začiarknutý, neprepíše stav v zobrazení zoznamu",
If Owner,Ak vlastník,
"If a Role does not have access at Level 0, then higher levels are meaningless.","Ak rola nemá prístup na úrovni 0, vyššie úrovne nemajú význam.",
"If checked, all other workflows become inactive.","Ak je začiarknuté, všetky ostatné pracovné postupy sa stanú neaktívnymi.",
"If checked, this field will be not overwritten based on Fetch From if a value already exists.","Ak je začiarknuté, toto pole nebude prepísané na základe funkcie Prevziať z, ak už hodnota existuje.",
"If checked, users will not see the Confirm Access dialog.","Ak je začiarknuté, používatelia neuvidia dialógové okno Potvrdiť prístup.",
"If disabled, this role will be removed from all users.","Ak je táto rola vypnutá, bude všetkým používateľom odobratá.",
"If enabled,  user can login from any IP Address using Two Factor Auth, this can also be set for all users in System Settings","Ak je táto možnosť povolená, používateľ sa môže prihlásiť z ľubovoľnej IP adresy pomocou dvojfaktorovej autorizácie, čo možno nastaviť aj pre všetkých používateľov v Nastaveniach systému.",
"If enabled, all users can login from any IP Address using Two Factor Auth. This can also be set only for specific user(s) in User Page","Ak je táto funkcia povolená, všetci používatelia sa môžu prihlásiť z ľubovoľnej IP adresy pomocou dvojfaktorovej autorizácie. Túto možnosť možno nastaviť aj len pre konkrétneho používateľa (používateľov) na stránke Používateľ",
"If enabled, changes to the document are tracked and shown in timeline","Ak je táto možnosť povolená, zmeny v dokumente sa sledujú a zobrazujú na časovej osi",
"If enabled, document views are tracked, this can happen multiple times","Ak je povolená, zobrazenia dokumentov sa sledujú, môže sa to stať viackrát",
"If enabled, the document is marked as seen, the first time a user opens it","Ak je táto možnosť zapnutá, dokument sa označí ako videný, keď ho používateľ otvorí prvýkrát.",
"If enabled, the password strength will be enforced based on the Minimum Password Score value. A value of 2 being medium strong and 4 being very strong.","Ak je táto možnosť povolená, sila hesla sa bude vynucovať na základe hodnoty Minimálne skóre hesla. Hodnota 2 znamená stredne silné heslo a 4 veľmi silné heslo.",
"If enabled, users who login from Restricted IP Address, won't be prompted for Two Factor Auth","Ak je táto možnosť povolená, používatelia, ktorí sa prihlásia z adresy IP s obmedzeným prístupom, nebudú vyzvaní na zadanie dvojfaktorovej autorizácie.",
"If enabled, users will be notified every time they login. If not enabled, users will only be notified once.","Ak je táto možnosť povolená, používatelia budú upozornení pri každom prihlásení. Ak nie je povolené, používatelia budú upozornení len raz.",
If non standard port (e.g. 587),Ak ide o neštandardný port (napr. 587),
"If non standard port (e.g. 587). If on Google Cloud, try port 2525.","Ak ide o neštandardný port (napr. 587). Ak v službe Google Cloud, skúste port 2525.",
"If not set, the currency precision will depend on number format","Ak nie je nastavená, presnosť meny bude závisieť od formátu čísla",
If the condition is satisfied user will be rewarded with the points. eg. doc.status == 'Closed'\n,"Ak je podmienka splnená, používateľ bude odmenený bodmi. napr. doc.status == 'Closed'\n",
"If the user has any role checked, then the user becomes a ""System User"". ""System User"" has access to the desktop","Ak má používateľ zaškrtnutú akúkoľvek rolu, stane sa ""Systémovým používateľom"". ""Systémový používateľ"" má prístup k pracovnej ploche",
"If these instructions where not helpful, please add in your suggestions on GitHub Issues.","Ak vám tieto pokyny nepomohli, pridajte svoje návrhy na GitHub Issues.",
"If this is checked, rows with valid data will be imported and invalid rows will be dumped into a new file for you to import later.","Ak je táto možnosť začiarknutá, riadky s platnými údajmi budú importované a neplatné riadky budú vymazané do nového súboru, ktorý môžete importovať neskôr.",
If user is the owner,Ak je používateľ vlastníkom,
"If you are updating, please select ""Overwrite"" else existing rows will not be deleted.","Ak aktualizujete, vyberte možnosť ""Prepísať"", inak sa existujúce riadky neodstránia.",
If you are updating/overwriting already created records.,Ak aktualizujete/prepisujete už vytvorené záznamy.,
"If you are uploading new records, ""Naming Series"" becomes mandatory, if present.","Ak nahrávate nové záznamy, položka ""Pomenovanie série"" sa stáva povinnou, ak je prítomná.",
"If you are uploading new records, leave the ""name"" (ID) column blank.","Ak nahrávate nové záznamy, stĺpec ""názov"" (ID) nechajte prázdny.",
If you don't want to create any new records while updating the older records.,Ak nechcete vytvárať nové záznamy a zároveň aktualizovať staršie záznamy.,
"If you set this, this Item will come in a drop-down under the selected parent.","Ak to nastavíte, táto položka sa zobrazí v rozbaľovacom zozname pod vybraným nadradeným prvkom.",
"If you think this is unauthorized, please change the Administrator password.","Ak si myslíte, že je to neoprávnené, zmeňte heslo správcu.",
"If your data is in HTML, please copy paste the exact HTML code with the tags.","Ak sú vaše údaje v jazyku HTML, skopírujte a vložte presný kód HTML so značkami.",
Ignore User Permissions,Ignorovanie používateľských oprávnení,
Ignore XSS Filter,Ignorovať filter XSS,
Ignore attachments over this size,Ignorovať prílohy nad túto veľkosť,
Ignore encoding errors,Ignorovanie chýb kódovania,
Ignored: {0} to {1},Ignorované: {0} až {1},
Illegal Access Token. Please try again,Nelegálny prístupový token. Skúste to prosím znova,
Illegal Document Status for {0},Nezákonný stav dokumentu pre {0},
Image Field,Obrázkové pole,
Image Link,Odkaz na obrázok,
Image field must be a valid fieldname,Pole Image musí byť platný názov poľa,
Image field must be of type Attach Image,Pole Image musí byť typu Attach Image,
Images,Obrázky,
Implicit,Implicitné,
Import,Import,
Import Email From,Importovať e-mail z,
Import Status,Stav importu,
Import Subscribers,Import odberateľov,
Import Zip,Import Zip,
In Filter,Vo filtri,
In Global Search,V globálnom vyhľadávaní,
In Grid View,V zobrazení mriežky,
In Hours,V hodinách,
In List View,V zobrazení zoznamu,
In Preview,V náhľade,
In Reply To,V odpovedi na,
In Standard Filter,V štandardnom filtri,
In Valid Request,V platnej žiadosti,
In points. Default is 9.,V bodoch. Predvolená hodnota je 9.,
In seconds,V sekundách,
Include Search in Top Bar,Zahrnutie vyhľadávania do horného panela,
"Include symbols, numbers and capital letters in the password","V hesle uvádzajte symboly, čísla a veľké písmená.",
Incoming email account not correct,Prichádzajúce e-mailové konto nie je správne,
Incomplete login details,Neúplné prihlasovacie údaje,
Incorrect User or Password,Nesprávny používateľ alebo heslo,
Incorrect Verification code,Nesprávny overovací kód,
Incorrect value in row {0}: {1} must be {2} {3},Nesprávna hodnota v riadku {0}: {1} musí byť {2} {3},
Incorrect value: {0} must be {1} {2},Nesprávna hodnota: {0} musí byť {1} {2},
Index,Index,
Indicator,Indikátor,
Info,Informácie,
Info:,Informácie:,
Initial Sync Count,Počiatočný počet synchronizácií,
InnoDB,InnoDB,
Insert Above,Vložiť nad,
Insert After,Vložiť po,
Insert After cannot be set as {0},Vložiť po nemožno nastaviť ako {0},
"Insert After field '{0}' mentioned in Custom Field '{1}', with label '{2}', does not exist","Vloženie poľa ""{0}"" uvedeného vo vlastnom poli ""{1}"" s označením ""{2}"" neexistuje",
Insert Below,Vložte nižšie,
Insert Column Before {0},Vložiť stĺpec pred {0},
Insert Style,Štýl vloženia,
Insert new records,Vloženie nových záznamov,
Instructions Emailed,Pokyny zaslané e-mailom,
Insufficient Permission for {0},Nedostatočné povolenie pre {0},
Int,Int,
Integration Request,Žiadosť o integráciu,
Integration Request Service,Služba žiadosti o integráciu,
Integration Type,Typ integrácie,
Integrations,Integrácie,
Integrations can use this field to set email delivery status,Integrácie môžu toto pole použiť na nastavenie stavu doručenia e-mailu,
Internal Server Error,Chyba vnútorného servera,
Internal record of document shares,Interná evidencia podielov dokumentov,
Introduce your company to the website visitor.,Predstavte svoju spoločnosť návštevníkovi webovej stránky.,
Introductory information for the Contact Us Page,Úvodné informácie pre stránku Kontaktujte nás,
Invalid,Neplatné,
"Invalid ""depends_on"" expression","Neplatný výraz ""depends_on""",
Invalid Access Key ID or Secret Access Key.,Neplatné ID prístupového kľúča alebo tajný prístupový kľúč.,
Invalid CSV Format,Neplatný formát CSV,
Invalid Home Page,Neplatná domovská stránka,
Invalid Link,Neplatné prepojenie,
Invalid Login Token,Neplatný prihlasovací token,
Invalid Login. Try again.,Neplatné prihlásenie. Skúste to znova.,
Invalid Mail Server. Please rectify and try again.,"Neplatný poštový server. Prosím, opravte to a skúste to znova.",
Invalid Outgoing Mail Server or Port,Neplatný server alebo port odchádzajúcej pošty,
Invalid Output Format,Neplatný výstupný formát,
Invalid Password,Neplatné heslo,
Invalid Password:,Neplatné heslo:,
Invalid Request,Neplatná žiadosť,
Invalid Search Field {0},Neplatné vyhľadávacie pole {0},
Invalid Subscription,Neplatné predplatné,
Invalid Token,Neplatný token,
Invalid User Name or Support Password. Please rectify and try again.,"Nesprávne používateľské meno alebo heslo podpory. Prosím, opravte to a skúste to znova.",
Invalid column,Neplatný stĺpec,
Invalid field name {0},Nesprávny názov poľa {0},
Invalid fieldname '{0}' in autoname,Neplatný názov poľa '{0}' v autoname,
Invalid file path: {0},Nesprávna cesta k súboru: {0},
Invalid login or password,Neplatné prihlasovacie meno alebo heslo,
Invalid module path,Nesprávna cesta k modulu,
Invalid naming series (. missing),Nesprávne pomenovanie série (. chýba),
Invalid payment gateway credentials,Neplatné poverenia platobnej brány,
Invalid recipient address,Neplatná adresa príjemcu,
Invalid {0} condition,Neplatná podmienka {0},
Inverse,Inverzný,
Is,Je,
Is Attachments Folder,Je priečinok príloh,
Is Child Table,Je detský stôl,
Is Custom Field,Je vlastné pole,
Is First Startup,Je prvý startup,
Is Folder,Je priečinok,
Is Global,Je globálny,
Is Globally Pinned,Je globálne pripnutý,
Is Home Folder,Je priečinok Domov,
Is Mandatory Field,Je povinné pole,
Is Pinned,Je pripnutý,
Is Primary Contact,Je primárnym kontaktom,
Is Private,Je súkromná,
Is Published Field,Je publikované pole,
Is Published Field must be a valid fieldname,Is Published Pole musí byť platný názov poľa,
Is Single,Je slobodný,
Is Spam,Je spam,
Is Standard,Je štandardné,
Is Submittable,Je Submittable,
Is Table,Je tabuľka,
Is Your Company Address,Je adresa vašej spoločnosti,
It is risky to delete this file: {0}. Please contact your System Manager.,Vymazanie tohto súboru je riskantné: {0}. Obráťte sa na svojho správcu systému.,
Item cannot be added to its own descendants,Položka nemôže byť pridaná k vlastným potomkom,
JS,JS,
JSON,JSON,
JavaScript Format: frappe.query_reports['REPORTNAME'] = {},JavaScript Formát: frappe.query_reports['REPORTNAME'] = {},
Javascript to append to the head section of the page.,Javascript na pridanie do časti hlavičky stránky.,
Jinja,Jinja,
John Doe,John Doe,
Kanban,Kanban,
Kanban Board Column,Stĺpec tabule Kanban,
Kanban Board Name,Názov rady Kanban,
Karma,Karma,
Keep track of all update feeds,Sledovanie všetkých aktualizačných kanálov,
Keeps track of all communications,Sleduje všetku komunikáciu,
Key,Kľúč,
Knowledge Base,Znalostná databáza,
Knowledge Base Contributor,Prispievateľ do databázy znalostí,
Knowledge Base Editor,Editor databázy znalostí,
LDAP Email Field,E-mailové pole LDAP,
LDAP First Name Field,Pole krstného mena LDAP,
LDAP Not Installed,LDAP nie je nainštalovaný,
LDAP Search String,Vyhľadávací reťazec LDAP,
"LDAP Search String needs to end with a placeholder, eg sAMAccountName={0}","Vyhľadávací reťazec LDAP musí končiť zástupným znakom, napr. sAMAccountName={0}",
LDAP Security,Zabezpečenie LDAP,
LDAP Server Url,URL adresa servera LDAP,
LDAP Username Field,Pole používateľského mena LDAP,
LDAP is not enabled.,LDAP nie je povolený.,
Label Help,Pomocník pre štítky,
Label and Type,Označenie a typ,
Label is mandatory,Označenie je povinné,
Landing Page,Cieľová stránka,
Language,Jazyk,
Language Code,Kód jazyka,
"Language, Date and Time settings","Nastavenia jazyka, dátumu a času",
Last Active,Posledný aktívny,
Last IP,Posledná IP adresa,
Last Known Versions,Posledné známe verzie,
Last Login,Posledné prihlásenie,
Last Message,Posledná správa,
Last Modified By,Naposledy upravil,
Last Modified Date,Dátum poslednej úpravy,
Last Modified On,Posledná úprava dňa,
Last Month,Posledný mesiac,
Last Point Allocation Date,Dátum posledného pridelenia bodu,
Last Quarter,Posledný štvrťrok,
Last Synced On,Naposledy synchronizované v,
Last Updated By,Posledná aktualizácia,
Last Updated On,Posledná aktualizácia na,
Last User,Posledný používateľ,
Last Week,Minulý týždeň,
Last Year,Minulý rok,
Last synced {0},Posledná synchronizácia {0},
Leave a Comment,Zanechať komentár,
Leave blank to repeat always,"Ak chcete opakovať vždy, nechajte prázdne",
Leave this conversation,Opustite túto konverzáciu,
Left this conversation,Opustil túto konverzáciu,
Length,Dĺžka,
Length of {0} should be between 1 and 1000,Dĺžka {0} by mala byť medzi 1 a 1000,
Let's avoid repeated words and characters,Vyhýbajme sa opakujúcim sa slovám a znakom,
Let's prepare the system for first use.,Pripravme systém na prvé použitie.,
Letter,List,
Letter Head Based On,Hlavička listu na základe,
Letter Head Image,Obrázok hlavičky listu,
Letter Head Name,Názov hlavičky listu,
Letter Head in HTML,Hlavička listu v HTML,
Level Name,Názov úrovne,
Liked,Obľúbené,
Liked By,Obľúbené podľa,
Liked by {0},Páči sa mi {0},
Likes,Páči sa mi,
Limit Number of DB Backups,Obmedzenie počtu záloh DB,
Line,Riadok,
Link DocType,Odkaz DocType,
Link Expired,Prepojenie Vypršala platnosť,
Link Name,Názov prepojenia,
Link Title,Názov odkazu,
"Link that is the website home page. Standard Links (index, login, products, blog, about, contact)","Odkaz, ktorý je domovskou stránkou webovej stránky. Štandardné odkazy (index, prihlásenie, produkty, blog, o nás, kontakt)",
Link to the page you want to open. Leave blank if you want to make it a group parent.,"Odkaz na stránku, ktorú chcete otvoriť. Ak chcete, aby bola nadradenou skupinou, nechajte prázdne miesto.",
Linked,Prepojenie,
Linked With,Prepojené s,
Linked with {0},prepojené s {0},
Links,Odkazy,
List,Zoznam,
List Filter,Filter zoznamu,
List View Setting,Nastavenie zobrazenia zoznamu,
List a document type,Zoznam typu dokumentu,
"List as [{""label"": _(""Jobs""), ""route"":""jobs""}]","Zoznam ako [{""label"": _(""Jobs""), ""route"": ""jobs""}]",
List of backups available for download,"Zoznam záloh, ktoré sú k dispozícii na prevzatie",
List of patches executed,Zoznam vykonaných záplat,
List of themes for Website.,Zoznam tém pre webové stránky.,
Load Balancing,Vyrovnávanie zaťaženia,
Loading,Načítanie,
Local DocType,Miestny typ DocType,
Local Fieldname,Miestny názov poľa,
Local Primary Key,Miestny primárny kľúč,
Locals,Miestni obyvatelia,
Log Details,Podrobnosti o denníku,
Log of Scheduler Errors,Protokol chýb plánovača,
Log of error during requests.,Záznam o chybách počas požiadaviek.,
Log of error on automated events (scheduler).,Protokol o chybách pri automatizovaných udalostiach (plánovač).,
Logged Out,Odhlásený,
Logged in as Guest or Administrator,Prihlásený ako hosť alebo správca,
Login,Prihlásenie,
Login After,Prihlásenie po,
Login Before,Prihlásenie pred,
Login Id is required,Vyžaduje sa prihlasovacie ID,
Login Required,Vyžaduje sa prihlásenie,
Login Verification Code from {},Kód overenia prihlásenia z {},
Login and view in Browser,Prihlásenie a zobrazenie v prehliadači,
Login not allowed at this time,Prihlásenie nie je v tomto čase povolené,
"Login session expired, refresh page to retry","Relácia prihlásenia vypršala, obnovte stránku a skúste to znova",
Login to comment,Prihlásenie na komentár,
Login token required,Vyžaduje sa prihlasovací token,
Login with LDAP,Prihlásenie pomocou LDAP,
Logout,Odhlásenie,
Long Text,Dlhý text,
Looks like something is wrong with this site's Paypal configuration.,"Zdá sa, že niečo nie je v poriadku s konfiguráciou Paypal na tejto stránke.",
Looks like something is wrong with this site's payment gateway configuration. No payment has been made.,"Zdá sa, že niečo nie je v poriadku s konfiguráciou platobnej brány tejto stránky. Nebola vykonaná žiadna platba.",
"Looks like something went wrong during the transaction. Since we haven't confirmed the payment, Paypal will automatically refund you this amount. If it doesn't, please send us an email and mention the Correlation ID: {0}.","Zdá sa, že počas transakcie sa niečo pokazilo. Keďže sme platbu nepotvrdili, Paypal vám túto sumu automaticky vráti. Ak sa tak nestane, pošlite nám e-mail a uveďte ID korelácie: {0}.",
Madam,Pani,
Main Section,Hlavná časť,
"Make ""name"" searchable in Global Search","Umožnenie vyhľadávania v položke ""meno"" v globálnom vyhľadávaní",
Make use of longer keyboard patterns,Využívajte dlhšie vzory klávesnice,
Manage Third Party Apps,Správa aplikácií tretích strán,
Mandatory Information missing:,Chýbajúce povinné informácie:,
Mandatory field: set role for,Povinné pole: nastaviť úlohu pre,
Mandatory field: {0},Povinné pole: {0},
"Mandatory fields required in table {0}, Row {1}","Povinné polia vyžadované v tabuľke {0}, riadok {1}",
Mandatory fields required in {0},Povinné polia vyžadované v {0},
Mandatory:,Povinné:,
Mapping Name,Názov mapovania,
Mappings,Mapovanie,
Mark as Read,Označiť ako prečítané,
Mark as Spam,Označiť ako spam,
Mark as Unread,Označiť ako neprečítané,
Markdown,Markdown,
Markdown Editor,Editor Markdown,
Marked As Spam,Označené ako spam,
Max 500 records at a time,Maximálne 500 záznamov naraz,
Max Attachment Size (in MB),Maximálna veľkosť prílohy (v MB),
Max Attachments,Maximálne prídavné zariadenia,
Max Length,Maximálna dĺžka,
Max Value,Maximálna hodnota,
Max width for type Currency is 100px in row {0},Maximálna šírka pre typ Mena je 100px v riadku {0},
Maximum Attachment Limit for this record reached.,Dosiahnutý maximálny limit príloh pre tento záznam.,
Maximum {0} rows allowed,Maximálne {0} povolených riadkov,
"Meaning of Submit, Cancel, Amend","Význam slov Submit, Cancel, Amend",
Mention transaction completion page URL,Spomenúť URL adresu stránky dokončenia transakcie,
Mentions,Zmienky,
Menu,Ponuka,
Merchant ID,ID obchodníka,
Merge with existing,Zlúčenie s existujúcimi,
Merging is only possible between Group-to-Group or Leaf Node-to-Leaf Node,Zlučovanie je možné len medzi skupinami alebo medzi jednotlivými uzlami.,
Message Count,Počet správ,
Message ID,ID správy,
Message Parameter,Parameter správy,
Message Preview,Náhľad správy,
Message clipped,Správa vystrihnutá,
Message not setup,Správa nie je nastavená,
Message to be displayed on successful completion (only for Guest users),"Správa, ktorá sa zobrazí po úspešnom dokončení (len pre hosťujúcich používateľov)",
Message-id,Message-id,
Meta Tags,Metaštítky,
Migration ID Field,Pole ID migrácie,
Milestone,Míľnik,
Milestone Tracker,Sledovanie míľnikov,
Minimum Password Score,Minimálne skóre hesla,
Miss,Slečna,
Missing Fields,Chýbajúce polia,
Missing parameter Kanban Board Name,Chýbajúci parameter Názov rady Kanban,
Missing parameters for login,Chýbajúce parametre pre prihlásenie,
Models (building blocks) of the Application,Modely (stavebné bloky) aplikácie,
Modified By,Upravené podľa,
Module,Modul,
Module Def,Definícia modulu,
Module Name,Názov modulu,
Module Not Found,Modul nebol nájdený,
Module Path,Cesta modulu,
Module to Export,Modul na export,
Modules HTML,Moduly HTML,
Monospace,Monospace,
More articles on {0},Viac článkov o {0},
More content for the bottom of the page.,Viac obsahu na spodok stránky.,
Most Used,Najpoužívanejšie,
Move To,Presun do,
Move To Trash,Presun do koša,
Move to Row Number,Presun na číslo riadku,
Mr,Pán,
Mrs,Pani,
Ms,Pani,
Multiple root nodes not allowed.,Nie je povolené používať viacero koreňových uzlov.,
Multiplier Field,Pole multiplikátora,
"Must be of type ""Attach Image""","Musí byť typu ""Pripojiť obrázok""",
Must have report permission to access this report.,Na prístup k tejto správe musíte mať oprávnenie na správu.,
Must specify a Query to run,"Musí zadať dotaz, ktorý sa má spustiť",
Mute Sounds,Stlmenie zvukov,
MyISAM,MyISAM,
Name Case,Názov Prípad,
Name cannot contain special characters like {0},Názov nemôže obsahovať špeciálne znaky ako {0},
Name not set via prompt,Názov nie je nastavený prostredníctvom výzvy,
Name of the Document Type (DocType) you want this field to be linked to. e.g. Customer,"Názov typu dokumentu (DocType), s ktorým má byť toto pole prepojené. napr. Zákazník",
Name of the new Print Format,Názov nového formátu tlače,
Name of {0} cannot be {1},Názov {0} nemôže byť {1},
Names and surnames by themselves are easy to guess.,Samotné mená a priezviská sa dajú ľahko uhádnuť.,
Naming,Pomenovanie,
"Naming Options:\n<ol><li><b>field:[fieldname]</b> - By Field</li><li><b>naming_series:</b> - By Naming Series (field called naming_series must be present</li><li><b>Prompt</b> - Prompt user for a name</li><li><b>[series]</b> - Series by prefix (separated by a dot); for example PRE.#####</li>\n<li><b>format:EXAMPLE-{MM}morewords{fieldname1}-{fieldname2}-{#####}</b> - Replace all braced words (fieldnames, date words (DD, MM, YY), series) with their value. Outside braces, any characters can be used.</li></ol>","Možnosti pomenovania:\n<ol><li><b>pole:[názov poľa]</b> - Podľa poľa</li><li><b>pomenovanie_série:</b> - Podľa pomenovania série (musí byť prítomné pole s názvom pomenovanie_série</li><li><b>Prompt</b> - Výzva používateľovi na zadanie názvu</li><li><b>[séria]</b> - Séria podľa prefixu (oddeleného bodkou); napríklad PRE.#####</li>\n<li><b>format:EXAMPLE-{MM}morewords{názov poľa1}-{názov poľa2}-{#####}</b> - Nahradí všetky slová v zátvorkách (názvy polí, dátumové slová (DD, MM, RR), série) ich hodnotou. Mimo zátvoriek možno použiť ľubovoľné znaky.</li></ol>",
Naming Series mandatory,Povinné pomenovanie série,
Nested set error. Please contact the Administrator.,Chyba vnorenej sady. Obráťte sa na správcu.,
New Activity,Nová aktivita,
New Chat,Nový chat,
New Comment on {0}: {1},Nový komentár k {0}: {1},
New Connection,Nové pripojenie,
New Custom Print Format,Nový vlastný formát tlače,
New Email,Nový e-mail,
New Email Account,Nové e-mailové konto,
New Event,Nové podujatie,
New Folder,Nový priečinok,
New Kanban Board,Nová tabuľa Kanban,
New Message from Website Contact Page,Nová správa z webovej stránky Kontakt,
New Name,Nový názov,
New Newsletter,Nový bulletin,
New Password,Nové heslo,
New Password Required.,Vyžaduje sa nové heslo.,
New Print Format Name,Názov nového formátu tlače,
New Report name,Nový názov správy,
New Value,Nová hodnota,
New data will be inserted.,Vložia sa nové údaje.,
New updates are available,K dispozícii sú nové aktualizácie,
New value to be set,"Nová hodnota, ktorá sa má nastaviť",
New {0},Nový {0},
New {} releases for the following apps are available,K dispozícii sú nové {} vydania pre nasledujúce aplikácie,
Newsletter Email Group,Skupina e-mailových noviniek,
Newsletter Manager,Správca informačného bulletinu,
Newsletter has already been sent,Spravodajca už bol odoslaný,
"Newsletters to contacts, leads.","Informačné bulletiny kontaktom, potenciálnym zákazníkom.",
Next Action Email Template,Ďalšia šablóna e-mailu s akciou,
Next Actions HTML,Ďalšie akcie HTML,
Next Schedule Date,Dátum nasledujúceho plánu,
Next Scheduled Date,Ďalší plánovaný dátum,
Next State,Ďalší štát,
Next Sync Token,Ďalší synchronizačný token,
Next actions,Ďalšie akcie,
No Active Sessions,Žiadne aktívne relácie,
No Copy,Žiadna kópia,
No Email Account,Žiadne e-mailové konto,
No Email Accounts Assigned,Žiadne priradené e-mailové kontá,
No Emails,Žiadne e-maily,
No Label,Žiadny štítok,
No Permissions Specified,Žiadne špecifikované oprávnenia,
No Permissions set for this criteria.,Pre toto kritérium nie sú nastavené žiadne oprávnenia.,
No Preview,Žiadny náhľad,
No Preview Available,Nie je k dispozícii žiadny náhľad,
No Printer is Available.,Nie je k dispozícii žiadna tlačiareň.,
No Results,Žiadne výsledky,
No Tags,Žiadne značky,
No alerts for today,Žiadne upozornenia pre dnešok,
No comments yet,Zatiaľ žiadne komentáre,
No comments yet. Start a new discussion.,Zatiaľ žiadne komentáre. Začnite novú diskusiu.,
No data found in the file. Please reattach the new file with data.,V súbore sa nenašli žiadne údaje. Pripojte nový súbor s údajmi.,
No document found for given filters,Pre dané filtre nebol nájdený žiadny dokument,
"No fields found that can be used as a Kanban Column. Use the Customize Form to add a Custom Field of type ""Select"".","Nenašli sa žiadne polia, ktoré by sa dali použiť ako stĺpec Kanban. Pomocou formulára Prispôsobiť pridajte vlastné pole typu ""Vybrať"".",
No file attached,Žiadny súbor nie je pripojený,
No further records,Žiadne ďalšie záznamy,
No matching records. Search something new,Žiadne zodpovedajúce záznamy. Vyhľadajte niečo nové,
"No need for symbols, digits, or uppercase letters.","Nie je potrebné používať symboly, číslice ani veľké písmená.",
No of Columns,Počet stĺpcov,
No of Rows (Max 500),Počet riadkov (max. 500),
No of emails remaining to be synced,Počet zostávajúcich e-mailov na synchronizáciu,
No permission for {0},Žiadne povolenie pre {0},
No permission to '{0}' {1},Žiadne povolenie na '{0}' {1},
No permission to read {0},Žiadne povolenie na čítanie {0},
No permission to {0} {1} {2},Žiadne povolenie na {0} {1} {2},
No records deleted,Žiadne vymazané záznamy,
No records present in {0},V položke {0} nie sú prítomné žiadne záznamy,
No records tagged.,Žiadne označené záznamy.,
No template found at path: {0},Na ceste nebola nájdená žiadna šablóna: {0},
No {0} found,Nenašlo sa žiadne {0},
No {0} mail,Nie {0} pošta,
No {0} permission,Žiadne povolenie {0},
None: End of Workflow,Žiadne: Koniec pracovného postupu,
Not Allowed: Disabled User,Nie je povolené: Zakázaný používateľ,
Not Ancestors Of,Nie predkovia,
Not Descendants Of,Nie potomkovia,
Not Equals,Nie rovná sa,
Not In,Nie je v,
Not Linked to any record,Nie je prepojený so žiadnym záznamom,
Not Published,Nezverejnené,
Not Saved,Nie je uložený,
Not Seen,Nevidené,
Not Sent,Neodoslané,
Not Set,Nie je nastavené,
Not a valid Comma Separated Value (CSV File),Nie je platná hodnota oddelená čiarkou (CSV súbor),
Not a valid User Image.,Nie je platný obrázok používateľa.,
Not a valid Workflow Action,Neplatná akcia pracovného postupu,
Not a valid user,Nie je platným používateľom,
Not a zip file,Nie je to súbor zip,
Not allowed for {0}: {1},Nie je povolené pre {0}: {1},
"You are not allowed to access {0} because it is linked to {1} '{2}' in row {3}, field {4}","Nemáte povolený prístup k {0}, pretože je prepojený s {1} '{2}' v riadku {3}, pole {4}",
You are not allowed to access this {0} record because it is linked to {1} '{2}' in field {3},"K tomuto záznamu {0} nemáte prístup, pretože je prepojený so záznamom {1} ""{2}"" v poli {3}",
Not allowed to Import,Nie je povolené dovážať,
Not allowed to change {0} after submission,Nie je povolené meniť {0} po odoslaní,
Not allowed to print cancelled documents,Nie je povolené tlačiť zrušené dokumenty,
Not allowed to print draft documents,Nie je povolené tlačiť návrhy dokumentov,
Not enough permission to see links,Nedostatočné povolenie na zobrazenie odkazov,
Not in Developer Mode,Nie v režime pre vývojárov,
Not in Developer Mode! Set in site_config.json or make 'Custom' DocType.,"Nie v režime pre vývojárov! Nastavte v site_config.json alebo vytvorte ""Vlastný"" DocType.",
Note Seen By,Poznámka Videl,
Note:,Poznámka:,
Note: By default emails for failed backups are sent.,Poznámka: V predvolenom nastavení sa odosielajú e-maily pre neúspešné zálohovanie.,
Note: Changing the Page Name will break previous URL to this page.,Poznámka: Zmena názvu stránky spôsobí prerušenie predchádzajúcej adresy URL na túto stránku.,
"Note: For best results,  images must be of the same size and width must be greater than height.",Poznámka: Pre dosiahnutie najlepších výsledkov musia mať obrázky rovnakú veľkosť a šírka musí byť väčšia ako výška.,
Note: Multiple sessions will be allowed in case of mobile device,Poznámka: V prípade mobilného zariadenia bude povolených viacero relácií.,
Nothing to show,Nič na ukážku,
Nothing to update,Nič na aktualizáciu,
Notification,Oznámenie,
Notification Recipient,Príjemca oznámenia,
Notification Tones,Tóny oznámení,
Notifications,Oznámenia,
Notifications and bulk mails will be sent from this outgoing server.,Z tohto odchádzajúceho servera sa budú odosielať oznámenia a hromadné e-maily.,
Notify Users On Every Login,Upozorniť používateľov pri každom prihlásení,
Notify if unreplied,"Upozorniť, ak sa neodpovedá",
Notify if unreplied for (in mins),"Upozorniť, ak sa neodpovedalo (v minútach)",
Notify users with a popup when they log in,Upozornenie používateľov pomocou vyskakovacieho okna pri prihlásení,
Number Format,Formát čísla,
Number of Backups,Počet záloh,
Number of DB Backups,Počet záloh DB,
Number of DB backups cannot be less than 1,Počet záloh DB nemôže byť menší ako 1,
Number of columns for a field in a Grid (Total Columns in a grid should be less than 11),Počet stĺpcov pre pole v mriežke (celkový počet stĺpcov v mriežke by mal byť menší ako 11),
Number of columns for a field in a List View or a Grid (Total Columns should be less than 11),Počet stĺpcov pre pole v zobrazení zoznamu alebo mriežky (celkový počet stĺpcov by mal byť menší ako 11),
OAuth Authorization Code,Autorizačný kód OAuth,
OAuth Bearer Token,Token nosiča OAuth,
OAuth Client,Klient OAuth,
OAuth Provider Settings,Nastavenia poskytovateľa OAuth,
OTP App,Aplikácia OTP,
OTP Issuer Name,Názov vydavateľa OTP,
OTP Secret has been reset. Re-registration will be required on next login.,Tajné OTP bolo resetované. Pri ďalšom prihlásení sa bude vyžadovať opätovná registrácia.,
OTP secret can only be reset by the Administrator.,Tajné OTP môže resetovať iba správca.,
Office,Kancelária,
Office 365,Office 365,
Old Password,Staré heslo,
Old Password Required.,Vyžaduje sa staré heslo.,
Older backups will be automatically deleted,Staršie zálohy sa automaticky odstránia,
"On {0}, {1} wrote:","Na {0}, {1} napísal:",
"Once submitted, submittable documents cannot be changed. They can only be Cancelled and Amended.",Raz predložené dokumenty nie je možné meniť. Možno ich len zrušiť a zmeniť.,
"Once you have set this, the users will only be able access documents (eg. Blog Post) where the link exists (eg. Blogger).","Po nastavení tejto funkcie budú mať používatelia prístup len k dokumentom (napr. k príspevku na blogu), na ktoré existuje odkaz (napr. Blogger).",
One Last Step,Posledný krok,
One Time Password (OTP) Registration Code from {},Registračný kód jednorazového hesla (OTP) z {},
Only 200 inserts allowed in one request,V jednej žiadosti je povolených len 200 vložení,
Only Administrator can delete Email Queue,E-mailovú frontu môže vymazať iba správca,
Only Administrator can edit,Upravovať môže iba správca,
Only Administrator can save a standard report. Please rename and save.,Štandardnú správu môže uložiť iba správca. Pomenujte a uložte ju.,
Only Administrator is allowed to use Recorder,Iba správca môže používať záznamník,
Only Allow Edit For,Povoliť úpravu len pre,
Only Send Records Updated in Last X Hours,Odoslať iba záznamy aktualizované za posledných X hodín,
Only mandatory fields are necessary for new records. You can delete non-mandatory columns if you wish.,Pre nové záznamy sú potrebné len povinné polia. Nepovinné stĺpce môžete v prípade potreby vymazať.,
Only standard DocTypes are allowed to be customized from Customize Form.,Z funkcie Prispôsobiť formulár je možné prispôsobiť iba štandardné typy dokumentov.,
Only users involved in the document are listed,"V zozname sú uvedení len používatelia, ktorí sa podieľajú na dokumente",
Only {0} emailed reports are allowed per user,Na jedného používateľa sú povolené len {0} e-mailové správy,
Oops! Something went wrong,Ups! Niečo sa pokazilo,
"Oops, you are not allowed to know that","Ups, to nesmiete vedieť",
Open Link,Otvoriť prepojenie,
Open Source Applications for the Web,Aplikácie s otvoreným zdrojovým kódom pre web,
Open Translation,Otvorený preklad,
Open a dialog with mandatory fields to create a new record quickly,Otvorenie dialógového okna s povinnými poľami na rýchle vytvorenie nového záznamu,
Open a module or tool,Otvorenie modulu alebo nástroja,
Open your authentication app on your mobile phone.,Otvorte aplikáciu na overovanie v mobilnom telefóne.,
Open {0},Otvoriť {0},
Opened,Otvorené,
Operator must be one of {0},Operátor musí byť jeden z {0},
Option 1,Možnosť 1,
Option 2,Možnosť 2,
Option 3,Možnosť 3,
Optional: Always send to these ids. Each Email Address on a new row,Voliteľné: Vždy posielajte na tieto identifikátory. Každá e-mailová adresa na novom riadku,
Optional: The alert will be sent if this expression is true,"Voliteľné: Upozornenie sa odošle, ak je tento výraz true",
Options 'Dynamic Link' type of field must point to another Link Field with options as 'DocType',Možnosti typu poľa 'Dynamic Link' musia odkazovať na iné pole Link s možnosťami ako 'DocType',
Options Help,Možnosti pomoci,
Options for select. Each option on a new line.,Možnosti výberu. Každá možnosť na novom riadku.,
Options not set for link field {0},Možnosti nie sú nastavené pre pole odkazu {0},
Or login with,Alebo sa prihláste pomocou,
Order,Objednávka,
Org History,História organizácie,
Org History Heading,Org História Záhlavie,
Orientation,Orientácia,
Original Value,Pôvodná hodnota,
Outgoing email account not correct,Odchádzajúce e-mailové konto nie je správne,
Outlook.com,Outlook.com,
Output,Výstup,
PDF,PDF,
PDF Page Size,Veľkosť strany PDF,
PDF Settings,Nastavenia PDF,
PDF generation failed,Generovanie PDF zlyhalo,
PDF generation failed because of broken image links,Generovanie PDF zlyhalo kvôli nefunkčným odkazom na obrázky,
"PDF printing via ""Raw Print"" is not yet supported. Please remove the printer mapping in Printer Settings and try again.","Tlač PDF prostredníctvom funkcie ""Raw Print"" zatiaľ nie je podporovaná. Odstráňte mapovanie tlačiarne v Nastaveniach tlačiarne a skúste to znova.",
Page HTML,Stránka HTML,
Page Length,Dĺžka strany,
Page Name,Názov stránky,
Page Settings,Nastavenia stránky,
Page has expired!,Platnosť stránky vypršala!,
Page not found,Stránka nebola nájdená,
Page to show on the website\n,"Stránka, ktorá sa má zobraziť na webovej stránke\n",
Pages in Desk (place holders),Stránky v sekcii Písomná práca (zástupcovia),
Parent,Rodič,
Parent Error Snapshot,Snímka chyby rodiča,
Parent Label,Rodičovský štítok,
Parent Table,Nadradená tabuľka,
Parent is required to get child table data,Na získanie údajov z tabuľky dieťaťa je potrebný rodič,
Parent is the name of the document to which the data will get added to.,"Nadriadený je názov dokumentu, do ktorého sa údaje pridajú.",
Partial Success,Čiastočný úspech,
Partially Successful,Čiastočne úspešný,
Participants,Účastníci,
Passive,Pasívne,
Password Reset,Obnovenie hesla,
Password Updated,Heslo aktualizované,
Password for Base DN,Heslo pre základné DN,
Password is required or select Awaiting Password,Vyžaduje sa heslo alebo vyberte položku Čaká sa na heslo,
Password not found,Heslo nebolo nájdené,
Password reset instructions have been sent to your email,Pokyny na obnovenie hesla boli odoslané na váš e-mail,
Paste,Vložiť,
Patch,Záplata,
Patch Log,Denník záplat,
Path to CA Certs File,Cesta k súboru certifikátov CA,
Path to Server Certificate,Cesta k certifikátu servera,
Path to private Key File,Cesta k súboru súkromného kľúča,
PayPal Settings,Nastavenia služby PayPal,
PayPal payment gateway settings,Nastavenia platobnej brány PayPal,
Payment Cancelled,Platba zrušená,
Payment Success,Úspešná platba,
Pending Approval,Čaká na schválenie,
Pending Verification,Čaká sa na overenie,
Percent,Percentá,
Percent Complete,Percento dokončenia,
Perm Level,Úroveň trvalého pobytu,
Permanent,Trvalé,
Permanently Cancel {0}?,Trvalo zrušiť {0}?,
Permanently Submit {0}?,Trvalo odoslať {0}?,
Permanently delete {0}?,Trvalo vymazať {0}?,
Permission Error,Chyba povolenia,
Permission Level,Úroveň povolenia,
Permission Levels,Úrovne povolenia,
Permission Rules,Pravidlá udeľovania povolení,
Permissions,Oprávnenia,
Permissions are automatically applied to Standard Reports and searches.,Oprávnenia sa automaticky aplikujú na štandardné zostavy a vyhľadávania.,
"Permissions are set on Roles and Document Types (called DocTypes) by setting rights like Read, Write, Create, Delete, Submit, Cancel, Amend, Report, Import, Export, Print, Email and Set User Permissions.","Oprávnenia sa nastavujú na roliach a typoch dokumentov (nazývaných DocTypes) nastavením práv, ako je čítanie, zápis, vytvorenie, vymazanie, odoslanie, zrušenie, zmena, správa, import, export, tlač, e-mail a nastavenie oprávnení používateľa.",
Permissions at higher levels are Field Level permissions. All Fields have a Permission Level set against them and the rules defined at that permissions apply to the field. This is useful in case you want to hide or make certain field read-only for certain Roles.,"Oprávnenia na vyšších úrovniach sú oprávnenia na úrovni polí. Všetky polia majú nastavenú úroveň oprávnenia a pravidlá definované na tejto úrovni oprávnenia sa vzťahujú na dané pole. To je užitočné v prípade, že chcete určité pole skryť alebo ho urobiť len na čítanie pre určité roly.",
"Permissions at level 0 are Document Level permissions, i.e. they are primary for access to the document.","Oprávnenia na úrovni 0 sú oprávnenia na úrovni dokumentu, t. j. sú primárne pre prístup k dokumentu.",
Permissions get applied on Users based on what Roles they are assigned.,"Oprávnenia sa na používateľov uplatňujú na základe rolí, ktoré im boli pridelené.",
Personal,Osobné,
Personal Data Deletion Request,Žiadosť o vymazanie osobných údajov,
Personal Data Download Request,Žiadosť o stiahnutie osobných údajov,
Phone No.,Telefónne číslo,
Pick Columns,Výber stĺpcov,
Plant,Rastlina,
Please Duplicate this Website Theme to customize.,"Prosím, duplikujte túto webovú tému na prispôsobenie.",
Please Enter Your Password to Continue,"Prosím, zadajte svoje heslo pre pokračovanie",
Please Install the ldap3 library via pip to use ldap functionality.,"Nainštalujte knižnicu ldap3 cez pip, aby ste mohli používať funkcie ldap.",
Please Update SMS Settings,Aktualizujte nastavenia SMS,
Please add a subject to your email,Do e-mailu uveďte predmet,
Please ask your administrator to verify your sign-up,Požiadajte svojho správcu o overenie prihlásenia,
Please attach a file first.,Najskôr priložte súbor.,
Please attach an image file to set HTML,"Priložte prosím súbor s obrázkom, aby ste mohli nastaviť HTML",
Please check your email for verification,Skontrolujte si prosím svoj e-mail pre overenie,
Please check your registered email address for instructions on how to proceed. Do not close this window as you will have to return to it.,"Skontrolujte svoju registrovanú e-mailovú adresu, kde nájdete pokyny, ako postupovať. Nezatvárajte toto okno, pretože sa doň budete musieť vrátiť.",
Please close this window,"Prosím, zatvorte toto okno",
Please confirm your action to {0} this document.,"Prosím, potvrďte svoj krok k {0} tomuto dokumentu.",
Please do not change the rows above {0},"Prosím, nemeňte riadky nad {0}",
Please do not change the template headings.,Nemeňte nadpisy šablón.,
Please duplicate this to make changes,Zduplikujte to a vykonajte zmeny,
Please enable developer mode to create new connection,"Ak chcete vytvoriť nové pripojenie, povoľte režim pre vývojárov",
Please ensure that your profile has an email address,"Skontrolujte, či je vo vašom profile uvedená e-mailová adresa",
Please enter Access Token URL,Zadajte adresu URL prístupového tokenu,
Please enter Authorize URL,Zadajte adresu URL autorizácie,
Please enter Base URL,Zadajte prosím základnú adresu URL,
Please enter Client ID before social login is enabled,Pred povolením prihlásenia do sociálnej siete zadajte ID klienta,
Please enter Client Secret before social login is enabled,Pred povolením sociálneho prihlásenia zadajte Tajomstvo klienta,
Please enter Redirect URL,Zadajte prosím adresu URL presmerovania,
Please enter the password,Zadajte heslo,
Please enter valid mobile nos,Zadajte platné mobilné číslo,
Please enter values for App Access Key and App Secret Key,Zadajte hodnoty pre prístupový kľúč aplikácie a tajný kľúč aplikácie,
Please make sure that there are no empty columns in the file.,"Uistite sa, že v súbore nie sú žiadne prázdne stĺpce.",
Please make sure the Reference Communication Docs are not circularly linked.,"Uistite sa, že referenčné komunikačné dokumenty nie sú kruhovo prepojené.",
Please refresh to get the latest document.,"Ak chcete získať najnovší dokument, obnovte ho.",
Please save before attaching.,Pred pripojením ho uložte.,
Please save the Newsletter before sending,Pred odoslaním si prosím uložte Newsletter,
Please save the document before assignment,Pred zadaním úlohy dokument uložte,
Please save the document before removing assignment,Pred odstránením zadania uložte dokument,
Please save the report first,Najskôr správu uložte,
Please select DocType first,Najskôr vyberte DocType,
Please select Entity Type first,Najprv vyberte typ subjektu,
Please select Minimum Password Score,"Prosím, vyberte Minimálne skóre hesla",
Please select a Amount Field.,Vyberte pole s čiastkou.,
Please select a file or url,Vyberte súbor alebo url adresu,
Please select a new name to rename,"Vyberte nový názov, ktorý chcete premenovať",
Please select a valid csv file with data,"Prosím, vyberte platný súbor csv s údajmi",
Please select another payment method. PayPal does not support transactions in currency '{0}',"Vyberte si iný spôsob platby. PayPal nepodporuje transakcie v mene ""{0}",
Please select another payment method. Razorpay does not support transactions in currency '{0}',Vyberte si iný spôsob platby. Razorpay nepodporuje transakcie v mene '{0}',
Please select atleast 1 column from {0} to sort/group,Vyberte aspoň 1 stĺpec z {0} na triedenie/skupinu,
Please select document type first.,Najprv vyberte typ dokumentu.,
Please select the Document Type.,Vyberte typ dokumentu.,
Please set Base URL in Social Login Key for Frappe,"Prosím, nastavte základnú adresu URL v Social Login Key pre Frappe",
Please set Dropbox access keys in your site config,Nastavte prístupové kľúče k službe Dropbox v konfigurácii stránky,
Please set a printer mapping for this print format in the Printer Settings,V nastavení tlačiarne nastavte mapovanie tlačiarne pre tento formát tlače,
Please set filters,Nastavte prosím filtre,
Please set filters value in Report Filter table.,Nastavte hodnotu filtrov v tabuľke Filtre zostáv.,
"Please setup SMS before setting it as an authentication method, via SMS Settings",Pred nastavením SMS ako metódy overovania ju nastavte prostredníctvom Nastavení SMS.,
Please setup a message first,Najskôr nastavte správu,
Please specify which date field must be checked,"Uveďte, ktoré dátumové pole musí byť začiarknuté",
Please specify which value field must be checked,"Uveďte, ktoré pole hodnoty sa musí skontrolovať",
Please try again,Skúste to prosím znova,
Please verify your Email Address,Overte si prosím svoju e-mailovú adresu,
Point Allocation Periodicity,Periodicita prideľovania bodov,
Points,Body,
Points Given,Dané body,
Port,Prístav,
Portal Menu,Menu portálu,
Portal Menu Item,Položka ponuky portálu,
Post,Príspevok,
Post Comment,Komentár k príspevku,
Postal,Pošta,
Postal Code,Poštové smerovacie číslo,
Postprocess Method,Metóda následného spracovania,
Posts,Príspevky,
Posts by {0},Príspevky od {0},
Posts filed under {0},Príspevky podané v rámci {0},
Precision,Presnosť,
Precision should be between 1 and 6,Presnosť by mala byť medzi 1 a 6,
Predictable substitutions like '@' instead of 'a' don't help very much.,"Predvídateľné zámeny ako ""@"" namiesto ""a"" veľmi nepomáhajú.",
Preferred Billing Address,Uprednostňovaná fakturačná adresa,
Preferred Shipping Address,Uprednostňovaná adresa prepravy,
Prepared Report,Pripravená správa,
Preparing Report,Príprava správy,
Preprocess Method,Metóda predbežného spracovania,
Press Enter to save,Stlačením tlačidla Enter uložte,
Preview HTML,Náhľad HTML,
Preview Message,Náhľad správy,
Previous,Predchádzajúci,
Previous Hash,Predchádzajúci Hash,
Primary Color,Primárna farba,
Print Documents,Tlač dokumentov,
Print Format Builder,Tvorca formátu tlače,
Print Format Help,Pomocník pre formát tlače,
Print Format Type,Typ formátu tlače,
Print Format {0} is disabled,Formát tlače {0} je vypnutý,
Print Hide,Vytlačiť Skryť,
Print Hide If No Value,Tlač Skryť Ak nie je hodnota,
Print Sent to the printer!,Tlač Odoslané do tlačiarne!,
Print Server,Tlačový server,
Print Style,Štýl tlače,
Print Style Name,Názov štýlu tlače,
Print Style Preview,Náhľad štýlu tlače,
Print Width,Šírka tlače,
"Print Width of the field, if the field is a column in a table","Tlač Šírka poľa, ak je pole stĺpec v tabuľke",
Print with letterhead,Tlač s hlavičkovým papierom,
Printer,Tlačiareň,
Printer Mapping,Mapovanie tlačiarne,
Printer Name,Názov tlačiarne,
Printer Settings,Nastavenia tlačiarne,
Printing failed,Tlač zlyhala,
Private Key,Súkromný kľúč,
Private and public Notes.,Súkromné a verejné Poznámky.,
ProTip: Add <code>Reference: {{ reference_doctype }} {{ reference_name }}</code> to send document reference,ProTip: Pridajte <code>Referencia: {{ reference_doctype }} {{ názov_referencie }}</kód> na odoslanie odkazu na dokument,
Processing,Spracovanie,
Processing...,Spracovanie...,
Prof,Prof.,
Progress,Pokrok,
Property Setter,Nastavovač vlastností,
Property Setter overrides a standard DocType or Field property,Property Setter prepíše štandardnú vlastnosť DocType alebo Field,
Property Type,Typ nehnuteľnosti,
Provider,Poskytovateľ,
Provider Name,Názov poskytovateľa,
Public Key,Verejný kľúč,
Publishable Key,Publikovateľný kľúč,
Published On,Uverejnené na,
Pull,Vytiahnuť,
Pull Failed,Ťahanie zlyhalo,
Pull Insert,Vložka Pull Insert,
Pull Update,Aktualizácia ťahania,
Push,Push,
Push Delete,Stlačte tlačidlo Odstrániť,
Push Failed,Tlačenie zlyhalo,
Push Insert,Push Insert,
Push Update,Aktualizácia tlačidiel,
Python Module,Modul Python,
Pyver,Pyver,
QR Code,Kód QR,
QR Code for Login Verification,Kód QR na overenie prihlásenia,
QZ Tray Connection Active!,Pripojenie zásobníka QZ aktívne!,
QZ Tray Failed: ,QZ zásobník zlyhal:,
Quarter Day,Štvrťročný deň,
Query,Dotaz,
Query Report,Správa o požiadavkách,
Query must be a SELECT,Dotaz musí byť SELECT,
Queue should be one of {0},Fronta by mala byť jedna z {0},
Queued for backup. It may take a few minutes to an hour.,Čaká sa na zálohu. Môže to trvať niekoľko minút až hodinu.,
Queued for backup. You will receive an email with the download link,Čaká sa na zálohu. Dostanete e-mail s odkazom na stiahnutie,
Quick Help for Setting Permissions,Rýchla pomoc pre nastavenie oprávnení,
Rating: ,Hodnotenie:,
Raw Commands,Surové príkazy,
Raw Email,Nespracovaný e-mail,
Raw Printing,Surová tlač,
Razorpay Payment gateway settings,Nastavenia platobnej brány Razorpay,
Razorpay Settings,Nastavenia Razorpay,
Re: ,Re:,
Re: {0},Re: {0},
Read,Prečítajte si,
Read Only,Len na čítanie,
Read by Recipient,Číta príjemca,
Read by Recipient On,Čítané príjemcom na,
Rebuild,Prestavba,
Receiver Parameter,Parameter prijímača,
Recent years are easy to guess.,Posledné roky sa dajú ľahko odhadnúť.,
Recipient,Príjemca,
Recipient Unsubscribed,Príjemca zrušil odber,
Record does not exist,Záznam neexistuje,
Records for following doctypes will be filtered,Záznamy pre nasledujúce typy dokumentov budú filtrované,
Redirect To,Presmerovanie na,
Redirect URI Bound To Auth Code,Presmerovanie URI viazané na autorizačný kód,
Redirect URIs,Presmerovanie URI,
Redis cache server not running. Please contact Administrator / Tech support,Server vyrovnávacej pamäte Redis nie je spustený. Obráťte sa na správcu/technickú podporu,
Ref DocType,Ref DocType,
Ref Report DocType,Ref Správa DocType,
Reference DocName,Referencia DocName,
Reference DocType and Reference Name are required,Referencia DocType a Referenčný názov sú povinné,
Reference Report,Referenčná správa,
Reference: {0} {1},Odkaz: {0} {1},
Refreshing...,Obnovujem...,
Register OAuth Client App,Registrácia aplikácie klienta OAuth,
Registered but disabled,"Registrovaný, ale vypnutý",
Relapsed,Relaps,
Relapses,Relapsy,
Relink,Prepojenie,
Relink Communication,Relink Communication,
Relinked,Prepojenie,
Reload,Znovu načítať,
Remember Last Selected Value,Zapamätať si poslednú zvolenú hodnotu,
Remote,Vzdialená adresa,
Remote Fieldname,Vzdialený názov poľa,
Remote ID,Vzdialené ID,
Remote Objectname,Vzdialený názov objektu,
Remote Primary Key,Vzdialený primárny kľúč,
Remove,Odstránenie stránky,
Remove Field,Odstrániť pole,
Remove Filter,Odstrániť filter,
Remove Section,Odstránenie sekcie,
Remove Tag,Odstrániť značku,
Remove all customizations?,Odstrániť všetky prispôsobenia?,
Removed {0},Odstránené {0},
Rename many items by uploading a .csv file.,Premenujte mnoho položiek nahraním súboru .csv.,
Rename {0},Premenovať {0},
Repeat Header and Footer in PDF,Opakovanie záhlavia a päty v PDF,
Repeat On,Opakovať zapnuté,
Repeat Till,"Opakujte, kým",
Repeat on Day,Opakujte v deň,
Repeat this Event,Opakovanie tejto udalosti,
"Repeats like ""aaa"" are easy to guess","Opakovania ako ""aaa"" sa dajú ľahko uhádnuť",
"Repeats like ""abcabcabc"" are only slightly harder to guess than ""abc""","Opakovania ako ""abcabcabc"" je len o niečo ťažšie uhádnuť ako ""abc"".",
Reply,Odpoveď,
Reply All,Odpovedať všetko,
Report End Time,Čas ukončenia správy,
Report Filters,Filtre správ,
Report Hide,Správa Skryť,
Report Manager,Správca správ,
Report Name,Názov správy,
Report Start Time,Čas spustenia správy,
Report cannot be set for Single types,Správa sa nedá nastaviť pre jednotlivé typy,
Report of all document shares,Správa o všetkých zdieľaných dokumentoch,
Report updated successfully,Správa bola úspešne aktualizovaná,
Report was not saved (there were errors),Správa nebola uložená (vyskytli sa chyby),
Report {0},Nahlásiť {0},
Report {0} is disabled,Hlásenie {0} je vypnuté,
Report:,Správa:,
Represents a User in the system.,Reprezentuje používateľa v systéme.,
Represents the states allowed in one document and role assigned to change the state.,Predstavuje stavy povolené v jednom dokumente a rolu pridelenú na zmenu stavu.,
Request Timed Out,Žiadosť vypršala,
Request URL,Adresa URL žiadosti,
Require Trusted Certificate,Vyžadovať dôveryhodný certifikát,
Res: {0},Rez: {0},
Reset OTP Secret,Obnovenie tajného OTP,
Reset Password,Obnovenie hesla,
Reset Password Key,Kľúč na obnovenie hesla,
Reset Permissions for {0}?,Obnoviť oprávnenia pre {0}?,
Reset to defaults,Obnovenie predvolených nastavení,
Reset your password,Obnovenie hesla,
Response Type,Typ odpovede,
Restore,Obnovenie,
Restore Original Permissions,Obnovenie pôvodných oprávnení,
Restore or permanently delete a document.,Obnovenie alebo trvalé odstránenie dokumentu.,
Restore to default settings?,Obnovenie predvolených nastavení?,
Restored,Obnovená stránka,
Restrict IP,Obmedzenie IP,
Restrict To Domain,Obmedziť na doménu,
Restrict user for specific document,Obmedzenie používateľa pre konkrétny dokument,
Restrict user from this IP address only. Multiple IP addresses can be added by separating with commas. Also accepts partial IP addresses like (111.111.111),"Obmedziť používateľa len z tejto IP adresy. Viacero IP adries je možné pridať oddelením čiarkami. Akceptuje aj čiastočné IP adresy, napríklad (111.111.111)",
Resume Sending,Odoslanie životopisu,
Retake,Opätovné prevzatie,
Retry,Opakovanie,
Return to the Verification screen and enter the code displayed by your authentication app,Vráťte sa na obrazovku Overenie a zadajte kód zobrazený vašou aplikáciou na overovanie.,
Reverse Icon Color,Farba obrátenej ikony,
Revert,Vrátiť,
Revert Of,Vrátiť z,
Reverted,Obrátený,
Review Level,Úroveň preskúmania,
Review Levels,Úrovne preskúmania,
Review Points,Kontrolné body,
Reviews,Recenzie,
Revoke,Zrušiť,
Revoked,Odvolané,
Rich Text,Bohatý text,
Robots.txt,Súbor Robots.txt,
Role Name,Názov úlohy,
Role Permission for Page and Report,Povolenie rolí pre stránku a správu,
Role Permissions,Oprávnenia rolí,
Role Profile,Profil úlohy,
Role and Level,Úloha a úroveň,
Roles,Úlohy,
Roles Assigned,Pridelené úlohy,
Roles can be set for users from their User page.,Roles môžete nastaviť pre používateľov na ich stránke Používateľ.,
Root {0} cannot be deleted,Koreň {0} nemožno vymazať,
Round Robin,Okrúhly turnaj,
Route History,História trasy,
Route Redirects,Presmerovanie trasy,
Route to Success Link,Cesta k úspechu Odkaz,
Row,Riadok,
Row #{0}:,Riadok #{0}:,
Row Index,Index riadkov,
Row No,Riadok č.,
Row Status,Stav riadku,
Row Values Changed,Zmena hodnôt riadkov,
Row {0}: Not allowed to disable Mandatory for standard fields,Riadok {0}: Nie je povolené vypnúť Povinné pre štandardné polia,
Row {0}: Not allowed to enable Allow on Submit for standard fields,Riadok {0}: Nie je povolené povoliť Allow on Submit pre štandardné polia,
Rows Added,Pridané riadky,
Rows Removed,Odstránené riadky,
Rule,Pravidlo,
Rule Name,Názov pravidla,
Rules defining transition of state in the workflow.,Pravidlá definujúce prechod stavu v pracovnom postupe.,
"Rules for how states are transitions, like next state and which role is allowed to change state etc.","Pravidlá pre prechody medzi stavmi, ako napríklad ďalší stav a rola, ktorá môže zmeniť stav atď.",
Run,Spustiť,
Run scheduled jobs only if checked,"Spúšťať naplánované úlohy, len ak je začiarknuté",
S3 Backup Settings,Nastavenia zálohovania S3,
S3 Backup complete!,Zálohovanie S3 dokončené!,
SMS,SMS,
SMS Gateway URL,Adresa URL brány SMS,
SMS Parameter,Parameter SMS,
SMS Settings,Nastavenia SMS,
SMS sent to following numbers: {0},SMS odoslané na nasledujúce čísla: {0},
SMTP Server,Server SMTP,
SMTP Settings for outgoing emails,Nastavenia SMTP pre odchádzajúce e-maily,
"SQL Conditions. Example: status=""Open""","Podmienky SQL. Príklad: status=""Open""",
SSL/TLS Mode,Režim SSL/TLS,
Salesforce,Salesforce,
Same Field is entered more than once,To isté pole je zadané viac ako raz,
Save API Secret: ,Uložiť tajomstvo API:,
Save As,Uložiť ako,
Save Filter,Uložiť filter,
Save Report,Uložiť správu,
Save filters,Uložiť filtre,
Saving,Ukladanie,
Saving...,Úspora...,
Scan the QR Code and enter the resulting code displayed.,Naskenujte kód QR a zadajte zobrazený kód.,
Scopes,Rozsahy,
Script,Skript,
Script Report,Správa o scenári,
Script or Query reports,Skript alebo hlásenia dotazov,
Script to attach to all web pages.,Skript na pripojenie ku všetkým webovým stránkam.,
Search Fields,Vyhľadávacie polia,
Search Help,Vyhľadávanie Pomocník,
Search field {0} is not valid,Vyhľadávacie pole {0} nie je platné,
Search for '{0}',Hľadať '{0}',
Search for anything,Vyhľadávanie čohokoľvek,
Search in a document type,Vyhľadávanie v type dokumentu,
Search or Create a New Chat,Vyhľadávanie alebo vytvorenie nového chatu,
Search or type a command,Vyhľadávanie alebo zadanie príkazu,
Search...,Vyhľadávanie...,
Searching,Vyhľadávanie,
Searching ...,Vyhľadávanie...,
Section Break,Prestávka v sekcii,
Section Heading,Nadpis sekcie,
Security,Zabezpečenie,
Security Settings,Nastavenia zabezpečenia,
See all past reports.,Pozrite si všetky predchádzajúce správy.,
See on Website,Pozri na webovej lokalite,
See the document at {0},Pozri dokument na {0},
Seems API Key or API Secret is wrong !!!,"Zdá sa, že kľúč API alebo tajomstvo API je nesprávne!!!",
Seems Publishable Key or Secret Key is wrong !!!,"Zdá sa, že publikovateľný kľúč alebo tajný kľúč je nesprávny !!!",
"Seems issue with server's razorpay config. Don't worry, in case of failure amount will get refunded to your account.","Zdá sa, že problém s konfiguráciou servera razorpay. Nebojte sa, v prípade neúspechu vám bude suma vrátená na účet.",
Seems token you are using is invalid!,"Zdá sa, že používaný token je neplatný!",
Seen,Videné na,
Seen By,Videné podľa,
Seen By Table,Videné podľa tabuľky,
Select Attachments,Vyberte prílohy,
Select Child Table,Vybrať tabuľku dieťaťa,
Select Column,Vyberte stĺpec,
Select Columns,Vybrať stĺpce,
Select Document Type,Vyberte typ dokumentu,
Select Document Type or Role to start.,Vyberte typ dokumentu alebo rolu a začnite.,
Select Document Types to set which User Permissions are used to limit access.,"Výberom položky Typy dokumentov nastavte, ktoré používateľské oprávnenia sa použijú na obmedzenie prístupu.",
Select File Format,Vyberte formát súboru,
Select File Type,Vyberte typ súboru,
Select Language...,Vyberte jazyk...,
Select Languages,Vybrať jazyky,
Select Module,Vybrať modul,
Select Print Format,Vyberte formát tlače,
Select Print Format to Edit,Výber formátu tlače na úpravu,
Select Role,Vyberte úlohu,
Select Table Columns for {0},Výber stĺpcov tabuľky pre {0},
Select Your Region,Vyberte svoj región,
Select a Brand Image first.,Najprv vyberte obrázok značky.,
Select a DocType to make a new format,Výber typu dokumentu na vytvorenie nového formátu,
Select a chat to start messaging.,"Ak chcete začať posielať správy, vyberte chat.",
Select a group node first.,Najprv vyberte uzol skupiny.,
Select an existing format to edit or start a new format.,"Vyberte existujúci formát, ktorý chcete upraviť, alebo spustite nový formát.",
Select an image of approx width 150px with a transparent background for best results.,Pre dosiahnutie najlepších výsledkov vyberte obrázok so šírkou približne 150px a priehľadným pozadím.,
Select atleast 1 record for printing,Vyberte aspoň 1 záznam na tlač,
Select or drag across time slots to create a new event.,"Ak chcete vytvoriť novú udalosť, vyberte alebo potiahnite cez časové intervaly.",
Select records for assignment,Výber záznamov na priradenie,
Select the label after which you want to insert new field.,"Vyberte štítok, za ktorý chcete vložiť nové pole.",
"Select your Country, Time Zone and Currency","Vyberte svoju krajinu, časové pásmo a menu",
Select {0},Vyberte {0},
Self approval is not allowed,Vlastné schválenie nie je povolené,
Send After,Odoslať po,
Send Alert On,Odoslať upozornenie na,
Send Email Alert,Odoslať e-mailové upozornenie,
Send Email Print Attachments as PDF (Recommended),Odoslať e-mailom Vytlačiť prílohy ako PDF (odporúčané),
Send Email for Successful Backup,Odoslanie e-mailu pre úspešné zálohovanie,
Send Me A Copy of Outgoing Emails,Poslať mi kópiu odchádzajúcich e-mailov,
Send Notification to,Odoslanie oznámenia na adresu,
Send Notifications To,Odosielanie oznámení na,
Send Print as PDF,Odoslať tlač ako PDF,
Send Read Receipt,Odoslanie potvrdenia o prijatí,
Send Unsubscribe Link,Odoslať odkaz na odhlásenie,
Send Welcome Email,Odoslanie uvítacieho e-mailu,
Send alert if date matches this field's value,"Odoslať upozornenie, ak sa dátum zhoduje s hodnotou tohto poľa",
Send alert if this field's value changes,"Odoslať upozornenie, ak sa zmení hodnota tohto poľa",
Send an email reminder in the morning,Ráno pošlite e-mailovú pripomienku,
Send days before or after the reference date,Odoslať dni pred alebo po referenčnom dátume,
Send enquiries to this email address,Pošlite otázky na túto e-mailovú adresu,
Send me a copy,Pošlite mi kópiu,
Send only if there is any data,"Odoslať len vtedy, ak sú k dispozícii nejaké údaje",
Send unsubscribe message in email,Odoslanie správy o odhlásení v e-maile,
Sender,Odosielateľ,
Sender Email,E-mail odosielateľa,
Sendgrid,Sendgrid,
Sent Read Receipt,Odoslané Prečítané potvrdenie o prijatí,
Sent or Received,Odoslané alebo prijaté,
Sent/Received Email,Odoslaný/prijatý e-mail,
Server IP,IP adresa servera,
Session Expired,Platnosť relácie vypršala,
Session Expiry,Vypršanie platnosti relácie,
Session Expiry Mobile,Vypršanie platnosti relácie Mobile,
Session Expiry in Hours e.g. 06:00,"Uplynutie platnosti relácie v hodinách, napr. 06:00",
Session Expiry must be in format {0},Expirácia relácie musí byť vo formáte {0},
Session Start Failed,Spustenie relácie sa nepodarilo,
Set Banner from Image,Nastavenie bannera z obrázka,
Set Chart,Nastaviť graf,
Set Filters,Nastavenie filtrov,
Set New Password,Nastavenie nového hesla,
Set Number of Backups,Nastavenie počtu záloh,
Set Only Once,Nastaviť iba raz,
Set Password,Nastavenie hesla,
Set Permissions,Nastavenie oprávnení,
Set Permissions on Document Types and Roles,Nastavenie oprávnení pre typy dokumentov a roly,
Set Property After Alert,Nastavenie vlastnosti po upozornení,
Set Quantity,Súprava Množstvo,
Set Role For,Nastaviť úlohu pre,
Set User Permissions,Nastavenie oprávnení používateľa,
Set Value,Nastavená hodnota,
Set custom roles for page and report,Nastavenie vlastných rolí pre stránku a hlásenie,
"Set default format, page size, print style etc.","Nastavenie predvoleného formátu, veľkosti strany, štýlu tlače atď.",
Set non-standard precision for a Float or Currency field,Nastavenie neštandardnej presnosti pre pole Float alebo Currency,
Set numbering series for transactions.,Nastavenie číselných radov pre transakcie.,
Set up rules for user assignments.,Nastavenie pravidiel pre priradenie používateľov.,
Setting this Address Template as default as there is no other default,"Nastavenie tejto šablóny adresy ako predvolenej, pretože neexistuje žiadna iná predvolená",
Setting up your system,Nastavenie systému,
Settings for About Us Page.,Nastavenia pre stránku O nás.,
Settings for Contact Us Page,Nastavenia pre stránku Kontaktujte nás,
Settings for Contact Us Page.,Nastavenia pre stránku Kontaktujte nás.,
Settings for OAuth Provider,Nastavenia pre poskytovateľa OAuth,
Settings for the About Us Page,Nastavenia stránky O nás,
Setup Auto Email,Nastavenie automatického e-mailu,
Setup Complete,Dokončenie nastavenia,
Setup Notifications based on various criteria.,Nastavenie oznámení na základe rôznych kritérií.,
Setup Reports to be emailed at regular intervals,"Nastavenie správ, ktoré sa majú posielať e-mailom v pravidelných intervaloch",
"Setup of top navigation bar, footer and logo.","Nastavenie horného navigačného panela, päty a loga.",
Share,Zdieľať,
Share URL,Zdieľať adresu URL,
Share With,Zdieľať s,
Share this document with,Zdieľajte tento dokument s,
Share {0} with,Zdieľať {0} s,
Shared,Spoločná stránka,
Shared With,Zdieľané s,
Shared with everyone,Zdieľané so všetkými,
Shared with {0},Zdieľané s {0},
Shop,Obchod,
Short keyboard patterns are easy to guess,Krátke vzory klávesnice sa dajú ľahko uhádnuť,
Show Attachments,Zobraziť prílohy,
Show Calendar,Zobraziť kalendár,
Show Dashboard,Zobraziť prístrojový panel,
Show Full Error and Allow Reporting of Issues to the Developer,Zobrazenie úplnej chyby a umožnenie nahlasovania problémov vývojárovi,
Show Line Breaks after Sections,Zobrazenie zlomov riadkov za oddielmi,
Show Permissions,Zobraziť oprávnenia,
Show Preview Popup,Zobraziť vyskakovacie okno náhľadu,
Show Relapses,Zobraziť recidívy,
Show Report,Zobraziť správu,
Show Section Headings,Zobraziť nadpisy sekcií,
Show Sidebar,Zobraziť bočný panel,
Show Title,Zobraziť názov,
Show Totals,Zobraziť súčty,
Show Weekends,Výstavné víkendy,
Show all Versions,Zobraziť všetky verzie,
Show as Grid,Zobraziť ako mriežku,
Show as cc,Zobraziť ako cc,
Show failed jobs,Zobraziť neúspešné úlohy,
Show in Module Section,Zobraziť v časti Modul,
Show in filter,Zobraziť vo filtri,
Show more details,Zobraziť viac informácií,
Show only errors,Zobraziť len chyby,
"Show title in browser window as ""Prefix - title""","Zobrazenie názvu v okne prehliadača ako ""Prefix - názov""",
Showing only Numeric fields from Report,Zobrazenie iba číselných polí zo správy,
Sidebar Items,Položky bočného panela,
Sidebar Settings,Nastavenia bočného panela,
Sidebar and Comments,Bočný panel a komentáre,
Sign Up,Zaregistrujte sa,
Sign Up is disabled,Registrácia je vypnutá,
Signature,Podpis,
"Simple Python Expression, Example: Status in (""Closed"", ""Cancelled"")","Jednoduchý výraz v jazyku Python, príklad: Stav v (""Closed"", ""Cancelled"")",
"Simple Python Expression, Example: status == 'Open' and type == 'Bug'","Jednoduchý výraz jazyka Python, príklad: status == 'Open' a type == 'Bug'",
Simultaneous Sessions,Súbežné relácie,
Single DocTypes cannot be customized.,Jednotlivé typy dokumentov nie je možné prispôsobiť.,
Single Post (article).,Single Post (článok).,
Single Types have only one record no tables associated. Values are stored in tabSingles,Jednotlivé typy majú len jeden záznam bez pridružených tabuliek. Hodnoty sa ukladajú do tabSingles,
Skip Authorization,Preskočiť autorizáciu,
Skip rows with errors,Preskočiť riadky s chybami,
Skype,Skype,
Slack,Slack,
Slack Channel,Kanál Slack,
Slack Webhook Error,Chyba webového háku služby Slack,
Slack Webhook URL,URL adresa webového háčika služby Slack,
Slack Webhooks for internal integration,Webové háčiky služby Slack na internú integráciu,
Slideshow Items,Položky prezentácie,
Slideshow Name,Názov prezentácie,
Slideshow like display for the website,Zobrazenie prezentácie na webovej stránke,
Small Text,Malý text,
Smallest Currency Fraction Value,Najmenšia hodnota zlomku meny,
Smallest circulating fraction unit (coin). For e.g. 1 cent for USD and it should be entered as 0.01,"Najmenšia jednotka frakcie v obehu (minca). Napr. 1 cent pre USD a mal by byť zadaný ako 0,01",
Snapshot View,Zobrazenie snímky,
Social,Sociálna sieť,
Social Login Key,Kľúč na prihlásenie do sociálnej siete,
Social Login Provider,Poskytovateľ sociálneho prihlásenia,
Social Logins,Prihlásenia do sociálnych sietí,
Socketio is not connected. Cannot upload,Socketio nie je pripojený. Nemožno odoslať,
Soft-Bounced,Mäkko ohýbaný,
Some of the features might not work in your browser. Please update your browser to the latest version.,Niektoré funkcie nemusia vo vašom prehliadači fungovať. Aktualizujte svoj prehliadač na najnovšiu verziu.,
Something went wrong,Niečo sa pokazilo,
Something went wrong while generating dropbox access token. Please check error log for more details.,Pri generovaní prístupového tokenu dropboxu sa niečo pokazilo. Podrobnejšie informácie nájdete v protokole o chybách.,
Sorry! I could not find what you were looking for.,"Prepáčte! Nenašiel som, čo ste hľadali.",
Sorry! Sharing with Website User is prohibited.,Prepáčte! Zdieľanie s používateľom webovej stránky je zakázané.,
Sorry! User should have complete access to their own record.,Prepáčte! Používateľ by mal mať úplný prístup k vlastnému záznamu.,
Sorry! You are not permitted to view this page.,Prepáčte! Túto stránku nemáte povolené zobraziť.,
"Sorry, you're not authorized.","Je mi ľúto, ale nemáte oprávnenie.",
Sort Field,Triediace pole,
Sort Order,Poradie triedenia,
Sort field {0} must be a valid fieldname,Triediace pole {0} musí byť platný názov poľa,
Source Text,Zdrojový text,
Spam,Spam,
SparkPost,SparkPost,
Special Characters are not allowed,Špeciálne znaky nie sú povolené,
"Standard DocType cannot have default print format, use Customize Form","Štandardný DocType nemôže mať predvolený formát tlače, použite Customize Form",
Standard Print Format cannot be updated,Štandardný formát tlače nie je možné aktualizovať,
Standard Print Style cannot be changed. Please duplicate to edit.,"Štandardný štýl tlače nie je možné zmeniť. Ak chcete upraviť, zduplikujte ho.",
Standard Reports,Štandardné správy,
Standard Sidebar Menu,Štandardné menu bočného panela,
Standard roles cannot be disabled,Štandardné roly nie je možné vypnúť,
Standard roles cannot be renamed,Štandardné roly nie je možné premenovať,
Standings,Poradie,
Start Date Field,Pole Dátum začiatku,
Start a conversation.,Začnite konverzáciu.,
Start entering data below this line,Začnite zadávať údaje pod týmto riadkom,
Start new Format,Spustenie nového formátu,
StartTLS,StartTLS,
Started,Začal,
Starting Frappe ...,Začíname Frappe ...,
Starts on,Začína sa na,
States,Štáty,
"States for workflow (e.g. Draft, Approved, Cancelled).","stavy pracovného postupu (napr. Návrh, Schválené, Zrušené).",
Static Parameters,Statické parametre,
Stats based on last month's performance (from {0} to {1}),Štatistiky založené na výkone za posledný mesiac (od {0} do {1}),
Stats based on last week's performance (from {0} to {1}),Štatistiky založené na výkone z minulého týždňa (od {0} do {1}),
Status: {0},Stav: {0},
Steps to verify your login,Kroky na overenie prihlásenia,
Stores the JSON of last known versions of various installed apps. It is used to show release notes.,Ukladá JSON posledných známych verzií rôznych nainštalovaných aplikácií. Používa sa na zobrazenie poznámok k vydaniu.,
Straight rows of keys are easy to guess,Rovné rady kľúčov sa dajú ľahko uhádnuť,
Stripe Settings,Nastavenia pásika,
Stripe payment gateway settings,Nastavenia platobnej brány Stripe,
Style,Štýl,
Style Settings,Nastavenia štýlu,
"Style represents the button color: Success - Green, Danger - Red, Inverse - Black, Primary - Dark Blue, Info - Light Blue, Warning - Orange","Štýl predstavuje farbu tlačidla: Úspech - zelená, Nebezpečenstvo - červená, Inverzná - čierna, Primárna - tmavomodrá, Informačná - svetlomodrá, Varovná - oranžová",
Stylesheets for Print Formats,Súbory štýlov pre tlačové formáty,
"Sub-currency. For e.g. ""Cent""","Podmenu. Napríklad ""Cent""",
Sub-domain provided by erpnext.com,Subdoménu poskytuje erpnext.com,
Subdomain,Subdoména,
Subject Field,Predmetná oblasť,
Submit after importing,Odoslať po importovaní,
Submit an Issue,Odoslanie problému,
Submit this document to confirm,Predložte tento dokument na potvrdenie,
Submit {0} documents?,Odoslať {0} dokumentov?,
Submitting {0},Odoslanie {0},
Submitted Document cannot be converted back to draft. Transition row {0},Odoslaný dokument nie je možné previesť späť na návrh. Riadok prechodu {0},
Submitting,Odosielanie,
Subscription Notification,Oznámenie o predplatnom,
Subsidiary,Dcérska spoločnosť,
Success Action,Úspešná akcia,
Success Message,Správa o úspechu,
Success URL,Úspešná adresa URL,
Successful: {0} to {1},Úspešne: {0} až {1},
Successfully Done,Úspešne dokončené,
Successfully Updated,Úspešne aktualizované,
Successfully updated translations,Úspešne aktualizované preklady,
Suggested Username: {0},Navrhované používateľské meno: {0},
Sum,Suma,
Sum of {0},Súčet {0},
Support Email Address Not Specified,E-mailová adresa podpory Nie je špecifikovaná,
Suspend Sending,Pozastavenie odosielania,
Switch To Desk,Prepnutie na stôl,
Symbol,Symbol,
Sync,Synchronizácia,
Sync on Migrate,Synchronizácia pri migrácii,
Syntax error in template,Chyba syntaxe v šablóne,
System,Systém,
System Page,Systémová stránka,
System Settings,Nastavenia systému,
System User,Používateľ systému,
System and Website Users,Používatelia systému a webovej lokality,
Table,Tabuľka,
Table Field,Tabuľkové pole,
Table HTML,Tabuľka HTML,
Table MultiSelect,Tabuľka MultiSelect,
Table updated,Aktualizovaná tabuľka,
Table {0} cannot be empty,Tabuľka {0} nemôže byť prázdna,
Take Backup Now,Zálohovanie teraz,
Take Photo,Urobte si fotografiu,
Team Members,Členovia tímu,
Team Members Heading,Členovia tímu Vedúci,
Temporarily Disabled,Dočasne zakázané,
Test Email Address,Testovacia e-mailová adresa,
Test Runner,Testovací bežec,
Test_Folder,Test_Folder,
Text,Text,
Text Align,Zarovnanie textu,
Text Color,Farba textu,
Text Content,Obsah textu,
Text Editor,Textový editor,
Text to be displayed for Link to Web Page if this form has a web page. Link route will be automatically generated based on `page_name` and `parent_website_route`,"Text, ktorý sa má zobraziť pre Odkaz na webovú stránku, ak má tento formulár webovú stránku. Trasa odkazu sa automaticky vygeneruje na základe `názvu_stránky` a `rodičovskej_webovej_trase`",
Thank you for your email,Ďakujeme za váš e-mail,
Thank you for your interest in subscribing to our updates,Ďakujeme za váš záujem o odber našich aktualizácií,
Thank you for your message,Ďakujeme za vašu správu,
The CSV format is case sensitive,Formát CSV rozlišuje veľké a malé písmená,
The Condition '{0}' is invalid,Podmienka '{0}' je neplatná,
The First User: You,Prvý používateľ: Vy,
"The application has been updated to a new version, please refresh this page","Aplikácia bola aktualizovaná na novú verziu, obnovte túto stránku",
The attachments could not be correctly linked to the new document,Prílohy nebolo možné správne prepojiť s novým dokumentom,
The document could not be correctly assigned,Dokument nebolo možné správne priradiť,
The document has been assigned to {0},Dokument bol priradený k {0},
The first user will become the System Manager (you can change this later).,Prvým používateľom sa stane Správca systému (neskôr to môžete zmeniť).,
The name that will appear in Google Calendar,"Názov, ktorý sa zobrazí v Kalendári Google",
The process for deletion of {0} data associated with {1} has been initiated.,Začal sa proces vymazania údajov {0} spojených s {1}.,
The resource you are looking for is not available,Hľadaný zdroj nie je k dispozícii,
The system provides many pre-defined roles. You can add new roles to set finer permissions.,Systém poskytuje mnoho preddefinovaných rolí. Môžete pridať nové roly a nastaviť jemnejšie oprávnenia.,
The user from this field will be rewarded points,Používateľ z tohto poľa bude odmenený bodmi,
Theme,Téma,
Theme URL,Adresa URL témy,
There can be only one Fold in a form,Vo formulári môže byť len jeden sklad,
There is an error in your Address Template {0},Vo vašej šablóne adresy sa vyskytla chyba {0},
There is no data to be exported,"Neexistujú žiadne údaje, ktoré by sa mali exportovať",
There is some problem with the file url: {0},S url adresou súboru je nejaký problém: {0},
There must be atleast one permission rule.,Musí existovať aspoň jedno pravidlo o povolení.,
"There seems to be an issue with the server's braintree configuration. Don't worry, in case of failure, the amount will get refunded to your account.","Zdá sa, že je problém s konfiguráciou braintree servera. Nemajte obavy, v prípade neúspechu bude suma vrátená na váš účet.",
There should remain at least one System Manager,Mal by zostať aspoň jeden systémový manažér,
There was an error saving filters,Pri ukladaní filtrov došlo k chybe,
There were errors,Vyskytli sa chyby,
There were errors while creating the document. Please try again.,Pri vytváraní dokumentu sa vyskytli chyby. Skúste to prosím znova.,
There were errors while sending email. Please try again.,Pri odosielaní e-mailu sa vyskytli chyby. Skúste to prosím znova.,
"There were some errors setting the name, please contact the administrator","Pri nastavovaní názvu sa vyskytli chyby, obráťte sa na správcu",
These values will be automatically updated in transactions and also will be useful to restrict permissions for this user on transactions containing these values.,Tieto hodnoty sa budú automaticky aktualizovať v transakciách a budú tiež užitočné na obmedzenie oprávnení tohto používateľa na transakcie obsahujúce tieto hodnoty.,
Third Party Apps,Aplikácie tretích strán,
Third Party Authentication,Overovanie tretej strany,
This Currency is disabled. Enable to use in transactions,Táto mena je vypnutá. Povolenie používania v transakciách,
This Kanban Board will be private,Táto tabuľa Kanban bude súkromná,
This document cannot be reverted,Tento dokument nemožno vrátiť späť,
This document has been modified after the email was sent.,Tento dokument bol po odoslaní e-mailu upravený.,
This document has been reverted,Tento dokument bol vrátený,
This document is currently queued for execution. Please try again,Tento dokument je momentálne zaradený do frontu na vykonanie. Skúste to prosím znova,
This email is autogenerated,Tento e-mail sa generuje automaticky,
This email was sent to {0},Tento e-mail bol odoslaný na adresu {0},
This email was sent to {0} and copied to {1},Tento e-mail bol odoslaný na adresu {0} a skopírovaný na adresu {1},
This feature is brand new and still experimental,Táto funkcia je úplne nová a stále experimentálna,
This field will appear only if the fieldname defined here has value OR the rules are true (examples):\nmyfield\neval:doc.myfield=='My Value'\neval:doc.age&gt;18,"Toto pole sa zobrazí len vtedy, ak tu definovaný názov poľa má hodnotu ALEBO sú splnené pravidlá (príklady):\nmyfield\neval:doc.myfield=='My Value'\neval:doc.age&gt;18",
This form does not have any input,Tento formulár nemá žiadne vstupné údaje,
This form has been modified after you have loaded it,Tento formulár bol po načítaní upravený,
This format is used if country specific format is not found,"Tento formát sa použije, ak sa nenájde formát špecifický pre danú krajinu.",
This goes above the slideshow.,Toto sa nachádza nad prezentáciou.,
This is a background report. Please set the appropriate filters and then generate a new one.,Toto je podkladová správa. Nastavte príslušné filtre a potom vygenerujte novú správu.,
This is a top-10 common password.,Toto je 10 najčastejších hesiel.,
This is a top-100 common password.,Toto je 100 najčastejších hesiel.,
This is a very common password.,Toto je veľmi časté heslo.,
This is an automatically generated reply,Toto je automaticky vygenerovaná odpoveď,
This is similar to a commonly used password.,Je to podobné ako bežne používané heslo.,
This is the template file generated with only the rows having some error. You should use this file for correction and import.,"Toto je súbor šablóny vygenerovaný len s riadkami, ktoré majú nejakú chybu. Tento súbor by ste mali použiť na opravu a import.",
This link has already been activated for verification.,Toto prepojenie už bolo aktivované na overenie.,
This link is invalid or expired. Please make sure you have pasted correctly.,"Toto prepojenie je neplatné alebo jeho platnosť vypršala. Skontrolujte, či ste odkaz vložili správne.",
This may get printed on multiple pages,Táto informácia sa môže vytlačiť na viacerých stranách,
This month,Tento mesiac,
This query style is discontinued,Tento štýl dopytu sa prestáva používať,
This report was generated on {0},Táto správa bola vytvorená dňa {0},
This report was generated {0}.,Táto správa bola vygenerovaná {0}.,
This request has not yet been approved by the user.,Túto žiadosť používateľ ešte neschválil.,
This role update User Permissions for a user,Táto rola aktualizuje oprávnenia používateľa pre používateľa,
This will log out {0} from all other devices,Tým sa odhlási {0} zo všetkých ostatných zariadení,
This will permanently remove your data.,Tým sa vaše údaje natrvalo odstránia.,
Throttled,Škrtené,
Thumbnail URL,Adresa URL miniatúry,
Time Interval,Časový interval,
Time Series,Časové rady,
Time Series Based On,Časové rady založené na,
Time Zone,Časové pásmo,
Time Zones,Časové pásma,
Time in seconds to retain QR code image on server. Min:<strong>240</strong>,Čas v sekundách na uchovanie obrázka QR kódu na serveri. Min:<strong>240</strong>,
Timeline DocType,Časová os DocType,
Timeline Field,Pole časovej osi,
Timeline Links,Odkazy na časovú os,
Timeline Name,Názov časovej osi,
Timeline field must be a Link or Dynamic Link,Pole časovej osi musí byť prepojenie alebo dynamické prepojenie,
Timeline field must be a valid fieldname,Pole časovej osi musí byť platný názov poľa,
Timeseries,Časové rady,
Timestamp,Časová pečiatka,
Title Case,Titulný prípad,
Title Field,Pole s názvom,
Title Prefix,Predpona názvu,
Title field must be a valid fieldname,Pole Title musí byť platný názov poľa,
To Date Field,Pole Do dátumu,
To Do,Urobiť,
To User,Používateľovi,
"To add dynamic subject, use jinja tags like\n\n<div><pre><code>New {{ doc.doctype }} #{{ doc.name }}</code></pre></div>","Ak chcete pridať dynamický predmet, použite značky jinja, napríklad\n\n<div><pre><code>Nový {{ doc.doctype }} #{{ doc.name }}</code></pre></div>",
"To add dynamic subject, use jinja tags like\n\n<div><pre><code>{{ doc.name }} Delivered</code></pre></div>","Ak chcete pridať dynamický predmet, použite značky jinja, napríklad\n\n<div><pre><code>{{ doc.name }} Doručené</code></pre></div>",
To and CC,Do a CC,
"To get the updated report, click on {0}.","Ak chcete získať aktualizovanú správu, kliknite na {0}.",
ToDo,ToDo,
Today,Dnes,
Toggle Chart,Prepínací graf,
Toggle Charts,Prepínanie grafov,
Toggle Grid View,Prepnutie zobrazenia mriežky,
Toggle Sidebar,Prepínanie bočného panela,
Token,Token,
Token is missing,Token chýba,
"Too many users signed up recently, so the registration is disabled. Please try back in an hour","Nedávno sa zaregistrovalo príliš veľa používateľov, preto je registrácia zakázaná. Prosím, skúste to znova za hodinu.",
Too many writes in one request. Please send smaller requests,"Príliš veľa zápisov v jednej žiadosti. Prosím, posielajte menšie požiadavky",
Top Bar Item,Položka hornej lišty,
Top Bar Items,Top položky baru,
Top Performer,Najlepší výkonný hráč,
Top Reviewer,Najlepší recenzent,
Top {0},Vrchol {0},
Total Pages,Celkový počet strán,
Total Rows,Celkový počet riadkov,
Total Subscribers,Celkový počet predplatiteľov,
Total number of emails to sync in initial sync process ,Celkový počet e-mailov na synchronizáciu v procese počiatočnej synchronizácie,
Totals Row,Celkové súčty Riadok,
Track Changes,Sledovanie zmien,
Track Email Status,Sledovanie stavu e-mailu,
Track Field,Traťové pole,
Track Seen,Videná stopa,
Track Views,Pohľady na skladby,
"Track if your email has been opened by the recipient.\n<br>\nNote: If you're sending to multiple recipients, even if 1 recipient reads the email, it'll be considered ""Opened""","Sledujte, či príjemca otvoril váš e-mail.\n<br>\nPoznámka: Ak posielate viacerým príjemcom, aj keď si e-mail prečíta 1 príjemca, bude sa považovať za ""otvorený"".",
Track milestones for any document,Sledovanie míľnikov pre akýkoľvek dokument,
Transaction Hash,Transakcia Hash,
Transaction Log,Protokol transakcií,
Transaction Log Report,Správa denníka transakcií,
Transition Rules,Pravidlá prechodu,
Transitions,Prechody,
Translatable,Preložiteľné,
Translate {0},Preložiť {0},
Translated Text,Preložený text,
Translation,Preklad,
Translations,Preklady,
Trash,Odpadky,
Tree,Strom,
Trigger Method,Spúšťacia metóda,
Trigger Name,Názov spúšťača,
"Trigger on valid methods like ""before_insert"", ""after_update"", etc (will depend on the DocType selected)","Spúšťanie platných metód ako ""before_insert"", ""after_update"" atď. (závisí od vybraného typu dokumentu)",
Try to avoid repeated words and characters,Snažte sa vyhnúť opakujúcim sa slovám a znakom,
Try to use a longer keyboard pattern with more turns,Skúste použiť dlhší vzor klávesnice s väčším počtom otáčok,
Two Factor Authentication,Dvojfaktorové overovanie,
Two Factor Authentication method,Metóda dvojfaktorového overovania,
Type something in the search box to search,Zadajte niečo do vyhľadávacieho poľa a vyhľadajte,
Type:,Typ:,
UID,UID,
UIDNEXT,UIDNEXT,
UIDVALIDITY,UIDVALIDITY,
UNSEEN,NEVIDITEĽNÉ,
UPPER CASE,HORNÝ PRÍPAD,
"URIs for receiving authorization code once the user allows access, as well as failure responses. Typically a REST endpoint exposed by the Client App.\n<br>e.g. http://hostname//api/method/frappe.www.login.login_via_facebook","URI na prijímanie autorizačného kódu, keď používateľ povolí prístup, ako aj odpovede na zlyhanie. Zvyčajne koncový bod REST vystavený klientskou aplikáciou.\n<br>napr. http://hostname//api/method/frappe.www.login.login_via_facebook",
URLs,Adresy URL,
Unable to find attachment {0},Nie je možné nájsť prílohu {0},
Unable to load camera.,Nie je možné načítať kameru.,
Unable to load: {0},Nie je možné načítať: {0},
Unable to open attached file. Did you export it as CSV?,Nie je možné otvoriť priložený súbor. Exportovali ste ho ako CSV?,
Unable to read file format for {0},Nie je možné načítať formát súboru pre {0},
Unable to send emails at this time,V tomto čase nie je možné odosielať e-maily,
Unable to update event,Nie je možné aktualizovať udalosť,
Unable to write file format for {0},Nie je možné zapísať formát súboru pre {0},
Unassign Condition,Zrušenie priradenia Podmienka,
Under Development,Vo vývoji,
Unfollow,Odstrániť,
Unhandled Email,Nespracovaný e-mail,
Unique,Jedinečné,
Unknown Column: {0},Neznámy stĺpec: {0},
Unknown User,Neznámy používateľ,
"Unknown file encoding. Tried utf-8, windows-1250, windows-1252.","Neznáme kódovanie súboru. Skúšal som utf-8, windows-1250, windows-1252.",
Unread,Neprečítané,
Unread Notification Sent,Odoslané neprečítané oznámenie,
Unselect All,Zrušiť výber všetkých,
Unshared,Nezdieľané,
Unsubscribe,Odhlásiť sa z odberu,
Unsubscribe Method,Metóda odhlásenia,
Unsubscribe Param,Odhlásiť Param,
Unsupported File Format,Nepodporovaný formát súboru,
Unzip,Rozbaľte stránku,
Unzipped {0} files,Rozbalené súbory {0},
Unzipping files...,Rozbaľovanie súborov...,
Upcoming Events for Today,Nadchádzajúce udalosti na dnes,
Update Field,Aktualizácia poľa,
Update Translations,Aktualizácia prekladov,
Update Value,Aktualizácia hodnoty,
Update many values at one time.,Aktualizácia mnohých hodnôt naraz.,
Update records,Aktualizácia záznamov,
Updated,Aktualizované stránky,
Updated successfully,Úspešne aktualizované,
Updated {0}: {1},Aktualizované {0}: {1},
Updating,Aktualizácia stránky,
Updating {0},Aktualizácia {0},
Upload Failed,Nahrávanie sa nepodarilo,
Uploaded To Dropbox,Nahrané do služby Dropbox,
Use ASCII encoding for password,Použitie kódovania ASCII pre heslo,
Use Different Email Login ID,Používanie iného e-mailového prihlasovacieho ID,
Use IMAP,Používanie protokolu IMAP,
Use POST,Použite POST,
Use SSL,Používanie protokolu SSL,
Use TLS,Používanie TLS,
"Use a few words, avoid common phrases.","Používajte málo slov, vyhýbajte sa bežným frázam.",
Use of sub-query or function is restricted,Použitie poddotazu alebo funkcie je obmedzené,
Use socketio to upload file,Použitie socketio na odosielanie súborov,
Use this fieldname to generate title,Použite tento názov poľa na generovanie názvu,
User '{0}' already has the role '{1}',Používateľ '{0}' už má rolu '{1}',
User Cannot Create,Používateľ nemôže vytvoriť,
User Cannot Search,Používateľ nemôže vyhľadávať,
User Defaults,Predvolené nastavenia používateľa,
User Email,E-mail používateľa,
User Emails,E-maily používateľov,
User Field,Používateľské pole,
User ID of a Blogger,ID používateľa blogera,
User Image,Obrázok používateľa,
User Name,Meno používateľa,
User Permission,Oprávnenie používateľa,
User Permissions,Oprávnenia používateľa,
User Permissions are used to limit users to specific records.,Oprávnenia používateľov sa používajú na obmedzenie používateľov na konkrétne záznamy.,
User Permissions created sucessfully,Oprávnenia používateľa vytvorené úspešne,
User Roles,Používateľské roly,
User Social Login,Prihlásenie používateľa do sociálnej siete,
User Tags,Štítky používateľov,
User Type,Typ používateľa,
User can login using Email id or Mobile number,Používateľ sa môže prihlásiť pomocou e-mailu alebo mobilného čísla,
User can login using Email id or User Name,Používateľ sa môže prihlásiť pomocou e-mailu alebo používateľského mena,
User editable form on Website.,Používateľsky upraviteľný formulár na webovej lokalite.,
User is mandatory for Share,Používateľ je povinný pre Share,
User not allowed to delete {0}: {1},Používateľ nemá povolené vymazať {0}: {1},
User permission already exists,Oprávnenie používateľa už existuje,
User permissions should not apply for this Link,Oprávnenia používateľa by sa nemali vzťahovať na toto prepojenie,
User {0} cannot be deleted,Používateľa {0} nemožno vymazať,
User {0} cannot be disabled,Používateľa {0} nemožno vypnúť,
User {0} cannot be renamed,Používateľa {0} nemožno premenovať,
User {0} does not have access to this document,Používateľ {0} nemá prístup k tomuto dokumentu,
User {0} does not have doctype access via role permission for document {1},Používateľ {0} nemá prístup k dokladu typu prostredníctvom oprávnenia roly pre dokument {1},
Username,Používateľské meno,
Username {0} already exists,Užívateľské meno {0} už existuje,
Users with role {0}:,Používatelia s rolou {0}:,
Uses the Email Address Name mentioned in this Account as the Sender's Name for all emails sent using this Account.,Používa názov e-mailovej adresy uvedený v tomto konte ako názov odosielateľa pre všetky e-maily odoslané pomocou tohto konta.,
Uses the Email Address mentioned in this Account as the Sender for all emails sent using this Account. ,Používa e-mailovú adresu uvedenú v tomto konte ako odosielateľa pre všetky e-maily odoslané pomocou tohto konta.,
Valid,Platné,
Valid Login id required.,Vyžaduje sa platné prihlasovacie ID.,
Valid email and name required,Vyžaduje sa platný e-mail a meno,
Value Based On,Hodnota založená na,
Value Change,Zmena hodnoty,
Value Changed,Zmenená hodnota,
Value To Be Set,"Hodnota, ktorá sa má nastaviť",
Value cannot be changed for {0},Hodnotu nie je možné zmeniť pre {0},
Value for a check field can be either 0 or 1,Hodnota kontrolného poľa môže byť 0 alebo 1,
Value for {0} cannot be a list,Hodnota pre {0} nemôže byť zoznam,
Value missing for,Chýbajúca hodnota pre,
Value too big,Príliš veľká hodnota,
Values Changed,Zmenené hodnoty,
Verdana,Verdana,
Verfication Code,Overovací kód,
Verification Link,Odkaz na overenie,
Verification code has been sent to your registered email address.,Na vašu registrovanú e-mailovú adresu bol odoslaný overovací kód.,
Verify,Overiť,
Verify Password,Overenie hesla,
Verifying...,Overovanie...,
Version,Verzia,
Version Updated,Aktualizovaná verzia,
View All,Zobraziť všetko,
View Comment,Zobraziť komentár,
View List,Zobraziť zoznam,
View Log,Zobraziť denník,
View Permitted Documents,Zobraziť povolené dokumenty,
View Properties (via Customize Form),Zobrazenie vlastností (prostredníctvom formulára Prispôsobiť),
View Settings,Zobraziť nastavenia,
View Website,Zobraziť webovú stránku,
View document,Zobraziť dokument,
View report in your browser,Zobrazenie správy v prehliadači,
View this in your browser,Zobrazte si to v prehliadači,
View {0},Zobraziť {0},
Viewed By,Zobrazené podľa,
Visit,Navštívte stránku,
Visitor,Návštevník,
We have received a request for deletion of {0} data associated with: {1},Dostali sme žiadosť o vymazanie údajov {0} súvisiacich s: {1},
We have received a request from you to download your {0} data associated with: {1},Dostali sme od vás žiadosť o stiahnutie vašich {0} údajov súvisiacich s: {1},
Web Form,Webový formulár,
Web Form Field,Pole webového formulára,
Web Form Fields,Polia webového formulára,
Web Page,Webová stránka,
Web Page Link Text,Text prepojenia webovej stránky,
Web Site,Webové sídlo,
Web View,Webové zobrazenie,
Webhook,Webhook,
Webhook Data,Údaje webového háčika,
Webhook Header,Hlavička webhooku,
Webhook Headers,Hlavičky webhooku,
Webhook Request,Žiadosť Webhook,
Webhook URL,Adresa URL webového háčika,
Webhooks calling API requests into web apps,Webové háčiky volajúce požiadavky API do webových aplikácií,
Website Meta Tag,Meta značka webovej lokality,
Website Route Meta,Webová stránka Route Meta,
Website Route Redirect,Presmerovanie trasy webovej lokality,
Website Script,Skript webovej stránky,
Website Sidebar,Bočný panel webovej lokality,
Website Sidebar Item,Položka bočného panela webovej lokality,
Website Slideshow,Prezentácia webovej stránky,
Website Slideshow Item,Položka prezentácie webovej lokality,
Website Theme,Téma webovej stránky,
Website Theme Image,Obrázok témy webovej stránky,
Website Theme Image Link,Odkaz na obrázok témy webovej stránky,
Website User,Používateľ webovej stránky,
Welcome Message,Uvítacia správa,
"When you Amend a document after Cancel and save it, it will get a new number that is a version of the old number.","Keď dokument po Zrušení zmeníte a uložíte, dostane nové číslo, ktoré je verziou starého čísla.",
Width,Šírka,
Widths can be set in px or %.,Šírku možno nastaviť v px alebo %.,
Will be used in url (usually first name).,Použije sa v url (zvyčajne meno).,
Will be your login ID,Bude to vaše prihlasovacie ID,
Will only be shown if section headings are enabled,"Zobrazí sa len vtedy, ak sú povolené nadpisy sekcií",
With Letter head,S hlavičkou listu,
With Letterhead,S hlavičkovým papierom,
Workflow Action,Akcia pracovného postupu,
Workflow Action Master,Hlavná akcia pracovného postupu,
Workflow Action Name,Názov akcie pracovného postupu,
Workflow Document State,Stav dokumentu pracovného postupu,
Workflow Name,Názov pracovného postupu,
Workflow State,Stav pracovného postupu,
Workflow State Field,Pole stavu pracovného postupu,
Workflow State not set,Stav pracovného postupu nie je nastavený,
Workflow Transition,Prechod na pracovný postup,
Workflow state represents the current state of a document.,Stav pracovného postupu predstavuje aktuálny stav dokumentu.,
Write,Napíšte na,
Wrong fieldname <b>{0}</b> in add_fetch configuration of custom script,Nesprávny názov poľa <b>{0}</b> v konfigurácii add_fetch vlastného skriptu,
X Axis Field,Pole osi X,
XLSX,XLSX,
Y Axis Fields,Polia osi Y,
Yahoo Mail,Yahoo Mail,
Yandex.Mail,Yandex.Mail,
Yesterday,Včera,
You are connected to internet.,Ste pripojení na internet.,
You are not allowed to create columns,Nie je povolené vytvárať stĺpce,
You are not allowed to delete a standard Website Theme,Nie je povolené odstrániť štandardnú tému webovej lokality,
You are not allowed to print this document,Tento dokument nesmiete tlačiť,
You are not allowed to print this report,Túto správu nie je možné vytlačiť,
You are not allowed to send emails related to this document,Nie je povolené posielať e-maily súvisiace s týmto dokumentom,
You are not allowed to update this Web Form Document,Nie je povolené aktualizovať tento dokument webového formulára,
You are not connected to Internet. Retry after sometime.,Nie ste pripojení na internet. Po nejakom čase to skúste znova.,
You are not permitted to access this page.,Nemáte povolený prístup na túto stránku.,
You are not permitted to view the newsletter.,Nie je povolené zobrazovať informačný bulletin.,
You are now following this document. You will receive daily updates via email. You can change this in User Settings.,Teraz sledujete tento dokument. Denne budete dostávať aktualizácie prostredníctvom e-mailu. Môžete to zmeniť v Nastaveniach používateľa.,
You can add dynamic properties from the document by using Jinja templating.,Dynamické vlastnosti môžete pridať z dokumentu pomocou šablón Jinja.,
You can also copy-paste this ,Môžete tiež skopírovať a vložiť tento,
"You can change Submitted documents by cancelling them and then, amending them.","Odoslané dokumenty môžete zmeniť tak, že ich zrušíte a následne zmeníte.",
You can find things by asking 'find orange in customers',"Veci môžete nájsť pomocou otázky ""find orange in customers"".",
You can only upload upto 5000 records in one go. (may be less in some cases),Jednorazovo môžete nahrať iba 5000 záznamov. (v niektorých prípadoch to môže byť menej),
You can use Customize Form to set levels on fields.,Pomocou funkcie Prispôsobiť formulár môžete nastaviť úrovne polí.,
You can use wildcard %,Môžete použiť zástupný znak %,
You can't set 'Options' for field {0},Nemôžete nastaviť 'Možnosti' pre pole {0},
You can't set 'Translatable' for field {0},Nemôžete nastaviť 'Translatable' pre pole {0},
You cannot give review points to yourself,Body za hodnotenie nemôžete udeliť sami sebe,
You cannot unset 'Read Only' for field {0},Nemôžete zrušiť nastavenie 'Len na čítanie' pre pole {0},
You do not have enough permissions to access this resource. Please contact your manager to get access.,Nemáte dostatočné oprávnenie na prístup k tomuto zdroju. Pre získanie prístupu sa obráťte na svojho manažéra.,
You do not have enough permissions to complete the action,Nemáte dostatočné oprávnenie na dokončenie akcie,
You do not have enough points,Nemáte dostatok bodov,
You do not have enough review points,Nemáte dostatok kontrolných bodov,
You don't have access to Report: {0},Nemáte prístup k službe Report: {0},
You don't have any messages yet.,Zatiaľ nemáte žiadne správy.,
You don't have permission to access this file,Nemáte oprávnenie na prístup k tomuto súboru,
You don't have permission to get a report on: {0},Nemáte povolenie získať správu o: {0},
You don't have the permissions to access this document,Nemáte oprávnenie na prístup k tomuto dokumentu,
You gained {0} point,Získali ste {0} bodov,
You gained {0} points,Získali ste {0} bodov,
You have a new message from: ,Máte novú správu od:,
You have been successfully logged out,Boli ste úspešne odhlásení,
You have unsaved changes in this form. Please save before you continue.,V tomto formulári máte neuložené zmeny. Pred pokračovaním ich uložte.,
You must login to submit this form,"Ak chcete odoslať tento formulár, musíte sa prihlásiť",
You need to be in developer mode to edit a Standard Web Form,"Ak chcete upraviť štandardný webový formulár, musíte byť v režime pre vývojárov",
You need to be logged in and have System Manager Role to be able to access backups.,"Aby ste mali prístup k zálohám, musíte byť prihlásení a mať rolu System Manager.",
You need to be logged in to access this {0}.,Na prístup k tomuto {0} musíte byť prihlásení.,
"You need to have ""Share"" permission","Musíte mať povolenie ""Zdieľať""",
You need write permission to rename,Na premenovanie potrebujete oprávnenie na zápis,
You selected Draft or Cancelled documents,Vybrali ste možnosť Návrh alebo Zrušené dokumenty,
You unfollowed this document,Odoslali ste tento dokument,
Your Country,Vaša krajina,
Your Language,Váš jazyk,
Your Name,Vaše meno,
Your account has been locked and will resume after {0} seconds,Vaše konto bolo zablokované a obnoví sa po {0} sekundách,
Your connection request to Google Calendar was successfully accepted,Vaša požiadavka na pripojenie ku Kalendáru Google bola úspešne prijatá,
Your information has been submitted,Vaše informácie boli odoslané,
Your login id is,Vaše prihlasovacie ID je,
Your organization name and address for the email footer.,Názov a adresa vašej organizácie v pätičke e-mailu.,
Your payment has been successfully registered.,Vaša platba bola úspešne zaregistrovaná.,
Your payment has failed.,Vaša platba zlyhala.,
Your payment is cancelled.,Vaša platba je zrušená.,
Your payment was successfully accepted,Vaša platba bola úspešne prijatá,
"Your query has been received. We will reply back shortly. If you have any additional information, please reply to this mail.","Vaša požiadavka bola prijatá. Čoskoro vám odpovieme. Ak máte ďalšie informácie, odpovedzte na tento mail.",
"Your session has expired, please login again to continue.","Vaša relácia vypršala, ak chcete pokračovať, prihláste sa znova.",
Zero,Zero,
Zero means send records updated at anytime,"Nula znamená, že sa záznamy odosielajú aktualizované kedykoľvek.",
_doctype,_doctype,
_report,_report,
adjust,upraviť,
after_insert,after_insert,
align-center,align-center,
align-justify,zarovnať-odôvodniť,
align-left,zarovnanie doľava,
align-right,zarovnať vpravo,
ap-northeast-1,ap-northeast-1,
ap-northeast-2,ap-severovýchod-2,
ap-northeast-3,ap-severovýchod-3,
ap-south-1,ap-south-1,
ap-southeast-1,ap-southeast-1,
ap-southeast-2,ap-southeast-2,
arrow-down,šípka nadol,
arrow-left,šípka vľavo,
arrow-right,šípka vpravo,
arrow-up,šípka hore,
asterisk,hviezdička,
backward,spätne,
ban-circle,ban-circle,
bell,zvon,
bookmark,záložka,
briefcase,kufrík,
bullhorn,megafón,
ca-central-1,ca-central-1,
camera,fotoaparát,
cancelled this document,zrušil tento dokument,
changed value of {0},zmenená hodnota {0},
changed values for {0},zmenené hodnoty pre {0},
chevron-down,chevron-down,
chevron-left,šachovnicová ľavá strana,
chevron-right,chevron-right,
chevron-up,chevron-up,
circle-arrow-down,kruh so šípkou nadol,
circle-arrow-left,kruh-šipka-vľavo,
circle-arrow-right,krúžok-šipka-vpravo,
circle-arrow-up,kruh so šípkou nahor,
cn-north-1,cn-north-1,
cn-northwest-1,cn-northwest-1,
cog,ozubené koleso,
darkgrey,darkgrey,
dd-mm-yyyy,dd-mm-rrrr,
dd.mm.yyyy,dd.mm.rrrr,
dd/mm/yyyy,dd/mm/rrrr,
"document type..., e.g. customer","typ dokumentu..., napr. zákazník",
domain name,názov domény,
download-alt,download-alt,
"e.g. ""Support"", ""Sales"", ""Jerry Yang""","napr. ""Podpora"", ""Predaj"", ""Jerry Yang""",
e.g. (55 + 434) / 4 or =Math.sin(Math.PI/2)...,napr. (55 + 434) / 4 alebo =Math.sin(Math.PI/2)...,
e.g. pop.gmail.com / imap.gmail.com,napr. pop.gmail.com / imap.gmail.com,
e.g. replies@yourcomany.com. All replies will come to this inbox.,napr. replies@yourcomany.com. Všetky odpovede budú prichádzať do tejto schránky.,
e.g. smtp.gmail.com,napr. smtp.gmail.com,
e.g.:,Napr:,
eject,vysunúť,
envelope,obálka,
eu-central-1,eu-central-1,
eu-north-1,eu-north-1,
eu-west-1,eu-west-1,
eu-west-2,eu-west-2,
eu-west-3,eu-west-3,
exclamation-sign,výkričník,
eye-close,priblíženie očí,
eye-open,otvorené oči,
facetime-video,facetime-video,
fairlogin,fairlogin,
fast-backward,rýchly spätný chod,
fast-forward,rýchly posun vpred,
film,film,
fire,požiar,
folder-close,zatvoriť priečinok,
folder-open,folder-open,
fullscreen,na celú obrazovku,
gained by {0} via automatic rule {1},získaný {0} prostredníctvom automatického pravidla {1},
gained {0} points,získal {0} bodov,
gave {0} points,dalo {0} bodov,
gift,darček,
glass,sklo,
globe,glóbus,
hand-down,odovzdávanie z ruky do ruky,
hand-left,ruka vľavo,
hand-right,vpravo vľavo,
hand-up,hand-up,
hdd,hdd,
headphones,slúchadlá,
heart,srdce,
hub,náboj,
indent-left,indent-left,
indent-right,indent-right,
info-sign,info-sign,
italic,kurzíva,
john@doe.com,john@doe.com,
just now,práve teraz,
leaf,list,
lightblue,svetlomodrá,
list-alt,list-alt,
magnet,magnet,
map-marker,mapová značka,
merged {0} into {1},spojil {0} do {1},
minus,mínus,
minus-sign,znamienko mínus,
mm-dd-yyyy,mm-dd-rrrr,
mm/dd/yyyy,mm/dd/rrrr,
module name...,názov modulu...,
new type of document,nový typ dokumentu,
no failed attempts,žiadne neúspešné pokusy,
none of,žiadny z,
ok,ok,
ok-circle,ok-circle,
ok-sign,ok-znak,
on_cancel,on_cancel,
on_change,on_change,
on_submit,on_submit,
on_trash,on_trash,
on_update,on_update,
on_update_after_submit,on_update_after_submit,
only.,iba.,
or,alebo,
pause,pauza,
pencil,ceruzka,
picture,obrázok,
plane,lietadlo,
play,hrať,
play-circle,hrací kruh,
plus,plus,
plus-sign,znamienko plus,
qrcode,qrcode,
query-report,dopyt - správa,
question-sign,znamienko otázky,
remove-circle,remove-circle,
remove-sign,remove-sign,
removed,odstránené,
renamed from {0} to {1},premenovaný z {0} na {1},
repeat,opakovať,
resize-full,zmena veľkosti,
resize-horizontal,zmena veľkosti - horizontálne,
resize-small,zmena veľkosti-malé,
resize-vertical,zmena veľkosti - vertikálne,
restored {0} as {1},obnovil {0} ako {1},
retweet,retweet,
road,cesta,
sa-east-1,sa-east-1,
screenshot,snímka obrazovky,
share-alt,share-alt,
shopping-cart,nákupný košík,
show,zobraziť,
signal,signál,
star,hviezda,
star-empty,prázdna hviezda,
step-backward,krok späť,
step-forward,krok vpred,
submitted this document,predložil tento dokument,
text in document type,text v type dokumentu,
text-height,výška textu,
text-width,šírka textu,
th,th,
th-large,th-large,
th-list,th-list,
thumbs-down,palec nadol,
thumbs-up,palec hore,
tint,tónovanie,
toggle Tag,prepínač Tag,
updated to {0},aktualizované na {0},
us-east-1,us-east-1,
us-east-2,us-east-2,
us-west-1,us-west-1,
us-west-2,us-west-2,
use % as wildcard,použiť % ako zástupný znak,
values separated by commas,hodnoty oddelené čiarkami,
via automatic rule {0} on {1},prostredníctvom automatického pravidla {0} na {1},
viewed,zobrazené na,
volume-down,zníženie hlasitosti,
volume-off,vypnutie hlasitosti,
volume-up,zväčšenie objemu,
warning-sign,výstražné znamenie,
wrench,kľúč,
yyyy-mm-dd,rrrr-mm-dd,
zoom-in,priblíženie,
zoom-out,priblíženie,
{0} Calendar,{0} Kalendár,
{0} Chart,{0} Graf,
{0} Dashboard,{0} Prístrojová doska,
{0} List,{0} Zoznam,
{0} Modules,{0} Moduly,
{0} Report,{0} Správa,
{0} Settings not found,{0} Nastavenia neboli nájdené,
{0} Tree,{0} Strom,
{0} added,{0} pridané,
{0} already exists. Select another name,{0} už existuje. Vyberte iný názov,
{0} already unsubscribed,{0} už sa odhlásil,
{0} already unsubscribed for {1} {2},{0} už sa odhlásil z odberu {1} {2},
{0} and {1},{0} a {1},
{0} appreciated on {1},{0} ocenené na {1},
{0} appreciated your work on {1} with {2} point,{0} ocenil vašu prácu na {1} s bodom {2},
{0} appreciated your work on {1} with {2} points,{0} ocenil vašu prácu na {1} s {2} bodmi,
{0} appreciated {1},{0} ocenil {1},
{0} appreciation point for {1} {2},{0} bod ocenenia pre {1} {2},
{0} appreciation points for {1} {2},{0} bodov za {1} {2},
{0} assigned {1}: {2},{0} priradené {1}: {2},
{0} cannot be set for Single types,{0} nemožno nastaviť pre jednotlivé typy,
{0} comments,{0} komentáre,
{0} created successfully,{0} vytvorené úspešne,
{0} criticism point for {1} {2},{0} kritický bod pre {1} {2},
{0} criticism points for {1} {2},{0} body kritiky pre {1} {2},
{0} criticized on {1},{0} kritizované na {1},
{0} criticized your work on {1} with {2} point,{0} kritizoval vašu prácu na {1} s {2} bodom,
{0} criticized your work on {1} with {2} points,{0} kritizoval vašu prácu na {1} s {2} bodmi,
{0} criticized {1},{0} kritizoval {1},
{0} days ago,pred {0} dňami,
{0} does not exist in row {1},{0} neexistuje v riadku {1},
"{0} field cannot be set as unique in {1}, as there are non-unique existing values","pole {0} nemožno nastaviť ako jedinečné v {1}, pretože existujú nejedinečné hodnoty",
{0} has already assigned default value for {1}.,{0} má už priradenú predvolenú hodnotu pre {1}.,
{0} has been successfully added to the Email Group.,{0} bol úspešne pridaný do skupiny e-mailov.,
{0} has left the conversation in {1} {2},{0} opustil konverzáciu v {1} {2},
{0} hours ago,pred {0} hodinami,
{0} in row {1} cannot have both URL and child items,{0} v riadku {1} nemôže mať položky URL aj podriadené položky,
{0} is a mandatory field,{0} je povinné pole,
{0} is an invalid email address in 'Recipients',{0} je neplatná e-mailová adresa v 'Recipients',
{0} is not a raw printing format.,{0} nie je formát pre tlač surovín.,
{0} is not a valid Email Address,{0} nie je platná e-mailová adresa,
{0} is not a valid Workflow State. Please update your Workflow and try again.,{0} nie je platný stav pracovného postupu. Aktualizujte svoj Workflow a skúste to znova.,
{0} is now default print format for {1} doctype,{0} je teraz predvolený formát tlače pre {1} doctype,
{0} is saved,{0} je uložený,
{0} items selected,{0} vybrané položky,
{0} logged in,{0} prihlásený,
{0} logged out: {1},{0} odhlásený: {1},
{0} minutes ago,pred {0} minútami,
{0} months ago,pred {0} mesiacmi,
{0} must be one of {1},{0} musí byť jedným z {1},
{0} must be set first,{0} musí byť nastavený ako prvý,
{0} must be unique,{0} musí byť jedinečný,
{0} not a valid State,{0} nie je platný stav,
{0} not allowed to be renamed,{0} nie je povolené premenovať,
{0} not found,{0} nebolo nájdené,
{0} of {1},{0} z {1},
{0} or {1},{0} alebo {1},
{0} record deleted,{0} záznam vymazaný,
{0} records deleted,{0} vymazané záznamy,
{0} reverted your point on {1},{0} vrátil váš bod na {1},
{0} reverted your points on {1},{0} vrátil vaše body na {1},
{0} reverted {1},{0} vrátený {1},
{0} room must have atmost one user.,{0} miestnosť musí mať aspoň jedného používateľa.,
{0} rows for {1},{0} riadkov pre {1},
{0} saved successfully,{0} úspešne uložený,
{0} self assigned this task: {1},{0} sám si pridelil túto úlohu: {1},
{0} shared this document with everyone,{0} zdieľal tento dokument so všetkými,
{0} shared this document with {1},{0} zdieľal tento dokument s {1},
{0} subscribers added,{0} pridaných predplatiteľov,
{0} to stop receiving emails of this type,{0} na zastavenie prijímania e-mailov tohto typu,
{0} to {1},{0} až {1},
{0} un-shared this document with {1},{0} zrušil zdieľanie tohto dokumentu s {1},
{0} updated,{0} aktualizované,
{0} weeks ago,pred {0} týždňami,
{0} {1} added,{0} {1} pridané,
{0} {1} already exists,{0} {1} už existuje,
"{0} {1} cannot be ""{2}"". It should be one of ""{3}""","{0} {1} nemôže byť ""{2}"". Mala by to byť jedna z možností ""{3}"".",
{0} {1} cannot be a leaf node as it has children,"{0} {1} nemôže byť listovým uzlom, pretože má deti",
"{0} {1} does not exist, select a new target to merge","{0} {1} neexistuje, vyberte nový cieľ na zlúčenie",
{0} {1} not found,{0} {1} nenájdené,
{0} {1} to {2},{0} {1} až {2},
"{0}, Row {1}","{0}, riadok {1}",
"{0}: '{1}' ({3}) will get truncated, as max characters allowed is {2}","{0}: '{1}' ({3}) bude skrátený, pretože maximálny povolený počet znakov je {2}",
{0}: Cannot set Amend without Cancel,{0}: Nemožno nastaviť Zmeniť bez Zrušiť,
{0}: Cannot set Assign Amend if not Submittable,"{0}: Nemožno nastaviť Priradiť zmeniť, ak nie je možné odoslať",
{0}: Cannot set Assign Submit if not Submittable,"{0}: Nemožno nastaviť Priradiť Odoslať, ak nie je Submittable",
{0}: Cannot set Cancel without Submit,{0}: Nie je možné nastaviť Zrušiť bez Odoslať,
{0}: Cannot set Import without Create,{0}: Nemožno nastaviť Import bez Create,
"{0}: Cannot set Submit, Cancel, Amend without Write","{0}: Nemožno nastaviť Odoslať, Zrušiť, Zmeniť bez zápisu",
{0}: Cannot set import as {1} is not importable,"{0}: Nemožno nastaviť import, pretože {1} nie je importovateľný",
{0}: No basic permissions set,{0}: Nie sú nastavené žiadne základné oprávnenia,
"{0}: Only one rule allowed with the same Role, Level and {1}","{0}: Povolené je len jedno pravidlo s rovnakou rolou, úrovňou a {1}",
{0}: Permission at level 0 must be set before higher levels are set,{0}: Oprávnenie na úrovni 0 musí byť nastavené pred nastavením vyšších úrovní,
{0}: {1} in {2},{0}: {1} v {2},
{0}: {1} is set to state {2},{0}: {1} je nastavený do stavu {2},
{app_title},{app_title},
{{{0}}} is not a valid fieldname pattern. It should be {{field_name}}.,{{{0}}} nie je platný vzor názvu poľa. Malo by to byť {{názov_poľa}}.,
Communication Link,Komunikačné prepojenie,
Force User to Reset Password,Vynútiť používateľa k obnoveniu hesla,
In Days,V dňoch,
Last Password Reset Date,Dátum posledného obnovenia hesla,
The password of your account has expired.,Platnosť hesla vášho konta vypršala.,
Workflow State transition not allowed from {0} to {1},Prechod stavu pracovného postupu nie je povolený z {0} na {1},
{0} must be after {1},{0} musí byť za {1},
{0}: Field '{1}' cannot be set as Unique as it has non-unique values,"{0}: Pole ""{1}"" nemožno nastaviť ako jedinečné, pretože má nejedinečné hodnoty",
{0}: Field {1} in row {2} cannot be hidden and mandatory without default,{0}: Pole {1} v riadku {2} nemôže byť skryté a povinné bez predvoleného nastavenia,
{0}: Field {1} of type {2} cannot be mandatory,{0}: Pole {1} typu {2} nemôže byť povinné,
{0}: Fieldname {1} appears multiple times in rows {2},{0}: Názov poľa {1} sa v riadkoch {2} vyskytuje viackrát,
{0}: Fieldtype {1} for {2} cannot be unique,{0}: Typ poľa {1} pre {2} nemôže byť jedinečný,
{0}: Options must be a valid DocType for field {1} in row {2},{0}: Options musí byť platný DocType pre pole {1} v riadku {2},
{0}: Options required for Link or Table type field {1} in row {2},{0}: Možnosti požadované pre pole typu Odkaz alebo Tabuľka {1} v riadku {2},
{0}: Options {1} must be the same as doctype name {2} for the field {3},{0}: Možnosti {1} musia byť rovnaké ako názov doctype {2} pre pole {3},
{0}:Fieldtype {1} for {2} cannot be indexed,{0}:Fieldtype {1} pre {2} nemožno indexovať,
Make {0},Urobte {0},
A user who posts blogs.,"Používateľ, ktorý uverejňuje blogy.",
Applying: {0},Podanie žiadosti: {0},
Fieldname {0} is restricted,Názov poľa {0} je obmedzený,
Is Optional State,Je voliteľný stav,
No values to show,Žiadne hodnoty na zobrazenie,
View Ref,Zobraziť odkaz,
Workflow Action is not created for optional states,Akcia pracovného postupu nie je vytvorená pre voliteľné stavy,
{0} values selected,{0} vybrané hodnoty,
"""amended_from"" field must be present to do an amendment.","Ak chcete vykonať zmenu, musí byť prítomné pole ""amended_from"".",
(Mandatory),(Povinné),
1 Google Calendar Event synced.,1 synchronizovaná udalosť Kalendára Google.,
1 record will be exported,vyexportuje sa 1 záznam,
1 week ago,Pred 1 týždňom,
5 Records,5 záznamov,
A recurring {0} {1} has been created for you via Auto Repeat {2}.,Prostredníctvom funkcie Automatické opakovanie {2} bolo pre vás vytvorené opakované {0} {1}.,
API,API,
API Method,Metóda API,
About {0} minute remaining,Zostáva približne {0} minút,
About {0} minutes remaining,Zostáva približne {0} minút,
About {0} seconds remaining,Zostáva približne {0} sekúnd,
Access Log,Protokol o prístupe,
Access not allowed from this IP Address,Prístup z tejto IP adresy nie je povolený,
Action Type,Typ akcie,
Activity Log by ,Záznam o činnosti podľa,
Add Fields,Pridať polia,
Administration,Administratíva,
After Cancel,Po zrušení,
After Delete,Po vymazaní,
After Save,Po uložení,
After Save (Submitted Document),Po uložení (odoslaný dokument),
After Submit,Po odoslaní,
Aggregate Function Based On,Agregátna funkcia na základe,
Aggregate Function field is required to create a dashboard chart,Pole Aggregate Function je potrebné na vytvorenie grafu prístrojovej dosky,
All Records,Všetky záznamy,
Allot Points To Assigned Users,Prideľovanie bodov priradeným používateľom,
Allow Auto Repeat,Povoliť automatické opakovanie,
Allow Google Calendar Access,Povolenie prístupu do kalendára Google,
Allow Google Contacts Access,Povolenie prístupu ku kontaktom Google,
Allow Google Drive Access,Povolenie prístupu k službe Disk Google,
Allow Guest,Povoliť hosťa,
Allow Guests to Upload Files,Povolenie hosťom nahrávať súbory,
Also adding the status dependency field {0},Tiež pridanie poľa závislosti stavu {0},
An error occurred while setting Session Defaults,Pri nastavovaní predvolených nastavení relácie došlo k chybe,
Annual,Ročný,
Append Emails to Sent Folder,Pripojenie e-mailov do priečinka odoslaných,
Apply Assignment Rule,Použiť pravidlo priradenia,
Apply Only Once,Aplikujte iba raz,
Apply this rule only once per document,Toto pravidlo použite len raz na jeden dokument,
Approval Required,Požadované schválenie,
Approved,Schválené,
Are you sure you want to delete all rows?,"Ste si istí, že chcete odstrániť všetky riadky?",
Are you sure you want to delete this post?,Určite chcete tento príspevok vymazať?,
Are you sure you want to merge {0} with {1}?,"Ste si istí, že chcete zlúčiť {0} s {1}?",
Assignment Day {0} has been repeated.,Pridelený deň {0} sa opakuje.,
Assignment Days,Dni pridelenia,
Assignment Rule Day,Pridelenie Pravidlo Deň,
Assignments,Zadania,
Attach a web link,Pripojte webové prepojenie,
Authorize Google Calendar Access,Autorizácia prístupu do kalendára Google,
Authorize Google Contacts Access,Autorizácia prístupu ku kontaktom Google,
Authorize Google Drive Access,Autorizácia prístupu k službe Disk Google,
Auto Repeat Document Creation Failed,Automatické opakované vytváranie dokumentov zlyhalo,
Auto Repeat Document Creation Failure,Zlyhanie automatického opakovania vytvárania dokumentov,
Auto Repeat created for this document,Automatické opakovanie vytvorené pre tento dokument,
Auto Repeat failed for {0},Automatické opakovanie zlyhalo pre {0},
Automatic Linking can be activated only for one Email Account.,Automatické prepojenie je možné aktivovať len pre jedno e-mailové konto.,
Automatic Linking can be activated only if Incoming is enabled.,"Automatické prepojenie je možné aktivovať len vtedy, ak je zapnutá funkcia Incoming.",
Automatically generates recurring documents.,Automaticky generuje opakujúce sa dokumenty.,
Backing up to Google Drive.,Zálohovanie na Disk Google.,
Backup Folder ID,ID záložného priečinka,
Backup Folder Name,Názov záložného priečinka,
Before Cancel,Pred zrušením,
Before Delete,Pred vymazaním,
Before Insert,Pred vložením,
Before Save,Pred uložením,
Before Save (Submitted Document),Pred uložením (odoslaný dokument),
Before Submit,Pred odoslaním,
Blank Template,Prázdna šablóna,
Callback URL,Spätné volanie URL,
Cancel All Documents,Zrušiť všetky dokumenty,
Cancelling documents,Zrušenie dokumentov,
Cannot match column {0} with any field,Nemožno porovnať stĺpec {0} so žiadnym poľom,
Change,Zmena,
Change User,Zmena používateľa,
Check the Error Log for more information: {0},Ďalšie informácie nájdete v protokole o chybách: {0},
Clear Cache and Reload,Vymazanie vyrovnávacej pamäte a opätovné načítanie,
Clear Filters,Vymazať filtre,
Click on <b>Authorize Google Drive Access</b> to authorize Google Drive Access.,Kliknutím na <b>Autorizovať prístup na Disk Google</b> autorizujte prístup na Disk Google.,
Click on a file to select it.,Kliknutím na súbor ho vyberte.,
Click on the link below to approve the request,Kliknutím na odkaz nižšie žiadosť schválite,
Click on the lock icon to toggle public/private,Kliknutím na ikonu zámku prepnete verejné/súkromné,
Click on {0} to generate Refresh Token.,Kliknutím na {0} vygenerujete žetón Refresh.,
Close Condition,Zavrieť stav,
Columns / Fields,Stĺpce / polia,
"Configure notifications for mentions, assignments, energy points and more.","Konfigurujte upozornenia na zmienky, priradenia, energetické body a ďalšie.",
Contact Email,Kontaktný e-mail,
Contact Numbers,Kontaktné čísla,
Contact Phone,Kontaktný telefón,
Contact Synced with Google Contacts.,Kontakty synchronizované s kontaktmi Google.,
Context,Kontext,
Contribute Translations,Prispieť k prekladom,
Contributed,Prispel,
Controller method get_razorpay_order missing,Chýba metóda controllera get_razorpay_order,
Copied to clipboard.,Skopírované do schránky.,
Core Modules {0} cannot be searched in Global Search.,Základné moduly {0} nemožno vyhľadávať v globálnom vyhľadávaní.,
Could not create Razorpay order. Please contact Administrator,"Nepodarilo sa vytvoriť objednávku Razorpay. Prosím, kontaktujte správcu",
Could not create razorpay order,Nepodarilo sa vytvoriť objednávku razorpay,
Create Log,Vytvoriť protokol,
Create your first {0},Vytvorte svoj prvý {0},
Created {0} records successfully.,Úspešne vytvorených {0} záznamov.,
Cron,Cron,
Cron Format,Formát Cron,
Daily Events should finish on the Same Day.,Denné udalosti by sa mali skončiť v ten istý deň.,
Daily Long,Denne Long,
Default Role on Creation,Predvolená úloha pri vytvorení,
Default Theme,Predvolená téma,
Default {0},Predvolené nastavenie {0},
Delete All,Odstrániť všetko,
Do you want to cancel all linked documents?,Chcete zrušiť všetky prepojené dokumenty?,
DocType Action,DocType Akcia,
DocType Event,Udalosť typu DocType,
DocType Link,Prepojenie typu DocType,
Document Share,Zdieľanie dokumentov,
Document Tag,Označenie dokumentu,
Document Title,Názov dokumentu,
Document Type Field Mapping,Mapovanie polí typu dokumentu,
Document Type Mapping,Mapovanie typu dokumentu,
Document Type {0} has been repeated.,Typ dokumentu {0} sa opakuje.,
Document renamed from {0} to {1},Dokument premenovaný z {0} na {1},
Document type is required to create a dashboard chart,Typ dokumentu je potrebný na vytvorenie grafu prístrojovej dosky,
Documentation Link,Odkaz na dokumentáciu,
Don't Import,Neimportujte,
Don't Send Emails,Neposielajte e-maily,
"Drag and drop files, ","Ťahanie a púšťanie súborov,",
Drop,Drop,
Drop Here,Drop Here,
Drop files here,Sem hádžte súbory,
Dynamic Template,Dynamická šablóna,
ERPNext Role,ERPNďalšia úloha,
Email / Notifications,E-mail / Oznámenia,
Email Account setup please enter your password for: {0},Nastavenie e-mailového účtu Zadajte svoje heslo pre: {0},
Email Address whose Google Contacts are to be synced.,"E-mailová adresa, ktorej kontakty Google sa majú synchronizovať.",
"Email ID must be unique, Email Account already exists for {0}","ID e-mailu musí byť jedinečné, e-mailové konto už existuje pre {0}",
Email IDs,E-mailové ID,
Enable Allow Auto Repeat for the doctype {0} in Customize Form,Povoliť automatické opakovanie pre typ doctype {0} v prispôsobenom formulári,
Enable Automatic Linking in Documents,Povolenie automatického prepojenia v dokumentoch,
Enable Email Notifications,Povolenie e-mailových oznámení,
Enable Google API in Google Settings.,Povoľte rozhranie Google API v nastaveniach Google.,
Enable Security,Povolenie zabezpečenia,
Energy Point,Energetický bod,
Enter Client Id and Client Secret in Google Settings.,V Nastaveniach Google zadajte Id klienta a Tajné klienta.,
Enter Code displayed in OTP App.,Zadajte kód zobrazený v aplikácii OTP.,
Event Configurations,Konfigurácie udalostí,
Event Consumer,Spotrebiteľ podujatia,
Event Consumer Document Type,Typ dokumentu spotrebiteľa udalosti,
Event Consumer Document Types,Typy dokumentov spotrebiteľa udalostí,
Event Producer,Producent podujatia,
Event Producer Document Type,Typ dokumentu producenta podujatia,
Event Producer Document Types,Typy dokumentov producenta podujatí,
Event Streaming,Streamovanie udalostí,
Event Subscriber,Odberateľ udalostí,
Event Sync Log,Protokol synchronizácie udalostí,
Event Synced with Google Calendar.,Synchronizácia udalosti s Kalendárom Google.,
Event Update Log,Protokol aktualizácie udalostí,
Export 1 record,Exportovať 1 záznam,
Export Errored Rows,Exportovať chybné riadky,
Export From,Exportovať z,
Export Type,Typ exportu,
Export {0} records,Exportovať {0} záznamov,
Failed to connect to the Event Producer site. Retry after some time.,Nepodarilo sa pripojiť k lokalite Event Producer. Po určitom čase to skúste znova.,
Failed to create an Event Consumer or an Event Consumer for the current site is already registered.,Nepodarilo sa vytvoriť konzumenta udalostí alebo konzument udalostí pre aktuálnu lokalitu je už zaregistrovaný.,
Failure,Zlyhanie,
Fetching default Global Search documents.,Získavanie predvolených dokumentov globálneho vyhľadávania.,
Fetching posts...,Získavanie príspevkov...,
Field To Check,Pole na kontrolu,
File Information,Informácie o súbore,
Filter By,Filtrovanie podľa,
Filtered Records,Filtrované záznamy,
Filters applied for {0},Filtre použité pre {0},
Finished,Dokončené,
First,Prvá stránka,
For Document Event,Pre udalosť dokumentu,
"For more information, <a class=""text-muted"" href=""https://erpnext.com/docs/user/manual/en/setting-up/email/linking-emails-to-document"">click here</a>.","Viac informácií nájdete <a class=""text-muted"" href=""https://erpnext.com/docs/user/manual/en/setting-up/email/linking-emails-to-document"">kliknite sem</a>.",
"For more information, {0}.",Viac informácií nájdete na adrese {0}.,
"For performance, only the first 100 rows were processed.",Kvôli výkonu bolo spracovaných len prvých 100 riadkov.,
Form URL-Encoded,Kódovanie adresy URL formulára,
Frequently Visited Links,Často navštevované odkazy,
From Date,Od dátumu,
From User,Od používateľa,
Global Search DocType,Globálne vyhľadávanie DocType,
Global Search Document Types Reset.,Globálne vyhľadávanie Typy dokumentov Reset.,
Global Search Settings,Globálne nastavenia vyhľadávania,
Global Shortcuts,Globálne skratky,
Go,Prejsť na stránku,
Go to next record,Prejsť na ďalší záznam,
Go to previous record,Prejsť na predchádzajúci záznam,
Google API Settings.,Nastavenia rozhrania Google API.,
Google Calendar,Kalendár Google,
"Google Calendar - Could not create Calendar for {0}, error code {1}.","Kalendár Google - Kalendár sa nepodarilo vytvoriť pre {0}, kód chyby {1}.",
"Google Calendar - Could not delete Event {0} from Google Calendar, error code {1}.","Kalendár Google - Nepodarilo sa odstrániť udalosť {0} z Kalendára Google, kód chyby {1}.",
"Google Calendar - Could not fetch event from Google Calendar, error code {0}.","Kalendár Google - nepodarilo sa načítať udalosť z Kalendára Google, kód chyby {0}.",
"Google Calendar - Could not insert contact in Google Contacts {0}, error code {1}.","Kalendár Google - Nepodarilo sa vložiť kontakt do Kontaktov Google {0}, kód chyby {1}.",
"Google Calendar - Could not insert event in Google Calendar {0}, error code {1}.","Kalendár Google - Do Kalendára Google sa nepodarilo vložiť udalosť {0}, kód chyby {1}.",
"Google Calendar - Could not update Event {0} in Google Calendar, error code {1}.","Kalendár Google - V Kalendári Google sa nepodarilo aktualizovať udalosť {0}, kód chyby {1}.",
Google Calendar Event ID,ID udalosti v kalendári Google,
Google Calendar Integration.,Integrácia kalendára Google.,
Google Calendar has been configured.,Kalendár Google bol nakonfigurovaný.,
Google Contacts,Kontakty Google,
"Google Contacts - Could not sync contacts from Google Contacts {0}, error code {1}.","Kontakty Google - Nepodarilo sa synchronizovať kontakty z Kontaktov Google {0}, kód chyby {1}.",
"Google Contacts - Could not update contact in Google Contacts {0}, error code {1}.","Kontakty Google - Nepodarilo sa aktualizovať kontakt v Kontaktoch Google {0}, kód chyby {1}.",
Google Contacts Id,Identifikácia kontaktov Google,
Google Contacts Integration is disabled.,Integrácia kontaktov Google je vypnutá.,
Google Contacts Integration.,Integrácia kontaktov Google.,
Google Contacts has been configured.,Kontakty Google boli nakonfigurované.,
Google Drive,Disk Google,
Google Drive - Could not create folder in Google Drive - Error Code {0},Disk Google - Nie je možné vytvoriť priečinok na Disku Google - Kód chyby {0},
Google Drive - Could not find folder in Google Drive - Error Code {0},Disk Google - Nepodarilo sa nájsť priečinok na Disku Google - Kód chyby {0},
Google Drive Backup Successful.,Zálohovanie na Disk Google bolo úspešné.,
Google Drive Backup.,Zálohovanie na Disk Google.,
Google Drive Integration.,Integrácia služby Disk Google.,
Google Drive has been configured.,Disk Google bol nakonfigurovaný.,
Google Integration is disabled.,Integrácia Google je vypnutá.,
Google Settings,Nastavenia Google,
Group By,Skupina podľa,
Group By Based On,Zoskupiť podľa na základe,
Group By Type,Skupina podľa typu,
Group By field is required to create a dashboard chart,Pole Group By je potrebné na vytvorenie grafu prístrojovej dosky,
HH:mm,HH:mm,
HH:mm:ss,HH:mm:ss,
HOOK-.####,HOOK-.####,
HTML Page,Stránka HTML,
Has Mapping,Má mapovanie,
Hourly Long,Hodinový Long,
"If non-standard port (e.g. POP3: 995/110, IMAP: 993/143)","Ak ide o neštandardný port (napr. POP3: 995/110, IMAP: 993/143)",
If the document has different field names on the Producer and Consumer's end check this and set up the Mapping,"Ak má dokument rôzne názvy polí na strane výrobcu a spotrebiteľa, skontrolujte to a nastavte Mapovanie",
If this is checked the documents will have the same name as they have on the Event Producer's site,"Ak je táto možnosť začiarknutá, dokumenty budú mať rovnaký názov ako na stránke výrobcu podujatia.",
Illegal SQL Query,Nezákonný dotaz SQL,
Import File,Importovať súbor,
Import Log Preview,Náhľad na import denníka,
Import Preview,Náhľad importu,
Import Progress,Pokrok pri dovoze,
Import Type,Typ importu,
Import Warnings,Upozornenia pri dovoze,
"Import template should be of type .csv, .xlsx or .xls","Šablóna importu by mala byť typu .csv, .xlsx alebo .xls",
Import template should contain a Header and atleast one row.,Šablóna importu by mala obsahovať hlavičku a aspoň jeden riadok.,
Importing {0} of {1},Import {0} z {1},
"Importing {0} of {1}, {2}","Import {0} z {1}, {2}",
Include indentation,Zahrnúť odsadenie,
Incoming Change,Prichádzajúca zmena,
Invalid Filter Value,Neplatná hodnota filtra,
Invalid URL,Neplatná adresa URL,
Invalid field name: {0},Nesprávny názov poľa: {0},
Invalid file URL. Please contact System Administrator.,Neplatná adresa URL súboru. Kontaktujte správcu systému.,
Invalid include path,Neplatná cesta k súboru,
Invalid username or password,Nesprávne používateľské meno alebo heslo,
Is Primary,Je primárne,
Is Primary Mobile,Je primárny mobilný telefón,
Is Primary Phone,Je primárny telefón,
Is Tree,Je strom,
JSON Request Body,Telo požiadavky JSON,
Javascript is disabled on your browser,Javascript je vo vašom prehliadači vypnutý,
Job,Práca,
Jump to field,Prejsť na pole,
Keyboard Shortcuts,Klávesové skratky,
LDAP Group,Skupina LDAP,
LDAP Group Field,Pole skupiny LDAP,
LDAP Group Mapping,Mapovanie skupín LDAP,
LDAP Group Mappings,Mapovanie skupín LDAP,
LDAP Last Name Field,Pole priezviska LDAP,
LDAP Middle Name Field,Pole stredného mena LDAP,
LDAP Mobile Field,Mobilné pole LDAP,
LDAP Phone Field,Pole telefónu LDAP,
LDAP User Creation and Mapping,Vytváranie a mapovanie používateľov LDAP,
Landscape,Krajina,
Last,Posledný,
Last Backup On,Posledné zálohovanie na,
Last Execution,Posledné vykonanie,
Last Sync On,Zapnutá posledná synchronizácia,
Last Update,Posledná aktualizácia,
Last refreshed,Posledná aktualizácia,
Link Document Type,Prepojenie Typ dokumentu,
Link Fieldname,Prepojenie Názov poľa,
Loading import file...,Načítanie importného súboru...,
Local Document Type,Miestny typ dokumentu,
Log Data,Údaje denníka,
Main Section (HTML),Hlavná časť (HTML),
Main Section (Markdown),Hlavná časť (Markdown),
"Maintains a Log of all inserts, updates and deletions on Event Producer site for documents that have consumers.","Udržiava protokol všetkých vložení, aktualizácií a vymazaní na lokalite producenta udalostí pre dokumenty, ktoré majú spotrebiteľov.",
Maintains a log of every event consumed along with the status of the sync and a Resync button in case sync fails.,"Udržiava protokol každej spotrebovanej udalosti spolu so stavom synchronizácie a tlačidlom Resync pre prípad, že synchronizácia zlyhá.",
Make all attachments private,Urobiť všetky prílohy súkromné,
Mandatory Depends On,Povinné Závisí od,
Map Columns,Stĺpce mapy,
Map columns from {0} to fields in {1},Mapovanie stĺpcov z {0} na polia v {1},
Mapping column {0} to field {1},Mapovanie stĺpca {0} na pole {1},
Mark all as Read,Označiť všetky ako prečítané,
Maximum Points,Maximálny počet bodov,
Maximum points allowed after multiplying points with the multiplier value\n(Note: For no limit leave this field empty or set 0),"Maximálny počet bodov povolený po vynásobení bodov hodnotou násobiteľa\n(Poznámka: Ak chcete, aby nebol limit, nechajte toto pole prázdne alebo nastavte 0)",
Me,Ja,
Mention,Spomenúť,
Modules,Moduly,
Monthly Long,Mesačné dlhé,
Naming Series,Séria pomenovaní,
Navigate Home,Prejsť na domovskú stránku,
Navigate list down,Prejsť zoznamom nadol,
Navigate list up,Navigácia v zozname nahor,
New Notification,Nové oznámenie,
New {0}: {1},Nové {0}: {1},
Newsletter should have atleast one recipient,Newsletter by mal mať aspoň jedného príjemcu,
No Events Today,Dnes žiadne podujatia,
No Google Calendar Event to sync.,Žiadna synchronizácia udalosti Kalendára Google.,
No More Activity,Žiadna ďalšia aktivita,
No Name Specified for {0},Pre {0} nie je uvedený žiadny názov,
No Upcoming Events,Žiadne nadchádzajúce podujatia,
No activity,Žiadna aktivita,
No conditions provided,Nie sú stanovené žiadne podmienky,
No contacts linked to document,Žiadne kontakty prepojené s dokumentom,
No data to export,Žiadne údaje na export,
No documents found tagged with {0},Neboli nájdené žiadne dokumenty označené tagom {0},
No failed logs,Žiadne neúspešné protokoly,
No filters found,Nenašli sa žiadne filtre,
No more items to display,Žiadne ďalšie položky na zobrazenie,
No more posts,Žiadne ďalšie príspevky,
No new Google Contacts synced.,Žiadne nové kontakty Google neboli synchronizované.,
No pending or current jobs for this site,Žiadne čakajúce alebo aktuálne pracovné ponuky pre túto lokalitu,
No posts yet,Zatiaľ žiadne príspevky,
No records will be exported,Nebudú sa exportovať žiadne záznamy,
No results found for {0} in Global Search,V globálnom vyhľadávaní neboli nájdené žiadne výsledky pre {0},
No user found,Nenašiel sa žiadny používateľ,
Notification Log,Denník oznámení,
Notification Settings,Nastavenia oznámení,
Notification Subscribed Document,Oznámenie Prihlásený dokument,
Notifications Disabled,Vypnuté oznámenia,
Number of Groups,Počet skupín,
OAuth Client ID,ID klienta OAuth,
OTP setup using OTP App was not completed. Please contact Administrator.,Nastavenie OTP pomocou aplikácie OTP nebolo dokončené. Obráťte sa na správcu.,
Only one {0} can be set as primary.,Ako primárny môže byť nastavený len jeden {0}.,
Open Awesomebar,Otvoriť Awesomebar,
Open Chat,Otvorený chat,
Open Documents,Otvorené dokumenty,
Open Help,Otvoriť pomoc,
Open Settings,Otvoriť nastavenia,
Open list item,Otvoriť položku zoznamu,
Organizational Unit for Users,Organizačná jednotka pre používateľov,
Page Shortcuts,Skratky stránky,
Parent Field (Tree),Rodičovské pole (strom),
Parent Field must be a valid fieldname,Nadradené pole musí byť platný názov poľa,
Pin Globally,PIN globálne,
Places,Miesta,
Please check the filter values set for Dashboard Chart: {},Skontrolujte hodnoty filtra nastavené pre graf Dashboard Chart: {},
Please enable pop-ups in your browser,Povoľte vyskakovacie okná vo svojom prehliadači,
Please find attached {0}: {1},V prílohe nájdete {0}: {1},
Please select applicable Doctypes,Vyberte príslušné typy dokladov,
Portrait,Portrét,
Press Alt Key to trigger additional shortcuts in Menu and Sidebar,Stlačením klávesu Alt spustíte ďalšie skratky v ponuke a bočnom paneli,
Print Settings...,Nastavenia tlače...,
Producer Document Name,Názov dokumentu výrobcu,
Producer URL,URL adresa výrobcu,
Property Depends On,Vlastnosť závisí od,
Pull from Google Calendar,Vytiahnutie z Kalendára Google,
Pull from Google Contacts,Vytiahnutie z kontaktov Google,
Pulled from Google Calendar,Vytiahnuté z Kalendára Google,
Pulled from Google Contacts,Vytiahnuté z kontaktov Google,
Push to Google Calendar,Presun do Kalendára Google,
Push to Google Contacts,Posunutie do kontaktov Google,
Queue / Worker,Fronta / pracovník,
RAW Information Log,Informačný protokol RAW,
Raw Printing Settings...,Nastavenia surovej tlače...,
Read Only Depends On,Len na čítanie Závisí od,
Recent Activity,Nedávna aktivita,
Reference document has been cancelled,Referenčný dokument bol zrušený,
Reload File,Opätovné načítanie súboru,
Remote Document Type,Typ vzdialeného dokumentu,
"Renamed files and replaced code in controllers, please check!","Premenované súbory a nahradený kód v ovládačoch, prosím, skontrolujte!",
Repeat on Last Day of the Month,Opakovanie v posledný deň mesiaca,
Repeats {0},Opakuje {0},
Report Information,Informácie o správe,
Report with more than 10 columns looks better in Landscape mode.,Správa s viac ako 10 stĺpcami vyzerá lepšie v režime na šírku.,
Request Structure,Štruktúra žiadosti,
Restricted,Obmedzené,
Restrictions,Obmedzenia,
Resync,Resynchronizácia,
Row Number,Číslo riadku,
Row {0},Riadok {0},
Run Jobs only Daily if Inactive For (Days),"Spúšťať úlohy len denne, ak sú neaktívne (dni)",
SMS was not sent. Please contact Administrator.,SMS nebola odoslaná. Obráťte sa na správcu.,
Saved Successfully,Úspešne uložené,
Scheduled Job,Naplánovaná úloha,
Scheduled Job Log,Protokol naplánovaných úloh,
Scheduled Job Type,Plánovaný typ práce,
Scheduler Inactive,Plánovač neaktívny,
Scheduler is inactive. Cannot import data.,Plánovač je neaktívny. Nie je možné importovať údaje.,
Script Manager,Správca scenára,
Script Type,Typ scenára,
Search Priorities,Priority vyhľadávania,
Search Source Text,Vyhľadávanie zdrojového textu,
Search by filename or extension,Vyhľadávanie podľa názvu alebo prípony súboru,
Select Date Range,Vyberte rozsah dátumov,
Select Field,Vyberte pole,
Select Field...,Vyberte pole...,
Select Filters,Vybrať filtre,
Select Google Calendar to which event should be synced.,"Vyberte Kalendár Google, s ktorým sa má udalosť synchronizovať.",
Select Google Contacts to which contact should be synced.,"Vyberte Kontakty Google, s ktorými sa má kontakt synchronizovať.",
Select Group By...,Vyberte skupinu podľa...,
Select Mandatory,Vyberte možnosť Povinné,
Select atleast 2 actions,Vyberte aspoň 2 akcie,
Select list item,Výber položky zoznamu,
Select multiple list items,Výber viacerých položiek zoznamu,
Send an email to {0} to link it here,"Pošlite e-mail na adresu {0}, aby ste ho sem prepojili",
Server Action,Akcia servera,
Server Script,Serverový skript,
Session Default,Predvolené nastavenie relácie,
Session Default Settings,Predvolené nastavenia relácie,
Session Defaults,Predvolené nastavenia relácie,
Session Defaults Saved,Uloženie predvolených nastavení relácie,
Set as Default Theme,Nastaviť ako predvolenú tému,
Setting up Global Search documents.,Nastavenie dokumentov globálneho vyhľadávania.,
Show Document,Zobraziť dokument,
Show Failed Logs,Zobraziť neúspešné protokoly,
Show Keyboard Shortcuts,Zobraziť klávesové skratky,
Show More Activity,Zobraziť viac aktivít,
Show Traceback,Zobraziť spätnú väzbu,
Show Warnings,Zobraziť upozornenia,
Showing only first {0} rows out of {1},Zobrazenie iba prvých {0} riadkov z {1},
"Simple Python Expression, Example: Status in (""Invalid"")","Jednoduchý výraz v jazyku Python, príklad: Stav v (""Neplatný"")",
Skipping Untitled Column,Preskočenie stĺpca bez názvu,
Skipping column {0},Vynechanie stĺpca {0},
Social Home,Sociálna sieť Domov,
Some columns might get cut off when printing to PDF. Try to keep number of columns under 10.,Pri tlači do PDF sa môžu niektoré stĺpce odrezať. Pokúste sa udržať počet stĺpcov pod 10.,
Something went wrong during the token generation. Click on {0} to generate a new one.,Pri generovaní žetónov sa niečo pokazilo. Kliknutím na {0} vygenerujete nový.,
Submit After Import,Odoslať po importe,
Submitting...,Odoslanie...,
Success! You are good to go 👍,Úspech! Môžete ísť 👍,
Successful Transactions,Úspešné transakcie,
Successfully Submitted!,Úspešne odoslané!,
Successfully imported {0} record.,Úspešne importovaný záznam {0}.,
Successfully imported {0} records.,Úspešne importovaných {0} záznamov.,
Successfully updated {0} record.,Úspešne aktualizovaný záznam {0}.,
Successfully updated {0} records.,Úspešne aktualizované {0} záznamy.,
Sync Calendar,Synchronizácia kalendára,
Sync Contacts,Synchronizácia kontaktov,
Sync with Google Calendar,Synchronizácia s Kalendárom Google,
Sync with Google Contacts,Synchronizácia s kontaktmi Google,
Synced,Synchronizované,
Syncing,Synchronizácia,
Syncing {0} of {1},Synchronizácia {0} z {1},
Tag Link,Odkaz na značku,
Take Backup,Prevziať záložnú kópiu,
Template Error,Chyba šablóny,
Template Options,Možnosti šablóny,
Template Warnings,Upozornenia šablóny,
The Auto Repeat for this document has been disabled.,Automatické opakovanie pre tento dokument bolo vypnuté.,
The following records needs to be created before we can import your file.,Pred importom vášho súboru je potrebné vytvoriť nasledujúce záznamy.,
The mapping configuration between two doctypes.,Konfigurácia mapovania medzi dvoma doktrinálnymi typmi.,
The site which is consuming your events.,"Miesto, ktoré využíva vaše udalosti.",
The site you want to subscribe to for consuming events.,"Miesto, ktoré chcete prihlásiť na odber udalostí.",
The webhook will be triggered if this expression is true,"Webhook sa spustí, ak je tento výraz pravdivý",
The {0} is already on auto repeat {1},{0} je už zapnuté automatické opakovanie {1},
There are some linked records which needs to be created before we can import your file. Do you want to create the following missing records automatically?,Pred importom vášho súboru je potrebné vytvoriť niekoľko prepojených záznamov. Chcete automaticky vytvoriť tieto chýbajúce záznamy?,
There should be atleast one row for the following tables: {0},V nasledujúcich tabuľkách by mal byť aspoň jeden riadok: {0},
There should be atleast one row for {0} table,Pre tabuľku {0} by mal existovať aspoň jeden riadok,
This action is only allowed for {},Táto akcia je povolená len pre {},
This cannot be undone,To sa nedá vrátiť späť,
Time Format,Formát času,
Time series based on is required to create a dashboard chart,Časový rad založený na je potrebný na vytvorenie grafu prístrojovej dosky,
Time {0} must be in format: {1},Čas {0} musí byť vo formáte: {1},
"To configure Auto Repeat, enable ""Allow Auto Repeat"" from {0}.","Ak chcete nakonfigurovať automatické opakovanie, povoľte položku ""Povoliť automatické opakovanie"" z {0}.",
To enable it follow the instructions in the following link: {0},"Ak ju chcete povoliť, postupujte podľa pokynov v nasledujúcom odkaze: {0}",
"To use Google Calendar, enable {0}.","Ak chcete používať Kalendár Google, povoľte {0}.",
"To use Google Contacts, enable {0}.","Ak chcete používať Kontakty Google, povoľte {0}.",
"To use Google Drive, enable {0}.","Ak chcete používať službu Disk Google, povoľte možnosť {0}.",
Today's Events,Dnešné udalosti,
Toggle Public/Private,Prepínanie Verejné/súkromné,
Tracks milestones on the lifecycle of a document if it undergoes multiple stages.,"Sleduje míľniky životného cyklu dokumentu, ak prechádza viacerými fázami.",
Tree structures are implemented using Nested Set,Stromové štruktúry sú implementované pomocou vnorenej množiny,
Trigger Primary Action,Spúšťacia primárna akcia,
URL for documentation or help,URL pre dokumentáciu alebo nápovedu,
URL must start with 'http://' or 'https://',"Adresa URL musí začínať na ""http://"" alebo ""https://"".",
Unchanged,Nezmenené,
Unpin,Odpojenie stránky,
Untitled Column,Stĺpec bez názvu,
Untranslated,Nepreložené,
Upcoming Events,Nadchádzajúce podujatia,
Update Existing Records,Aktualizácia existujúcich záznamov,
Updated To A New Version 🎉,Aktualizované na novú verziu 🎉,
"Updating {0} of {1}, {2}","Aktualizácia {0} z {1}, {2}",
Upload file,Nahrať súbor,
Upload {0} files,Nahratie {0} súborov,
Uploaded To Google Drive,Nahrané na Disk Google,
Uploaded successfully,Úspešne nahrané,
Uploading {0} of {1},Nahrávanie {0} z {1},
Use SSL for Outgoing,Používanie protokolu SSL pre odchádzajúce hovory,
Use Same Name,Používanie rovnakého názvu,
Used For Google Maps Integration.,Používa sa na integráciu so službou Mapy Google.,
User ID Property,Vlastnosť ID používateľa,
User Profile,Profil používateľa,
User Settings,Nastavenia používateľa,
User does not exist,Používateľ neexistuje,
User {0} has requested for data deletion,Používateľ {0} požiadal o vymazanie údajov,
Users assigned to the reference document will get points.,Používatelia priradení k referenčnému dokumentu získajú body.,
Value must be one of {0},Hodnota musí byť jedna z {0},
Value {0} missing for {1},Hodnota {0} chýba pre {1},
Verification,Overovanie,
Verification Code,Overovací kód,
Verification code email not sent. Please contact Administrator.,E-mail s overovacím kódom nebol odoslaný. Kontaktujte prosím správcu.,
Verified,Overené,
Verifier,Overovateľ,
View Full Log,Zobraziť celý denník,
"View Log of all print, download and export events","Zobrazenie protokolu všetkých udalostí tlače, sťahovania a exportu",
Visit Web Page,Navštívte webovú stránku,
Webhook Secret,Tajomstvo webového háčika,
Webhook Security,Zabezpečenie webového háku,
Webhook Trigger,Spúšťač Webhook,
Weekly Long,Týždenný dlhý,
"When enabled this will allow guests to upload files to your application, You can enable this if you wish to collect files from user without having them to log in, for example in job applications web form.","Ak je táto funkcia povolená, umožní hosťom nahrávať súbory do vašej aplikácie, Môžete ju povoliť, ak chcete zhromažďovať súbory od používateľa bez toho, aby sa musel prihlásiť, napríklad vo webovom formulári pracovných aplikácií.",
Will run scheduled jobs only once a day for inactive sites. Default 4 days if set to 0.,"Spustí naplánované úlohy len raz denne pre neaktívne lokality. Predvolené 4 dni, ak je nastavená hodnota 0.",
Workflow Status,Stav pracovného postupu,
You are not allowed to export {} doctype,Nie je povolené exportovať {} doctype,
You can try changing the filters of your report.,Môžete skúsiť zmeniť filtre správy.,
You do not have permissions to cancel all linked documents.,Nemáte oprávnenie zrušiť všetky prepojené dokumenty.,
You need to create these first: ,Tie musíte najprv vytvoriť:,
You need to enable JavaScript for your app to work.,"Aby vaša aplikácia fungovala, musíte povoliť JavaScript.",
You need to install pycups to use this feature!,"Ak chcete používať túto funkciu, musíte si nainštalovať pycups!",
Your Target,Váš cieľ,
"browse,","prezerať,",
cancelled this document {0},zrušil tento dokument {0},
changed value of {0} {1},zmenená hodnota {0} {1},
changed values for {0} {1},zmenené hodnoty pre {0} {1},
choose an,vybrať si,
empty,prázdne,
of,z,
or attach a,alebo pripojte,
submitted this document {0},predložil tento dokument {0},
"tag name..., e.g. #tag","názov značky..., napr. #tag",
uploaded file,nahraný súbor,
via Data Import,prostredníctvom importu údajov,
{0} Google Calendar Events synced.,{0} Synchronizované udalosti kalendára Google.,
{0} Google Contacts synced.,{0} Kontakty Google synchronizované.,
{0} are mandatory fields,{0} sú povinné polia,
{0} are required,{0} sú požadované,
{0} assigned a new task {1} {2} to you,{0} pridelená nová úloha {1} {2} vám,
{0} gained {1} point for {2} {3},{0} získal {1} bod za {2} {3},
{0} gained {1} points for {2} {3},{0} získal {1} bodov za {2} {3},
{0} has no versions tracked.,{0} nemá sledované žiadne verzie.,
{0} is not a valid report format. Report format should one of the following {1},{0} nie je platný formát správy. Formát správy by mal byť jeden z nasledujúcich {1},
{0} mentioned you in a comment in {1} {2},{0} vás spomenul v komentári v {1} {2},
{0} of {1} ({2} rows with children),{0} z {1} ({2} riadky s deťmi),
{0} records will be exported,{0} záznamy budú exportované,
{0} shared a document {1} {2} with you,{0} zdieľal dokument {1} {2} s vami,
{0} should not be same as {1},{0} by nemalo byť rovnaké ako {1},
{0} translations pending,{0} čakajúce preklady,
{0} {1} is linked with the following submitted documents: {2},{0} {1} je spojený s týmito predloženými dokumentmi: {2},
"{0}: Failed to attach new recurring document. To enable attaching document in the auto repeat notification email, enable {1} in Print Settings","{0}: Nepodarilo sa pripojiť nový opakujúci sa dokument. Ak chcete povoliť pripojenie dokumentu v e-maile s automatickým upozornením na opakovanie, povoľte {1} v Nastaveniach tlače",
{0}: Fieldname cannot be one of {1},{0}: Názov poľa nemôže byť jedným z {1},
{} Complete,{} Dokončiť,
← Back to upload files,← Späť na nahrávanie súborov,
Activity,Aktivita,
Add / Manage Email Accounts.,Pridanie / správa e-mailových kont.,
Add Child,Pridať dieťa,
Add Multiple,Pridať viacero,
Add Participants,Pridať účastníkov,
Added {0} ({1}),Pridané {0} ({1}),
Address Line 1,Adresný riadok 1,
Addresses,Adresy,
All,Všetky,
Brand,Značka,
Browse,Prehľadávať,
Cancelled,Zrušené,
Chart,Graf,
Close,Zatvoriť,
Communication,Komunikácia,
Compact Item Print,Kompaktná položka Tlač,
Company,Spoločnosť,
Complete,Kompletné,
Completed,Dokončené,
Continue,Pokračovať,
Country,Krajina,
Creating {0},Vytvorenie {0},
Currency,Mena,
Customize,Prispôsobenie stránky,
Daily,Denne,
Date,Dátum,
Dear,Vážený,
Default,Predvolené nastavenie,
Delete,Odstrániť,
Description,Popis,
Designation,Označenie,
Disabled,Bezbariérový,
Doctype,Doktorový typ,
Download Template,Stiahnuť šablónu,
Due Date,Dátum splatnosti,
Duplicate,Duplikát,
Edit Profile,Upraviť profil,
Email,E-mail,
Enter Value,Zadajte hodnotu,
Entity Type,Typ subjektu,
Error,Chyba,
Expired,Vypršala platnosť,
Export,Export,
Export not allowed. You need {0} role to export.,Export nie je povolený. Na export potrebujete rolu {0}.,
Field,Pole,
File Manager,Správca súborov,
Filters,Filtre,
Get Items,Získajte položky,
Goal,Cieľ,
Group,Skupina,
Group Node,Uzol skupiny,
Help,Pomoc,
Help Article,Pomocný článok,
Home,Domov,
Import Data from CSV / Excel files.,Import údajov zo súborov CSV / Excel.,
In Progress,V štádiu rozpracovanosti,
Intermediate,Stredne pokročilý,
Invite as User,Pozvať ako používateľa,
Loading...,Načítanie...,
Location,Umiestnenie,
Message,Správa,
Missing Values Required,Požadované chýbajúce hodnoty,
Mobile No,Mobilné číslo,
Month,Mesiac,
Name,Názov,
Newsletter,Newsletter,
Not Allowed,Nie je povolené,
Note,Poznámka,
Offline,Offline,
Open,Otvorený,
Page {0} of {1},Strana {0} z {1},
Pending,Čaká sa na,
Phone,Telefón,
Please click on the following link to set your new password,"Ak chcete nastaviť nové heslo, kliknite na tento odkaz",
Please select another payment method. Stripe does not support transactions in currency '{0}',Vyberte si iný spôsob platby. Stripe nepodporuje transakcie v mene '{0}',
Please specify,"Prosím, uveďte",
Printing,Tlač,
Priority,Priorita,
Project,Projekt,
Quarterly,Štvrťročne,
Queued,Čakanie v rade,
Quick Entry,Rýchly vstup,
Reason,Dôvod,
Refreshing,Osviežujúce,
Rename,Premenovať stránku,
Reset,Obnovenie,
Review,Prehľad,
Room,Izba,
Room Type,Typ izby,
Save,Uložiť,
Search results for,Výsledky vyhľadávania pre,
Select All,Vybrať všetko,
Send,Odoslať,
Sending,Odosielanie,
Server Error,Chyba servera,
Set,Nastavenie,
Setup,Nastavenie,
Setup Wizard,Sprievodca nastavením,
Size,Veľkosť,
Sr,Senior,
Start,Štart,
Start Time,Čas začiatku,
Status,Stav,
Submitted,Odoslané,
Tag,Štítok,
Template,Šablóna,
Thursday,Štvrtok,
Title,Názov,
Total,Celkom,
Totals,Celkové sumy,
Tuesday,Utorok,
Type,Typ,
Update,Aktualizácia,
User {0} is disabled,Používateľ {0} je vypnutý,
Users and Permissions,Používatelia a oprávnenia,
Warehouse,Sklad,
Welcome to {0},Vitajte na stránke {0},
Year,Rok,
Yearly,Ročný,
You,Vy,
and,a,
{0} Name,{0} Názov,
{0} is required,{0} je potrebné,
ALL,VŠETKY,
Attach File,Pripojiť súbor,
Barcode,Čiarový kód,
Beginning with,Počnúc,
Bold,Odvážne,
CANCELLED,ZRUŠENÉ,
Calendar,Kalendár,
Center,Stredisko,
Clear,Jasné,
Comment,Komentár,
Comments,Komentáre,
DRAFT,NÁVRH,
Dashboard,Prístrojová doska,
DocType,DocType,
Download,Stiahnite si,
EMail,E-mail,
Edit in Full Page,Upraviť na celú stránku,
Email Inbox,Doručená pošta,
File,Súbor,
Forward,Forward,
Icon,Ikona,
In,Na stránke,
Inbox,Doručená pošta,
Insert New Records,Vloženie nových záznamov,
JavaScript,JavaScript,
LDAP Settings,Nastavenia LDAP,
Left,Vľavo,
Like,Rovnako ako,
Link,Odkaz,
Logged in,Prihlásený,
New,Nový,
Not Found,Nenájdené,
Not Like,Nie ako,
Notify by Email,Upozornenie e-mailom,
Now,Teraz,
Off,Vypnuté,
One of,Jeden z,
Page,Strana,
Print,Tlač,
Reference Name,Referenčný názov,
Refresh,Obnoviť,
Repeat,Opakujte,
Right,Vpravo,
Roles HTML,Úlohy HTML,
Scheduled To Send,Naplánované odoslanie,
Search Results for ,Výsledky vyhľadávania pre,
Send Notification To,Odoslať oznámenie na,
Success,Úspech,
Tags,Značky,
Time,Čas,
Updated Successfully,Úspešne aktualizované,
Upload,Nahrať,
User ,Používateľ,
Value,Hodnota,
Web Link,Webové prepojenie,
Your Email Address,Vaša e-mailová adresa,
Desktop,Stolný počítač,
Usage Info,Informácie o používaní,
Download Backups,Stiahnutie záloh,
Recorder,Záznamník,
Role Permissions Manager,Správca oprávnení rolí,
Translation Tool,Nástroj na preklad,
Awaiting password,Čaká sa na heslo,
Current status,Súčasný stav,
Download template,Stiahnuť šablónu,
Edit in full page,Upraviť na celú stránku,
Email Id,E-mailová adresa,
Email address,E-mailová adresa,
Ends on,Končí sa na,
Half-yearly,Polročne,
Hidden,Skryté,
Javascript,Javascript,
Ldap settings,Nastavenia služby Ldap,
Mobile number,Mobilné číslo,
Mx,Mx,
No,Nie,
Not found,Nenájdené,
Notes:,Poznámky:,
Notify by email,Upozornenie e-mailom,
Permitted Documents For User,Povolené dokumenty pre používateľa,
Reference Docname,Referenčný názov dokumentu,
Reference Doctype,Referenčný typ Doctype,
Reference name,Referenčný názov,
Roles Html,Úlohy Html,
Row #,Riadok #,
Scheduled to send,Naplánované odoslanie,
Select Doctype,Vybrať typ dokladu,
Send Email for Successful backup,Odoslať e-mail pre úspešné zálohovanie,
Sign up,Zaregistrujte sa,
Time format,Formát času,
Upload failed,Nahrávanie sa nepodarilo,
User Id,Id používateľa,
Yes,Áno,
Your email address,Vaša e-mailová adresa,
added,pridané,
added {0},pridané {0},
barcode,čiarový kód,
beginning with,začínajúce sa na,
blue,modrá,
bold,tučné písmo,
book,kniha,
calendar,kalendár,
certificate,certifikát,
check,kontrola,
clear,prehľadne,
comment,komentár,
comments,komentáre,
created,vytvorené,
danger,nebezpečenstvo,
dashboard,prístrojová doska,
download,stiahnuť,
edit,upraviť,
email inbox,e-mailová schránka,
file,súbor,
filter,filter,
flag,vlajka,
font,písmo,
forward,dopredu,
green,zelená,
home,Domov,
icon,ikona,
inbox,schránka,
like,ako,
link,odkaz,
list,zoznam,
lock,zámok,
logged in,prihlásený,
message,správa,
module,modul,
move,presunúť,
music,hudba,
new,nový,
now,teraz,
off,mimo,
one of,jeden z,
orange,oranžová,
page,stránka,
print,tlač,
purple,fialová,
random,náhodné,
red,červená,
refresh,obnoviť,
remove,odstrániť,
response,odpoveď,
search,vyhľadávanie,
share,zdieľať,
stop,zastaviť,
success,úspech,
tag,tag,
tags,značky,
tasks,úlohy,
time,čas,
trash,odpadky,
upload,nahrať,
user,používateľ,
value,hodnota,
web link,webové prepojenie,
yellow,žltá,
Not permitted,Nie je povolené,
Add Chart to Dashboard,Pridanie grafu na prístrojovú dosku,
Add to Dashboard,Pridať na prístrojovú dosku,
Google Translation,Preklad Google,
Important,Dôležité,
No Filters Set,Žiadne nastavené filtre,
No Records Created,Žiadne vytvorené záznamy,
Please Set Chart,"Prosím, nastavte graf",
Please create chart first,Najskôr vytvorte graf,
"Report has no data, please modify the filters or change the Report Name","Správa neobsahuje žiadne údaje, upravte filtre alebo zmeňte názov správy",
Select Dashboard,Vyberte prístrojový panel,
Y Field,Pole Y,
You need to be in developer mode to edit this document,"Ak chcete upraviť tento dokument, musíte byť v režime pre vývojárov",
Cards,Karty,
Community Contribution,Príspevok Spoločenstva,
Count Filter,Filter počítania,
Dashboard Chart Field,Pole grafu prístrojovej dosky,
Desk Card,Stolová karta,
Desk Chart,Stolový graf,
Desk Page,Stránka na stole,
Desk Shortcut,Stolová skratka,
Developer Mode Only,Len režim pre vývojárov,
Disable User Customization,Zakázanie prispôsobenia používateľa,
For example: {} Open,Napríklad: {} Otvoriť,
Link Cards,Karty prepojení,
Link To,Odkaz na,
Onboarding,Onboarding,
Percentage,Percento,
Pie,Koláč,
Pin To Bottom,Kolík na dno,
Pin To Top,Pripnúť na začiatok,
Restrict to Domain,Obmedziť na doménu,
Shortcuts,Skratky,
X Field,X Pole,
Y Axis,Os Y,
workspace,pracovný priestor,
Setup > User,Nastavenie > Používateľ,
Setup > Customize Form,Nastavenie > Prispôsobiť formulár,
Setup > User Permissions,Nastavenie > Oprávnenia používateľa,
"Error connecting to QZ Tray Application...<br><br> You need to have QZ Tray application installed and running, to use the Raw Print feature.<br><br><a target=""_blank"" href=""https://qz.io/download/"">Click here to Download and install QZ Tray</a>.<br> <a target=""_blank"" href=""https://erpnext.com/docs/user/manual/en/setting-up/print/raw-printing"">Click here to learn more about Raw Printing</a>.","Chyba pri pripájaní k aplikácii QZ Tray...<br><br> Ak chcete používať funkciu surovej tlače, musíte mať nainštalovanú a spustenú aplikáciu QZ Tray.<br><br><a target=""_blank"" href=""https://qz.io/download/"">Kliknutím sem si stiahnete a nainštalujete QZ Tray</a>.<br> <a target=""_blank"" href=""https://erpnext.com/docs/user/manual/en/setting-up/print/raw-printing"">Kliknutím sem sa dozviete viac o surovej tlači</a>.",
No email account associated with the User. Please add an account under User > Email Inbox.,Používateľ nemá priradené žiadne e-mailové konto. Pridajte konto v časti Používateľ > E-mailová schránka.,
"For comparison, use >5, <10 or =324. For ranges, use 5:10 (for values between 5 & 10).","Na porovnanie použite >5, <10 alebo =324. Pre rozsahy použite 5:10 (pre hodnoty medzi 5 a 10).",
No default Address Template found. Please create a new one from Setup > Printing and Branding > Address Template.,Nenašla sa žiadna predvolená šablóna adresy. Vytvorte si novú v ponuke Nastavenie > Tlač a branding > Šablóna adresy.,
Please setup default Email Account from Setup > Email > Email Account,Nastavte predvolené e-mailové konto v ponuke Nastavenie > E-mail > E-mailové konto,
Email Account not setup. Please create a new Email Account from Setup > Email > Email Account,E-mailové konto nie je nastavené. Vytvorte si nové e-mailové konto v ponuke Nastavenie > E-mail > E-mailové konto,
Attach file,Pripojte súbor,
Contribution Status,Stav príspevku,
Contribution Document Name,Príspevok Názov dokumentu,
Extends,Rozširuje,
Extends Another Page,Rozšíri ďalšiu stránku,
Please select target language for translation,Vyberte cieľový jazyk prekladu,
Select Language,Vyberte jazyk,
Confirm Translations,Potvrdiť preklady,
Contributed Translations,Prispievané preklady,
Show Tags,Zobraziť značky,
Do not have permission to access {0} bucket.,Nemáte oprávnenie na prístup k vedru {0}.,
Allow document creation via Email,Umožniť vytváranie dokumentov prostredníctvom e-mailu,
Sender Field,Pole odosielateľa,
Logout All Sessions on Password Reset,Odhlásenie všetkých relácií pri obnovení hesla,
Logout From All Devices After Changing Password,Odhlásenie zo všetkých zariadení po zmene hesla,
Send Notifications For Documents Followed By Me,Odosielanie oznámení pre mnou sledované dokumenty,
Send Notifications For Email Threads,Odosielanie oznámení pre e-mailové vlákna,
Bypass Restricted IP Address Check If Two Factor Auth Enabled,"Obchádzanie kontroly obmedzenej IP adresy, ak je povolené dvojfaktorové overovanie",
Reset LDAP Password,Obnovenie hesla LDAP,
Confirm New Password,Potvrdenie nového hesla,
Logout All Sessions,Odhlásenie všetkých relácií,
Passwords do not match!,Heslá sa nezhodujú!,
Dashboard Manager,Správca prístrojovej dosky,
Dashboard Settings,Nastavenia prístrojovej dosky,
Chart Configuration,Konfigurácia grafu,
No Permitted Charts on this Dashboard,Žiadne povolené grafy na tomto prístrojovom paneli,
No Permitted Charts,Žiadne povolené grafy,
Reset Chart,Obnovenie grafu,
via {0},prostredníctvom {0},
{0} is not a valid Phone Number,{0} nie je platné telefónne číslo,
Failed Transactions,Neúspešné transakcie,
Value for field {0} is too long in {1}. Length should be lesser than {2} characters,Hodnota pre pole {0} je príliš dlhá v {1}. Dĺžka by mala byť menšia ako {2} znakov,
Data Too Long,Príliš dlhé údaje,
via Notification,prostredníctvom oznámenia,
Log in to access this page.,Prihláste sa pre prístup na túto stránku.,
Report Document Error,Nahlásiť chybu dokumentu,
{0} is an invalid Data field.,{0} je neplatné dátové pole.,
Only Options allowed for Data field are:,Jediné povolené možnosti pre dátové pole sú:,
Select a valid Subject field for creating documents from Email,Výber platného poľa Predmet na vytváranie dokumentov z e-mailu,
"Subject Field type should be Data, Text, Long Text, Small Text, Text Editor","Typ poľa Subject by mal byť Data, Text, Long Text, Small Text, Text Editor",
Select a valid Sender Field for creating documents from Email,Výber platného poľa odosielateľa na vytváranie dokumentov z e-mailu,
Sender Field should have Email in options,Pole odosielateľa by malo mať v možnostiach položku E-mail,
Password changed successfully.,Heslo bolo úspešne zmenené.,
Failed to change password.,Nepodarilo sa zmeniť heslo.,
No Entry for the User {0} found within LDAP!,V systéme LDAP nebol nájdený žiadny záznam pre používateľa {0}!,
No LDAP User found for email: {0},Pre e-mail nebol nájdený žiadny používateľ LDAP: {0},
Prepared Report User,Pripravená správa Používateľ,
Scheduler Event,Plánovač udalostí,
Select Event Type,Vyberte typ udalosti,
Schedule Script,Skript harmonogramu,
Duration,Trvanie,
Donut,Donut,
Custom Options,Vlastné možnosti,
"Ex: ""colors"": [""#d1d8dd"", ""#ff5858""]","Napríklad: ""farby"": ]: [""#d1d8dd"", ""#ff5858""]",
Confirmation Email Template,Šablóna potvrdzujúceho e-mailu,
Welcome Email Template,Šablóna uvítacieho e-mailu,
Schedule Send,Odoslanie plánu,
Do you really want to send this email newsletter?,Naozaj chcete posielať tento e-mailový bulletin?,
Advanced Settings,Rozšírené nastavenia,
Disable Comments,Zakázať komentáre,
Comments on this blog post will be disabled if checked.,"Komentáre k tomuto príspevku na blogu budú vypnuté, ak budú zaškrtnuté.",
CSS Class,Trieda CSS,
Full Width,Na celú šírku,
Page Builder,Tvorca stránok,
Page Building Blocks,Stavebné bloky stránky,
Header and Breadcrumbs,Záhlavie a omrvinky,
Add Custom Tags,Pridanie vlastných značiek,
Web Page Block,Blok webových stránok,
Web Template,Webová šablóna,
Edit Values,Úprava hodnôt,
Web Template Values,Hodnoty webovej šablóny,
Add Container,Pridať kontajner,
Web Page View,Zobrazenie webovej stránky,
Path,Cesta,
Referrer,Odkazovač,
Browser,Prehliadač,
Browser Version,Verzia prehliadača,
Web Template Field,Pole webovej šablóny,
Section,Sekcia,
Hide,Skryť,
Enable In App Website Tracking,Povolenie sledovania webových stránok v aplikácii,
Enable Google Indexing,Povolenie indexovania Google,
"To use Google Indexing, enable <a href=""#Form/Google Settings"">Google Settings</a>.","Ak chcete používať indexovanie Google, povoľte <a href=""#Form/Google Settings"">Nastavenia Google</a>.",
Authorize API Indexing  Access,Autorizácia prístupu k indexovaniu API,
Indexing Refresh Token,Token na obnovenie indexovania,
Indexing Authorization Code,Autorizačný kód indexovania,
Theme Configuration,Konfigurácia témy,
Font Properties,Vlastnosti písma,
Button Rounded Corners,Zaoblené rohy tlačidiel,
Button Shadows,Stíny tlačidiel,
Button Gradients,Prechody tlačidiel,
Light Color,Farba svetla,
Stylesheet,Súbor štýlov,
Custom SCSS,Vlastné SCSS,
Navbar,Navigačný panel,
Source Message,Zdrojová správa,
Translated Message,Preložená správa,
Using this console may allow attackers to impersonate you and steal your information. Do not enter or paste code that you do not understand.,"Používanie tejto konzoly môže útočníkom umožniť vydávať sa za vás a ukradnúť vaše informácie. Nezadávajte ani nevkladajte kód, ktorému nerozumiete.",
{0} m,{0} m,
{0} h,{0} h,
{0} d,{0} d,
{0} w,{0} w,
{0} M,{0} M,
{0} y,{0} y,
yesterday,včera,
{0} years ago,pred {0} rokmi,
New Chart,Nový graf,
New Shortcut,Nová skratka,
Edit Chart,Upraviť graf,
Edit Shortcut,Upraviť skratku,
Couldn't Load Desk,Nepodarilo sa načítať stôl,
"Something went wrong while loading Desk. <b>Please relaod the page</b>. If the problem persists, contact the Administrator","Pri načítavaní sa niečo pokazilo Kancelária. <b>Prosím, obnovte stránku</b>. Ak problém pretrváva, kontaktujte správcu",
Customize Workspace,Prispôsobenie pracovného priestoru,
Customizations Saved Successfully,Úspešné uloženie prispôsobení,
Something went wrong while saving customizations,Pri ukladaní prispôsobení sa niečo pokazilo,
{} Dashboard,{} Prístrojová doska,
No changes in document,Žiadne zmeny v dokumente,
by Role,podľa role,
Document is only editable by users with role,Dokument môžu upravovať len používatelia s rolou,
{0}: Other permission rules may also apply,{0}: Môžu sa uplatniť aj iné pravidlá oprávnenia,
{0} Web page views,{0} Zobrazenia webových stránok,
Expand,Rozšíriť,
Collapse,Zrútenie,
"Invalid Bearer token, please provide a valid access token with prefix 'Bearer'.","Invalid Bearer token, zadajte platný prístupový token s prefixom ""Bearer"".",
"Failed to decode token, please provide a valid base64-encoded token.","Nepodarilo sa dekódovať token, zadajte platný token v kódovaní base64.",
"Invalid token, please provide a valid token with prefix 'Basic' or 'Token'.","Neplatný token, zadajte platný token s prefixom ""Basic"" alebo ""Token"".",
{0} is not a valid Name,{0} nie je platné meno,
Your system is being updated. Please refresh again after a few moments.,Váš systém sa aktualizuje. Po niekoľkých okamihoch ho prosím znovu obnovte.,
{0} {1}: Submitted Record cannot be deleted. You must {2} Cancel {3} it first.,{0} {1}: Odoslaný záznam nie je možné vymazať. Musíte {2} Najskôr ho zrušiť {3}.,
Error has occurred in {0},Chyba sa vyskytla v {0},
Status Updated,Stav aktualizovaný,
You can also copy-paste this {0} to your browser,Do prehliadača môžete tiež skopírovať a vložiť tento {0},
Enabled scheduled execution for script {0},Povolené plánované vykonávanie skriptu {0},
Scheduled execution for script {0} has updated,Naplánované vykonávanie skriptu {0} sa aktualizovalo,
The Link specified has either been used before or Invalid,Zadané prepojenie už bolo použité alebo je neplatné,
Options for {0} must be set before setting the default value.,Pred nastavením predvolenej hodnoty sa musia nastaviť možnosti pre {0}.,
Default value for {0} must be in the list of options.,Predvolená hodnota pre {0} musí byť v zozname možností.,
Google Indexing has been configured.,Indexovanie Google bolo nakonfigurované.,
Allow API Indexing Access,Povolenie prístupu k indexovaniu API,
Allow Google Indexing Access,Povolenie prístupu k indexovaniu Google,
Custom Documents,Vlastné dokumenty,
Could not save customization,Nepodarilo sa uložiť prispôsobenie,
Transgender,Transgender,
Genderqueer,Genderqueer,
Non-Conforming,Nevyhovujúce,
Prefer not to say,Radšej nehovoriť,
Is Billing Contact,Je fakturačný kontakt,
Address And Contacts,Adresa a kontakty,
Lead Conversion Time,Čas konverzie olova,
Due Date Based On,Dátum splatnosti na základe,
Linked Documents,Prepojené dokumenty,
Steps,Kroky,
email,e-mail,
Component,Komponent,
Subtitle,Podtitul,
Prefix,Predpona,
Is Public,Je verejná,
This chart will be available to all Users if this is set,"Tento graf bude k dispozícii všetkým Používateľom, ak je táto možnosť nastavená",
Number Card,Číselná karta,
Function,Funkcia,
Minimum,Minimálne,
Maximum,Maximum,
This card will be available to all Users if this is set,"Táto karta bude dostupná všetkým Používateľom, ak je táto možnosť nastavená",
Stats,Štatistiky,
Show Percentage Stats,Zobraziť percentuálne štatistiky,
Stats Time Interval,Štatistiky Časový interval,
Show percentage difference according to this time interval,Zobraziť percentuálny rozdiel podľa tohto časového intervalu,
Filters Section,Sekcia filtrov,
Number Card Link,Prepojenie na číselnú kartu,
Card,Karta,
API Access,Prístup k API,
Access Key Secret,Tajný prístupový kľúč,
S3 Bucket Details,Podrobnosti o vedre S3,
Bucket Name,Názov vedra,
Backup Details,Podrobnosti o zálohovaní,
Backup Files,Záložné súbory,
Backup public and private files along with the database.,Zálohovanie verejných a súkromných súborov spolu s databázou.,
Set to 0 for no limit on the number of backups taken,"Nastavte na 0, aby ste neobmedzili počet vytvorených záloh",
Meta Description,Meta popis,
Meta Image,Metaobraz,
Google Snippet Preview,Ukážka úryvku Google,
This is an example Google SERP Preview.,Toto je príklad náhľadu SERP Google.,
Add Gray Background,Pridanie sivého pozadia,
Hide Block,Skryť blok,
This Week,Tento týždeň,
This Month,Tento mesiac,
This Quarter,Tento štvrťrok,
This Year,Tento rok,
All Time,Celý čas,
Select From Date,Vyberte dátum od,
since yesterday,od včera,
since last week,od minulého týždňa,
since last month,od minulého mesiaca,
since last year,od minulého roka,
Show,Zobraziť,
New Number Card,Nová číselná karta,
Your Shortcuts,Vaše skratky,
You haven't added any Dashboard Charts or Number Cards yet.,Zatiaľ ste nepridali žiadne grafy na prístrojovej doske ani číselné karty.,
Click On Customize to add your first widget,Kliknutím na tlačidlo Prispôsobiť pridáte svoj prvý widget,
Are you sure you want to reset all customizations?,"Ste si istí, že chcete obnoviť všetky prispôsobenia?",
"Couldn't save, please check the data you have entered","Nepodarilo sa uložiť, skontrolujte prosím zadané údaje",
Validation Error,Chyba pri overovaní,
"You can only upload JPG, PNG, PDF, or Microsoft documents.","Nahrávať môžete len dokumenty JPG, PNG, PDF alebo Microsoft.",
Reverting length to {0} for '{1}' in '{2}'. Setting the length as {3} will cause truncation of data.,Vrátenie dĺžky na {0} pre '{1}' v '{2}'. Nastavenie dĺžky ako {3} spôsobí skrátenie údajov.,
'{0}' not allowed for type {1} in row {2},'{0}' nie je povolené pre typ {1} v riadku {2},
Option {0} for field {1} is not a child table,Možnosť {0} pre pole {1} nie je podradená tabuľka,
Invalid Option,Neplatná možnosť,
Request Body consists of an invalid JSON structure,Telo požiadavky pozostáva z neplatnej štruktúry JSON,
Invalid JSON,Neplatný JSON,
Party GSTIN,Strana GSTIN,
GST State,Štát GST,
Andaman and Nicobar Islands,Andamanské a Nikobarské ostrovy,
Andhra Pradesh,Andhra Pradesh,
Arunachal Pradesh,Arunáčalpradéš,
Assam,Assam,
Bihar,Bihár,
Chandigarh,Chandigarh,
Chhattisgarh,Chhattisgarh,
Dadra and Nagar Haveli,Dadra a Nagar Haveli,
Daman and Diu,Daman a Diu,
Delhi,Dillí,
Goa,Goa,
Gujarat,Gudžarát,
Haryana,Haryana,
Himachal Pradesh,Himáčalpradéš,
Jammu and Kashmir,Džammú a Kašmír,
Jharkhand,Džhárkhand,
Karnataka,Karnataka,
Kerala,Kerala,
Lakshadweep Islands,Ostrovy Lakshadweep,
Madhya Pradesh,Madhjapradéš,
Maharashtra,Maháraštra,
Manipur,Manipur,
Meghalaya,Meghalaya,
Mizoram,Mizoram,
Nagaland,Nagaland,
Odisha,Odisha,
Other Territory,Iné územie,
Pondicherry,Pondicherry,
Punjab,Pandžáb,
Rajasthan,Radžastan,
Sikkim,Sikkim,
Tamil Nadu,Tamil Nadu,
Telangana,Telangana,
Tripura,Tripura,
Uttar Pradesh,Uttarpradéš,
Uttarakhand,Uttarakhand,
West Bengal,Západné Bengálsko,
GST State Number,Číslo štátu GST,
Import from Google Sheets,Import z hárkov Google,
Must be a publicly accessible Google Sheets URL,Musí to byť verejne prístupná adresa URL hárkov Google,
Refresh Google Sheet,Obnovenie hárku Google,
Import File Errors and Warnings,Chyby a upozornenia pri importe súborov,
"Successfully imported {0} records out of {1}. Click on Export Errored Rows, fix the errors and import again.","Úspešne importovaných {0} záznamov z {1}. Kliknite na Exportovať chybné riadky, opravte chyby a importujte znova.",
"Successfully imported {0} record out of {1}. Click on Export Errored Rows, fix the errors and import again.","Úspešne importovaný {0} záznam z {1}. Kliknite na Exportovať chybné riadky, opravte chyby a importujte znova.",
"Successfully updated {0} records out of {1}. Click on Export Errored Rows, fix the errors and import again.","Úspešne aktualizované {0} záznamov z {1}. Kliknite na Exportovať chybné riadky, opravte chyby a znova importujte.",
"Successfully updated {0} record out of {1}. Click on Export Errored Rows, fix the errors and import again.","Úspešne aktualizovaný {0} záznam z {1}. Kliknite na Exportovať chybné riadky, opravte chyby a znova importujte.",
Data Import Legacy,Dedičný import údajov,
Documents restored successfully,Úspešné obnovenie dokumentov,
Documents that were already restored,"Dokumenty, ktoré už boli obnovené",
Documents that failed to restore,"Dokumenty, ktoré sa nepodarilo obnoviť",
Document Restoration Summary,Zhrnutie obnovy dokumentov,
Hide Days,Skryť dni,
Hide Seconds,Skryť sekundy,
Hide Border,Skryť hranicu,
Index Web Pages for Search,Indexovanie webových stránok na vyhľadávanie,
Action / Route,Akcia / trasa,
Document Naming Rule,Pravidlo pre pomenovanie dokumentov,
Rule Conditions,Podmienky pravidiel,
Digits,Číslice,
Example: 00001,Príklad: 00001,
Counter,Počítadlo,
Document Naming Rule Condition,Pravidlo pre pomenovanie dokumentov Podmienka,
Installed Application,Nainštalovaná aplikácia,
Application Name,Názov aplikácie,
Application Version,Verzia aplikácie,
Git Branch,Pobočka Git,
Installed Applications,Nainštalované aplikácie,
Navbar Item,Položka panela navigácie,
Item Label,Označenie položky,
Item Type,Typ položky,
Separator,Oddeľovač,
Navbar Settings,Nastavenia panela navigácie,
Application Logo,Logo aplikácie,
Logo Width,Šírka loga,
Dropdowns,Rozbaľovacie ponuky,
Settings Dropdown,Rozbaľovacie okno Nastavenia,
Help Dropdown,Rozbaľovacie okno Pomocník,
Query / Script,Dotaz / Skript,
"Filters will be accessible via <code>filters</code>. <br><br>Send output as <code>result = [result]</code>, or for old style <code>data = [columns], [result]</code>","Filtre budú prístupné cez <code>filters</code>. <br><br>Výstup môžete odoslať ako <code>výsledok = [výsledok]</code> alebo pre starý štýl <code>data = [stĺpce], [výsledok]</code>.",
Client Code,Kód klienta,
Report Column,Stĺpec správy,
Report Filter,Filter správ,
Wildcard Filter,Filter divokých kariet,
"Will add ""%"" before and after the query","Pridá ""%"" pred a za dotaz",
"Route: Example ""/desk""","Trasa: Príklad: ""/desk""",
Enable Onboarding,Povolenie onboardingu,
Password Reset Link Generation Limit,Limit generovania prepojenia na obnovenie hesla,
Hourly rate limit for generating password reset links,Limit hodinovej sadzby na generovanie odkazov na resetovanie hesla,
Include Web View Link in Email,Zahrnutie prepojenia na webové zobrazenie do e-mailu,
Enable Auto-deletion of Prepared Reports,Povolenie automatického mazania pripravených správ,
Prepared Report Expiry Period (Days),Obdobie platnosti pripravenej správy (dni),
System will automatically delete Prepared Reports after these many days since creation,Systém automaticky vymaže pripravené správy po uplynutí týchto dní od vytvorenia,
Package Document Type,Balík Typ dokumentu,
Include Attachments,Zahrnúť prílohy,
Overwrite,Prepísať,
Package Publish Target,Cieľ zverejnenia balíka,
Site URL,Adresa URL stránky,
Package Publish Tool,Nástroj na publikovanie balíkov,
Click on the row for accessing filters.,Kliknite na riadok pre prístup k filtrom.,
Sites,Stránky,
Last Deployed On,Naposledy nasadený dňa,
Console Log,Protokol konzoly,
"Set Default Options for all charts on this Dashboard (Ex: ""colors"": [""#d1d8dd"", ""#ff5858""])","Nastavenie predvolených možností pre všetky grafy na tomto paneli (napr.: ""farby"": [""#d1d8dd"", ""#ff5858""])",
Use Report Chart,Použitie grafu správy,
Heatmap,Heatmap,
Dynamic Filters,Dynamické filtre,
Dynamic Filters JSON,Dynamické filtre JSON,
Set Dynamic Filters,Nastavenie dynamických filtrov,
Click to Set Dynamic Filters,Kliknutím nastavíte dynamické filtre,
Hide Custom DocTypes and Reports,Skrytie vlastných typov dokumentov a zostáv,
Checking this will hide custom doctypes and reports cards in Links section,Začiarknutím tejto položky sa v sekcii Odkazy skryjú vlastné doklady a karty hlásení,
DocType View,Zobrazenie typu DocType,
Which view of the associated DocType should this shortcut take you to?,Na ktoré zobrazenie súvisiaceho typu DocType vás má táto skratka presmerovať?,
List View Settings,Nastavenia zobrazenia zoznamu,
Maximum Number of Fields,Maximálny počet polí,
Module Onboarding,Vstup do modulu,
System managers are allowed by default,Správcovia systému majú predvolene povolené,
Documentation URL,Adresa URL dokumentácie,
Is Complete,Je dokončená,
Alert,Upozornenie,
Document Link,Odkaz na dokument,
Attached File,Pripojený súbor,
Attachment Link,Odkaz na prílohu,
Open Reference Document,Otvoriť referenčný dokument,
Custom Configuration,Vlastná konfigurácia,
Filters Configuration,Konfigurácia filtrov,
Dynamic Filters Section,Sekcia dynamických filtrov,
Please create Card first,Najskôr vytvorte kartu,
Onboarding Permission,Povolenie na vstup na palubu,
Onboarding Step,Vstupný krok,
Is Skipped,Je preskočený,
Create Entry,Vytvoriť záznam,
Update Settings,Aktualizácia nastavení,
Show Form Tour,Zobraziť formulár Tour,
View Report,Zobraziť správu,
Go to Page,Prejsť na stránku,
Watch Video,Pozrite si video,
Show Full Form?,Zobraziť celý formulár?,
Show full form instead of a quick entry modal,Zobrazenie celého formulára namiesto modálneho okna rýchleho vstupu,
Report Reference Doctype,Referenčný typ správy,
Report Description,Popis správy,
This will be shown to the user in a dialog after routing to the report,Toto sa zobrazí používateľovi v dialógovom okne po presmerovaní do správy,
Example: #Tree/Account,Príklad: #Tree/Account,
Callback Title,Názov spätného volania,
Callback Message,Správa o spätnom volaní,
This will be shown in a modal after routing,Toto sa zobrazí v modálnom okne po smerovaní,
Validate Field,Overenie poľa,
Value to Validate,Hodnota na overenie,
Use % for any non empty value.,"Použite % pre akúkoľvek hodnotu, ktorá nie je prázdna.",
Video URL,Adresa URL videa,
Onboarding Step Map,Mapa krokov pri nástupe do zamestnania,
Step,Krok,
System Console,Systémová konzola,
Console,Konzola,
To print output use <code>log(text)</code>,"Ak chcete vytlačiť výstup, použite <code>log(text)</code>",
Commit,Záväzok,
Execute Console script,Spustenie skriptu konzoly,
Execute,Vykonajte,
Create Contacts from Incoming Emails,Vytvorenie kontaktov z prichádzajúcich e-mailov,
Inbox User,Používateľ priečinka Doručená pošta,
Disabled Auto Reply,Zakázaná automatická odpoveď,
Schedule Sending,Odosielanie podľa plánu,
Message (Markdown),Správa (Markdown),
Message (HTML),Správa (HTML),
Send Attachments,Odosielanie príloh,
Testing,Testovanie,
System Notification,Systémové upozornenie,
Twilio Number,Číslo Twilio,
"To use WhatsApp for Business, initialize <a href=""#Form/Twilio Settings"">Twilio Settings</a>.","Ak chcete používať aplikáciu WhatsApp for Business, inicializujte <a href=""#Form/Twilio Settings"">Nastavenia TWILIO</a>.",
"To use Slack Channel, add a <a href=""#List/Slack%20Webhook%20URL/List"">Slack Webhook URL</a>.","Ak chcete používať kanál Slack, pridajte <a href=""#List/Slack%20Webhook%20URL/List"">Slack Webhook URL</a>.",
Send System Notification,Odoslanie systémového oznámenia,
"If enabled, the notification will show up in the notifications dropdown on the top right corner of the navigation bar.","Ak je táto možnosť povolená, oznámenie sa zobrazí v rozbaľovacom zozname oznámení v pravom hornom rohu navigačného panela.",
Send To All Assignees,Odoslať všetkým príjemcom,
Receiver By Document Field,Príjemca podľa poľa dokumentu,
Receiver By Role,Prijímateľ podľa úlohy,
Child Table,Detský stôl,
Remote Value Filters,Filtre vzdialených hodnôt,
API Key of the user(Event Subscriber) on the producer site,Kľúč API používateľa (účastníka udalosti) na stránke výrobcu,
API Secret of the user(Event Subscriber) on the producer site,Tajomstvo API používateľa (účastníka udalosti) na stránke výrobcu,
Paytm Settings,Nastavenia Paytm,
Merchant Key,Kľúč obchodníka,
Staging,Inscenácia,
Industry Type ID,ID typu odvetvia,
See https://docs.aws.amazon.com/general/latest/gr/s3.html for details.,Podrobnosti nájdete na stránke https://docs.aws.amazon.com/general/latest/gr/s3.html.,
af-south-1,af-south-1,
ap-east-1,ap-east-1,
eu-south-1,eu-south-1,
me-south-1,me-south-1,
Twilio Number Group,Skupina čísel Twilio,
Twilio Settings,Nastavenia služby Twilio,
Auth Token,Token autentifikácie,
Read Time,Čas na čítanie,
in minutes,v minútach,
Featured,Odporúčané stránky,
Hide CTA,Skryť CTA,
"Description for listing page, in plain text, only a couple of lines. (max 200 characters)","Popis stránky s ponukou, v jednoduchom texte, len pár riadkov. (max. 200 znakov)",
Meta Title,Meta názov,
Enable Social Sharing,Povolenie zdieľania v sociálnych sieťach,
Show CTA in Blog,Zobraziť CTA v blogu,
CTA,CTA,
CTA Label,Štítok CTA,
CTA URL,ADRESA URL CTA,
Default Portal Home,Predvolený portál Domov,
"Example: ""/desk""","Príklad: ""/desk""",
Social Link Settings,Nastavenia sociálnych prepojení,
Social Link Type,Typ sociálneho prepojenia,
facebook,facebook,
linkedin,linkedin,
twitter,twitter,
"If Icon is set, it will be shown instead of Label","Ak je nastavená ikona, zobrazí sa namiesto štítku",
Apply Document Permissions,Použiť oprávnenia na dokumenty,
"For help see <a href=""https://frappeframework.com/docs/user/en/guides/portal-development/web-forms"" target=""_blank"">Client Script API and Examples</a>","Pomoc nájdete v <a href=""https://frappeframework.com/docs/user/en/guides/portal-development/web-forms"" target=""_blank"">Príklady a API klientskeho skriptu</a>",
Dynamic Route,Dynamická trasa,
Map route parameters into form variables. Example <code>/project/&lt;name&gt;</code>,Mapovanie parametrov trasy do premenných formulára. Príklad <code>/project/&lt;name&gt;</code>,
Context Script,Kontextový skript,
"<p>Set context before rendering a template. Example:</p><p>\n</p><div><pre><code>\ncontext.project = frappe.get_doc(""Project"", frappe.form_dict.name)\n</code></pre></div>","<p>Nastavenie kontextu pred vykreslením šablóny. Príklad:</p><p>\n</p><div><pre><code>\ncontext.project = frappe.get_doc(""Project"", frappe.form_dict.name)\n</code></pre></div>",
Title of the page,Názov stránky,
This title will be used as the title of the webpage as well as in meta tags,"Tento názov sa použije ako názov webovej stránky, ako aj v meta značkách",
Makes the page public,Zverejní stránku,
Checking this will publish the page on your website and it'll be visible to everyone.,Po začiarknutí tejto možnosti sa stránka zverejní na vašom webe a bude viditeľná pre všetkých.,
URL of the page,Adresa URL stránky,
"This will be automatically generated when you publish the page, you can also enter a route yourself if you wish","Táto sa automaticky vygeneruje pri publikovaní stránky, ak chcete, môžete trasu zadať aj sami.",
Content type for building the page,Typ obsahu na vytvorenie stránky,
"You can select one from the following,","Môžete si vybrať jednu z nasledujúcich možností,",
Standard rich text editor with controls,Štandardný textový editor s ovládacími prvkami,
Github flavoured markdown syntax,Syntax markdown s príchuťou Github,
HTML with jinja support,HTML s podporou jinja,
Frappe page builder using components,Budovateľ stránok Frappe pomocou komponentov,
Checking this will show a text area where you can write custom javascript that will run on this page.,"Po začiarknutí tejto možnosti sa zobrazí textová oblasť, do ktorej môžete napísať vlastný javascript, ktorý sa spustí na tejto stránke.",
Meta title for SEO,Meta názov pre SEO,
"By default the title is used as meta title, adding a value here will override it.","V predvolenom nastavení sa nadpis používa ako meta nadpis, pridaním hodnoty tu sa prepíše.",
"The meta description is an HTML attribute that provides a brief summary of a web page. Search engines such as Google often display the meta description in search results, which can influence click-through rates.","Meta popis je atribút HTML, ktorý poskytuje stručné zhrnutie webovej stránky. Vyhľadávače, ako napríklad Google, často zobrazujú meta popis vo výsledkoch vyhľadávania, čo môže ovplyvniť mieru prekliku.",
"The meta image is unique image representing the content of the page. Images for this Card should be at least 280px in width, and at least 150px in height.",Metaobrázok je jedinečný obrázok reprezentujúci obsah stránky. Obrázky pre túto kartu by mali mať šírku aspoň 280px a výšku aspoň 150px.,
Add Space on Top,Pridanie priestoru na vrchole,
Add Space on Bottom,Pridať priestor na spodnej strane,
Is Unique,Je jedinečný,
User Agent,Používateľský agent,
Table Break,Prestávka na stole,
Hide Login,Skryť prihlásenie,
Navbar Template,Šablóna navigačného panela,
Navbar Template Values,Hodnoty šablóny navigačného panela,
Call To Action,Výzva na akciu,
Call To Action URL,Adresa URL výzvy na akciu,
Footer Logo,Logo v päte,
Footer Template,Šablóna päty,
Footer Template Values,Hodnoty šablóny päty,
Enable Tracking Page Views,Povolenie sledovania zobrazení stránky,
"Checking this will enable tracking page views for blogs, web pages, etc.","Začiarknutím tejto položky sa umožní sledovanie zobrazení stránok pre blogy, webové stránky atď.",
Disable Signup for your site,Zakázanie registrácie na vašej stránke,
Check this if you don't want users to sign up for an account on your site. Users won't get desk access unless you explicitly provide it.,"Túto možnosť začiarknite, ak nechcete, aby si používatelia na vašom webe vytvárali konto. Používatelia nedostanú prístup k stolu, ak im ho výslovne neposkytnete.",
URL to go to on clicking the slideshow image,"Adresa URL, na ktorú sa prejde po kliknutí na obrázok prezentácie",
Custom Overrides,Vlastné prepísania,
Ignored Apps,Ignorované aplikácie,
Include Theme from Apps,Zahrnúť tému z aplikácií,
Website Theme Ignore App,Téma webovej stránky Ignorovať aplikáciu,
Are you sure you want to save this document?,"Ste si istí, že chcete tento dokument uložiť?",
Refresh All,Obnoviť všetko,
"Level 0 is for document level permissions, higher levels for field level permissions.","Úroveň 0 je určená pre oprávnenia na úrovni dokumentu, vyššie úrovne pre oprávnenia na úrovni polí.",
Website Analytics,Analýza webových stránok,
d,d,Days (Field: Duration)
h,h,Hours (Field: Duration)
m,m,Minutes (Field: Duration)
s,s,Seconds (Field: Duration)
Less,Menej,
Not a valid DocType view:,Nie je platným zobrazením typu DocType:,
Unknown View,Neznámy pohľad,
Go Back,Späť,
Let's take you back to onboarding,Vráťme sa späť k nástupu na palubu,
Great Job,Skvelá práca,
Looks Great,Vyzerá skvele,
Looks like you didn't change the value,"Vyzerá to, že ste nezmenili hodnotu",
Oops,Oops,
Skip Step,Preskočiť krok,
"You're doing great, let's take you back to the onboarding page.","Ide vám to skvele, vrátime vás na stránku s úvodnou informáciou.",
Good Work 🎉,Dobrá práca 🎉,
Submit this document to complete this step.,Odoslaním tohto dokumentu tento krok dokončíte.,
Great,Skvelé,
You may continue with onboarding,Môžete pokračovať v onboardingu,
You seem good to go!,"Zdá sa, že môžete ísť!",
Onboarding Complete,Onboarding dokončený,
{0} Settings,{0} Nastavenia,
{0} Fields,{0} Polia,
Reset Fields,Obnovenie polí,
Select Fields,Vybrať polia,
Warning: Unable to find {0} in any table related to {1},Varovanie: Nie je možné nájsť {0} v žiadnej tabuľke týkajúcej sa {1},
Tree view is not available for {0},Zobrazenie stromu nie je k dispozícii pre {0},
Create Card,Vytvoriť kartu,
Card Label,Štítok na karte,
Reports already in Queue,"Správy, ktoré sú už v čakacej listine",
Proceed Anyway,Pokračujte v každom prípade,
Delete and Generate New,Odstránenie a generovanie nových,
1 Report,1 Správa,
{0} ({1}) (1 row mandatory),{0} ({1}) (povinný 1 riadok),
Select Fields To Insert,Výber polí na vloženie,
Select Fields To Update,"Vyberte polia, ktoré chcete aktualizovať",
"This document is already amended, you cannot ammend it again","Tento dokument je už zmenený a doplnený, nemôžete ho zmeniť a doplniť znova",
Add to ToDo,Pridať k úlohám,
{0} is currently {1},{0} je v súčasnosti {1},
{0} are currently {1},{0} sú v súčasnosti {1},
Currently Replying,Momentálne odpovedá,
created {0},vytvorené {0},
Change,Zmena,Coins
Too Many Requests,Príliš veľa požiadaviek,
"Invalid Authorization headers, add a token with a prefix from one of the following: {0}.","Neplatné hlavičky autorizácie, pridajte token s prefixom z jednej z nasledujúcich možností: {0}.",
"Invalid Authorization Type {0}, must be one of {1}.","Neplatný typ autorizácie {0}, musí byť jeden z {1}.",
{} is not a valid date string.,{} nie je platný dátumový reťazec.,
Invalid Date,Neplatný dátum,
Please select a valid date filter,Vyberte platný dátumový filter,
Value {0} must be in the valid duration format: d h m s,Hodnota {0} musí byť v platnom formáte trvania: d h m s,
Google Sheets URL is invalid or not publicly accessible.,Adresa URL hárkov Google je neplatná alebo nie je verejne prístupná.,
"Google Sheets URL must end with ""gid={number}"". Copy and paste the URL from the browser address bar and try again.","Adresa URL hárkov Google musí končiť ""gid={číslo}"". Skopírujte a vložte adresu URL z adresného riadka prehliadača a skúste to znova.",
Incorrect URL,Nesprávna adresa URL,
"""{0}"" is not a valid Google Sheets URL","""{0}"" nie je platná adresa URL hárkov Google",
Duplicate Name,Duplicitný názov,
"Please check the value of ""Fetch From"" set for field {0}","Skontrolujte hodnotu ""Fetch From"" nastavenú pre pole {0}",
Wrong Fetch From value,Nesprávna hodnota Fetch From,
A field with the name '{}' already exists in doctype {}.,Pole s názvom '{}' už existuje v doctype {}.,
Custom Field {0} is created by the Administrator and can only be deleted through the Administrator account.,Vlastné pole {0} vytvára správca a možno ho vymazať len prostredníctvom účtu správcu.,
Failed to send {0} Auto Email Report,Nepodarilo sa odoslať {0} automatickú e-mailovú správu,
Test email sent to {0},Testovací e-mail odoslaný na adresu {0},
Email queued to {0} recipients,E-mail zaradený do fronty pre {0} príjemcov,
Newsletter should have at least one recipient,Newsletter by mal mať aspoň jedného príjemcu,
Please enable Twilio settings to send WhatsApp messages,Povoľte prosím nastavenia Twilio na odosielanie správ WhatsApp,
"Not allowed to attach {0} document, please enable Allow Print For {0} in Print Settings","Nie je povolené pripojiť {0} dokument, povoľte prosím tlač pre {0} v nastaveniach tlače",
Signup Disabled,Zakázaná registrácia,
Signups have been disabled for this website.,Prihlasovanie na tejto webovej stránke bolo zakázané.,
Open Document,Otvoriť dokument,
The comment cannot be empty,Komentár nemôže byť prázdny,
Hourly comment limit reached for: {0},Hodinový limit komentárov dosiahnutý pre: {0},
Please add a valid comment.,Pridajte prosím platný komentár.,
Document {0} Already Restored,Dokument {0} Už obnovený,
Restoring Deleted Document,Obnovenie odstráneného dokumentu,
{function} of {fieldlabel},{funkcia} z {značka poľa},
Invalid template file for import,Neplatný súbor šablóny pre import,
Invalid or corrupted content for import,Neplatný alebo poškodený obsah na import,
Value {0} must in {1} format,Hodnota {0} musí byť vo formáte {1},
{0} is a mandatory field asdadsf,{0} je povinné pole asdadsf,
Could not map column {0} to field {1},Nepodarilo sa namapovať stĺpec {0} na pole {1},
Skipping Duplicate Column {0},Preskočenie duplicitného stĺpca {0},
The column {0} has {1} different date formats. Automatically setting {2} as the default format as it is the most common. Please change other values in this column to this format.,"Stĺpec {0} má {1} rôznych formátov dátumu. Automaticky sa nastaví {2} ako predvolený formát, pretože je najbežnejší. Zmeňte ostatné hodnoty v tomto stĺpci na tento formát.",
You have reached the hourly limit for generating password reset links. Please try again later.,Dosiahli ste hodinový limit na generovanie odkazov na obnovenie hesla. Skúste to prosím neskôr.,
Please hide the standard navbar items instead of deleting them,Skryte štandardné položky navigačného panela namiesto ich odstránenia,
DocType's name should not start or end with whitespace,Názov DocType by nemal začínať ani končiť bielymi znakmi,
File name cannot have {0},Názov súboru nemôže mať {0},
{0} is not a valid file url,{0} nie je platná url adresa súboru,
Error Attaching File,Chyba pri pripájaní súboru,
Please generate keys for the Event Subscriber User {0} first.,Najprv vygenerujte kľúče pre používateľa účastníka udalosti {0}.,
Please set API Key and Secret on the producer and consumer sites first.,Najprv nastavte kľúč API a tajomstvo na stránkach výrobcu a spotrebiteľa.,
User {0} not found on the producer site,Používateľ {0} nebol nájdený na stránke výrobcu,
Event Subscriber has to be a System Manager.,Odberateľ udalostí musí byť správcom systému.,
Row #{0}: Invalid Local Fieldname,Riadok #{0}: Invalid Local Fieldname,
Row #{0}: Please set Mapping or Default Value for the field {1} since its a dependency field,"Riadok #{0}: Prosím, nastavte mapovanie alebo predvolenú hodnotu pre pole {1}, pretože je to závislé pole",
Row #{0}: Please set remote value filters for the field {1} to fetch the unique remote dependency document,"Riadok #{0}: Prosím, nastavte filtre vzdialených hodnôt pre pole {1}, aby ste získali jedinečný dokument vzdialenej závislosti",
Paytm payment gateway settings,Nastavenia platobnej brány Paytm,
"Company, Fiscal Year and Currency defaults","Nedodržanie záväzkov spoločnosti, fiškálneho roka a meny",
Razorpay Signature Verification Failed,Overenie podpisu Razorpay zlyhalo,
Google Drive - Could not locate - {0},Disk Google - Nepodarilo sa nájsť - {0},
"Sync token was invalid and has been resetted, Retry syncing.","Synchronizačný token bol neplatný a bol resetovaný, opakujte synchronizáciu.",
Please select another payment method. Paytm does not support transactions in currency '{0}',Vyberte si iný spôsob platby. Paytm nepodporuje transakcie v mene '{0}',
Invalid Account SID or Auth Token.,Neplatný identifikátor účtu SID alebo autentifikačný token.,
Please enable twilio settings before sending WhatsApp messages,Pred odoslaním správ WhatsApp povoľte nastavenia twilio,
Delivery Failed,Doručenie zlyhalo,
Twilio WhatsApp Message Error,Chyba správy Twilio WhatsApp,
A featured post must have a cover image,Odporúčaný príspevok musí mať titulný obrázok,
Load More,Načítať viac,
Published on,Uverejnené dňa,
Enable developer mode to create a standard Web Template,Povolenie režimu pre vývojárov na vytvorenie štandardnej webovej šablóny,
Was this article helpful?,Bol tento článok užitočný?,
Thank you for your feedback!,Ďakujeme za vašu spätnú väzbu!,
New Mention on {0},Nová zmienka o {0},
Assignment Update on {0},Aktualizácia priradenia na {0},
New Document Shared {0},Nový zdieľaný dokument {0},
Energy Point Update on {0},Aktualizácia energetického bodu na {0},
You cannot create a dashboard chart from single DocTypes,Nemôžete vytvoriť graf prístrojovej dosky z jednotlivých typov dokumentov DocTypes,
Invalid json added in the custom options: {0},Neplatný json pridaný do vlastných možností: {0},
Invalid JSON in card links for {0},Neplatný JSON v prepojeniach kariet pre {0},
Standard Not Set,Norma nie je stanovená,
Please set the following documents in this Dashboard as standard first.,Najskôr nastavte nasledujúce dokumenty v tomto prístrojovom paneli ako štandardné.,
Shared with the following Users with Read access:{0},Zdieľané s týmito používateľmi s prístupom na čítanie:{0},
Already in the following Users ToDo list:{0},Už v nasledujúcom zozname úloh užívateľov:{0},
Your assignment on {0} {1} has been removed by {2},Vaše zadanie na {0} {1} bolo odstránené {2},
Invalid Credentials,Neplatné poverenia,
Print UOM after Quantity,Tlač UOM po množstve,
Uncaught Server Exception,Nezachytená výnimka servera,
There was an error building this page,Pri vytváraní tejto stránky došlo k chybe,
Hide Traceback,Skryť spätnú väzbu,
Value from this field will be set as the due date in the ToDo,Hodnota z tohto poľa sa nastaví ako dátum splatnosti v poli ToDo,
New module created {0},Vytvorený nový modul {0},
"Report has no numeric fields, please change the Report Name","Správa nemá žiadne číselné polia, zmeňte názov správy",
There are documents which have workflow states that do not exist in this Workflow. It is recommended that you add these states to the Workflow and change their states before removing these states.,"Existujú dokumenty, ktoré majú stavy pracovného postupu, ktoré v tomto pracovnom postupe neexistujú. Pred odstránením týchto stavov sa odporúča pridať tieto stavy do pracovného postupu a zmeniť ich stavy.",
Worflow States Don't Exist,Worflow štáty neexistujú,
Save Anyway,Uložiť v každom prípade,
Energy Points:,Energetické body:,
Review Points:,Kontrolné body:,
Rank:,Poradie:,
Monthly Rank:,Mesačný rebríček:,
Invalid expression set in filter {0} ({1}),Neplatný výraz nastavený vo filtri {0} ({1}),
Invalid expression set in filter {0},Neplatný výraz nastavený vo filtri {0},
{0} {1} added to Dashboard {2},{0} {1} pridané na prístrojovú dosku {2},
Set Filters for {0},Nastavenie filtrov pre {0},
Not permitted to view {0},Nie je povolené zobrazenie {0},
Camera,Fotoaparát,
Invalid filter: {0},Neplatný filter: {0},
Let's Get Started,Začnime,
Reports & Masters,Správy a majstri,
New {0} {1} added to Dashboard {2},Na prístrojovú dosku bolo pridané nové {0} {1} {2},
New {0} {1} created,Vytvorený nový {0} {1},
New {0} Created,Vytvorené nové {0},
"Invalid ""depends_on"" expression set in filter {0}","Neplatný výraz ""depends_on"" nastavený vo filtri {0}",
{0} Reports,{0} Správy,
There is {0} with the same filters already in the queue:,Vo fronte je už {0} s rovnakými filtrami:,
There are {0} with the same filters already in the queue:,Vo fronte je už {0} s rovnakými filtrami:,
Are you sure you want to generate a new report?,"Ste si istí, že chcete vygenerovať novú správu?",
{0}: {1} vs {2},{0}: {1} vs {2},
Add a {0} Chart,Pridanie grafu {0},
Currently you have {0} review points,V súčasnosti máte {0} bodov za hodnotenie,
{0} is not a valid DocType for Dynamic Link,{0} nie je platný DocType pre Dynamic Link,
via Assignment Rule,prostredníctvom pravidla priradenia,
Based on Field,Na základe oblasti,
Assign to the user set in this field,Priradenie k používateľovi nastavenému v tomto poli,
Log Setting User,Používateľ nastavenia protokolu,
Log Settings,Nastavenia denníka,
Error Log Notification,Upozornenie na chyby v denníku,
Users To Notify,"Používatelia, ktorých chcete upozorniť",
Log Cleanup,Čistenie protokolov,
Clear Error log After,Vymazať protokol chýb Po,
Clear Activity Log After,Vymazať protokol činnosti po,
Clear Email Queue After,Vyčistiť e-mailovú frontu po,
Please save to edit the template.,"Ak chcete upraviť šablónu, uložte ju.",
Google Analytics Anonymize IP,Anonymizácia IP adresy v službe Google Analytics,
Incorrect email or password. Please check your login credentials.,Nesprávny e-mail alebo heslo. Skontrolujte svoje prihlasovacie údaje.,
Incorrect Configuration,Nesprávna konfigurácia,
You are not allowed to delete Standard Report,Štandardnú správu nie je možné vymazať,
You have unseen {0},Nevidel si {0},
Log cleanup and notification configuration,Konfigurácia čistenia protokolov a oznámení,
State/Province,Štát/provincia,
Document Actions,Akcie dokumentu,
Document Links,Odkazy na dokumenty,
List Settings,Nastavenia zoznamu,
Cannot delete standard link. You can hide it if you want,"Nie je možné odstrániť štandardné prepojenie. Ak chcete, môžete ho skryť",
Cannot delete standard action. You can hide it if you want,"Nie je možné odstrániť štandardnú akciu. Ak chcete, môžete ju skryť",
Applied On,Aplikované na,
Row Name,Názov riadku,
For DocType Link / DocType Action,Pre prepojenie typu DocType / akciu typu DocType,
Cannot edit filters for standard charts,Nie je možné upraviť filtre pre štandardné grafy,
Event Producer Last Update,Producent podujatia Posledná aktualizácia,
Default for 'Check' type of field {0} must be either '0' or '1',"Predvolená hodnota pre typ ""Check"" poľa {0} musí byť buď ""0"" alebo ""1"".",
Non Negative,Nezávisle od negatívneho,
Rules with higher priority number will be applied first.,Pravidlá s vyššou prioritou sa použijú ako prvé.,
Open URL in a New Tab,Otvorenie adresy URL na novej karte,
Align Right,Zarovnať doprava,
Loading Filters...,Načítanie filtrov...,
Count Customizations,Prispôsobenia počítania,
For Example: {} Open,Napríklad: {} Otvoriť,
Choose Existing Card or create New Card,Vyberte si existujúcu kartu alebo vytvorte novú kartu,
Number Cards,Číselné karty,
Function Based On,Funkcia založená na,
Add Filters,Pridanie filtrov,
Skip,Vynechať,
Dismiss,Odmietnuť,
Value cannot be negative for,Hodnota nemôže byť záporná pre,
Value cannot be negative for {0}: {1},Hodnota nemôže byť záporná pre {0}: {1},
Negative Value,Záporná hodnota,
Authentication failed while receiving emails from Email Account: {0}.,Pri prijímaní e-mailov z e-mailového konta zlyhalo overovanie: {0}.,
Message from server: {0},Správa zo servera: {0},
Add Row,Pridať riadok,
Analytics,Analytika,
Anonymous,Anonymný,
Author,Autor,
Basic,Základné,
Billing,Fakturácia,
Contact Details,Kontaktné údaje,
Datetime,Dátum,
Enable,Povolenie stránky,
Event,Udalosť,
Full,Úplný,
Insert,Vložte,
Interests,Záujmy,
Language Name,Názov jazyka,
License,Licencia,
Limit,Limit,
Log,Log,
Meeting,Stretnutie,
My Account,Moje konto,
Newsletters,Novinky,
Password,Heslo,
Pincode,Pincode,
Please select prefix first,Najskôr vyberte predponu,
Please set Email Address,Nastavte e-mailovú adresu,
Please set the series to be used.,"Nastavte sériu, ktorá sa má použiť.",
Portal Settings,Nastavenia portálu,
Reference Owner,Referenčný vlastník,
Region,Región,
Report Builder,Tvorca správ,
Sample,Vzorka,
Saved,Uložené,
Series {0} already used in {1},Séria {0} už použitá v {1},
Set as Default,Nastaviť ako predvolené,
Shipping,Preprava,
Standard,Štandard,
Test,Test,
Traceback,Spätné sledovanie,
Unable to find DocType {0},Nie je možné nájsť typ DocType {0},
Weekdays,Pracovné dni,
Workflow,Pracovný postup,
You need to be logged in to access this page,Na prístup na túto stránku musíte byť prihlásený,
County,Okres,
Images,Obrázky,
Office,Kancelária,
Passive,Pasívne,
Permanent,Trvalé,
Plant,Rastlina,
Postal,Pošta,
Previous,Predchádzajúci,
Shop,Obchod,
Subsidiary,Dcérska spoločnosť,
There is some problem with the file url: {0},S url adresou súboru je nejaký problém: {0},
"Special Characters except '-', '#', '.', '/', '{{' and '}}' not allowed in naming series {0}","Špeciálne znaky okrem '-', '#', '.', '/', '{{' a '}}' nie sú povolené v sérii názvov {0}",
Export Type,Typ exportu,
Last Sync On,Zapnutá posledná synchronizácia,
Webhook Secret,Tajomstvo webového háčika,
Back to Home,Späť na Domov,
Customize,Prispôsobenie stránky,
Edit Profile,Upraviť profil,
File Manager,Správca súborov,
Invite as User,Pozvať ako používateľa,
Newsletter,Newsletter,
Printing,Tlač,
Publish,Publikovať,
Refreshing,Osviežujúce,
Select All,Vybrať všetko,
Set,Nastavenie,
Setup Wizard,Sprievodca nastavením,
Update Details,Aktualizácia podrobností,
You,Vy,
{0} Name,{0} Názov,
Bold,Odvážne,
Center,Stredisko,
Comment,Komentár,
Not Found,Nenájdené,
User Id,Id používateľa,
Position,Pozícia,
Crop,Plodiny,
Topic,Téma,
Public Transport,Verejná doprava,
Request Data,Žiadosť o údaje,
Steps,Kroky,
Reference DocType,Odkaz DocType,
Select Transaction,Vybrať transakciu,
Help HTML,Pomocník HTML,
Series List for this Transaction,Zoznam sérií pre túto transakciu,
User must always select,Používateľ musí vždy vybrať,
Check this if you want to force the user to select a series before saving. There will be no default if you check this.,"Začiarknite túto možnosť, ak chcete používateľa prinútiť, aby pred uložením vybral sériu. Ak túto možnosť zaškrtnete, nebude predvolené nastavenie žiadne.",
Prefix,Predpona,
This is the number of the last created transaction with this prefix,Toto je číslo poslednej vytvorenej transakcie s týmto prefixom,
Update Series Number,Aktualizácia čísla série,
Validation Error,Chyba pri overovaní,
Andaman and Nicobar Islands,Andamanské a Nikobarské ostrovy,
Andhra Pradesh,Andhra Pradesh,
Arunachal Pradesh,Arunáčalpradéš,
Assam,Assam,
Bihar,Bihár,
Chandigarh,Chandigarh,
Chhattisgarh,Chhattisgarh,
Dadra and Nagar Haveli,Dadra a Nagar Haveli,
Daman and Diu,Daman a Diu,
Delhi,Dillí,
Goa,Goa,
Gujarat,Gudžarát,
Haryana,Haryana,
Himachal Pradesh,Himáčalpradéš,
Jammu and Kashmir,Džammú a Kašmír,
Jharkhand,Džhárkhand,
Karnataka,Karnataka,
Kerala,Kerala,
Lakshadweep Islands,Ostrovy Lakshadweep,
Madhya Pradesh,Madhjapradéš,
Maharashtra,Maháraštra,
Manipur,Manipur,
Meghalaya,Meghalaya,
Mizoram,Mizoram,
Nagaland,Nagaland,
Odisha,Odisha,
Other Territory,Iné územie,
Pondicherry,Pondicherry,
Punjab,Pandžáb,
Rajasthan,Radžastan,
Sikkim,Sikkim,
Tamil Nadu,Tamil Nadu,
Telangana,Telangana,
Tripura,Tripura,
Uttar Pradesh,Uttarpradéš,
Uttarakhand,Uttarakhand,
West Bengal,Západné Bengálsko,
Published on,Uverejnené dňa,
Bottom,Spodná časť,
Top,Top,
